Workbook
Name Apr: #REF!
Name Apr: #REF!
Name Aug: #REF!
Name Aug: #REF!
Name Dec: #REF!
Name Dec: #REF!
Name Feb: #REF!
Name Feb: #REF!
Name Jan: Apr!$B$1:$R$59
Name Jan: Aug!$B$1:$R$73
Name Jan: Dec!$B$1:$R$63
Name Jan: Feb!$B$1:$R$65
Name Jan: Jan!$B$1:$R$66
Name Jan: Jul!$B$1:$R$66
Name Jan: Jun!$B$1:$R$62
Name Jan: Mar!$B$1:$R$67
Name Jan: May!$B$1:$R$68
Name Jan: Nov!$B$1:$R$75
Name Jan: Oct!$B$1:$R$76
Name Jan: #REF!
Name Jan: Sept!$B$1:$R$60
Name Jan: #REF!
Name July: #REF!
Name July: #REF!
Name June: Apr!$B$1:$R$59
Name June: Aug!$B$1:$R$73
Name June: Dec!$B$1:$R$63
Name June: Feb!$B$1:$R$65
Name June: Jan!$B$1:$R$66
Name June: Jul!$B$1:$R$66
Name June: Jun!$B$1:$R$62
Name June: Mar!$B$1:$R$67
Name June: May!$B$1:$R$68
Name June: Nov!$B$1:$R$75
Name June: Oct!$B$1:$R$76
Name June: #REF!
Name June: Sept!$B$1:$R$60
Name June: #REF!
Name Mar: #REF!
Name Mar: #REF!
Name May: #REF!
Name May: #REF!
Name Nov: #REF!
Name Nov: #REF!
Name Oct: #REF!
Name Oct: #REF!
Name Sept: #REF!
Name Sept: #REF!
Name Summary: 'Monthly summary loss'!$A$1:$Y$44

Sheet Print
E1: PRINT BUTTONS (click to print)
B3: Mthly Report | D3: Pareto Charts | F3: Mthly Report | H3: Pareto Charts

Sheet Monthly summary loss
L2: Monthly Operating Report
K3: Bottling Line Downtime - Monthly Summary 2026
A5: Month | E5: Delays(hours)
B6: Operator Errors | C6: Change Over | D6: Product Delay | E6: Low Air Pressure | F6: Low CO2 Pressure | G6: Low Water Pressure | H6: Low Steam Pressure | I6: Uncaser | J6: Washer | K6: EBI | L6: Filler | M6: Pasteuriser | N6: Labeller | O6: Videojet (Coder) | P6: Conveyors | Q6: Packer | R6: Carton Errector | S6: Crate Rinser | T6: Other Explained | U6: Other Unexplained | V6: Bottle Supply | W6: Space Availability | X6: Total Downtime | Y6: Avg. monthly downtime (YTD) | AA6: Hls Bottled
A7: Jan | B7: =Jan!$H$61/60 -> 2.1833333 | C7: =Jan!$I$61/60 -> 21.583333 | D7: =Jan!$J$61/60 -> 9.55 | E7: =Jan!$K$61/60 -> 0.23333333 | F7: =Jan!$L$61/60 -> 0.26666667 | G7: =Jan!$M$61/60 -> 1.35 | H7: =Jan!$N$61/60 -> 0 | I7: =Jan!$O$61/60 -> 9.3833333 | J7: =Jan!$P$61/60 -> 21.366667 | K7: =Jan!$Q$61/60 -> 7.4333333 | L7: =Jan!$R$61/60 -> 4.6166667 | M7: =Jan!$S$61/60 -> 14.416667 | N7: =Jan!$T$61/60 -> 3.4 | O7: =Jan!$U$61/60 -> 1.9166667 | P7: =Jan!$V$61/60 -> 101.28333 | Q7: =Jan!$W$61/60 -> 1.2166667 | R7: =Jan!$X$61/60 -> 0 | S7: =Jan!$Y$61/60 -> 0 | T7: =Jan!$Z$61/60 -> 43.933333 | U7: =Jan!$AA$61/60 -> 0.85 | V7: =Jan!$AB$61/60 -> 5.3833333 | W7: =Jan!$AC$61/60 -> 0 | X7: =SUM(B7:W7) -> 250.36667 | Y7: =+AVERAGE($X$7:X7) -> 250.36667
A8: Feb | B8: =Feb!H$60/60 -> 0.25 | C8: =Feb!I$60/60 -> 18.266667 | D8: =Feb!J$60/60 -> 11.316667 | E8: =Feb!K$60/60 -> 0.76666667 | F8: =Feb!L$60/60 -> 0.61666667 | G8: =Feb!M$60/60 -> 1.9833333 | H8: =Feb!N$60/60 -> 6 | I8: =Feb!O$60/60 -> 32.75 | ... W8: =Feb!AC$60/60 -> 0 | X8: =SUM(B8:W8) -> 234.76667 | Y8: =+AVERAGE($X$7:X8) -> 242.56667
A9: Mar | B9: =Mar!H$62/60 -> 0.75 | C9: =Mar!I$62/60 -> 20.866667 | D9: =Mar!J$62/60 -> 7.5166667 | E9: =Mar!K$62/60 -> 3.7333333 | F9: =Mar!L$62/60 -> 0.23333333 | G9: =Mar!M$62/60 -> 1.2166667 | H9: =Mar!N$62/60 -> 1.15 | I9: =Mar!O$62/60 -> 12.9 | ... W9: =Mar!AC$62/60 -> 0 | X9: =SUM(B9:W9) -> 227.2 | Y9: =+AVERAGE($X$7:X9) -> 237.44444
A10: Apr | B10: =Apr!H$54/60 -> 0.95 | C10: =Apr!I$54/60 -> 21.883333 | D10: =Apr!J$54/60 -> 6.2 | E10: =Apr!K$54/60 -> 0.33333333 | F10: =Apr!L$54/60 -> 1.35 | G10: =Apr!M$54/60 -> 0 | H10: =Apr!N$54/60 -> 2.9166667 | I10: =Apr!O$54/60 -> 7.2666667 | ... W10: =Apr!AC$54/60 -> 0 | X10: =SUM(B10:W10) -> 208.18333 | Y10: =+AVERAGE($X$7:X10) -> 230.12917
A11: May | B11: =May!H$63/60 -> 0 | C11: =May!I$63/60 -> 22.166667 | D11: =May!J$63/60 -> 12.483333 | E11: =May!K$63/60 -> 0.05 | F11: =May!L$63/60 -> 0.91666667 | G11: =May!M$63/60 -> 0.1 | H11: =May!N$63/60 -> 0 | I11: =May!O$63/60 -> 6.9666667 | ... W11: =May!AC$63/60 -> 0 | X11: =SUM(B11:W11) -> 141.23333 | Y11: =+AVERAGE($X$7:X11) -> 212.35
A12: Jun | B12: =Jun!H$57/60 -> 0.31666667 | C12: =Jun!I$57/60 -> 9.75 | D12: =Jun!J$57/60 -> 2.6666667 | E12: =Jun!K$57/60 -> 1.15 | F12: =Jun!L$57/60 -> 1.5666667 | G12: =Jun!M$57/60 -> 0.65 | H12: =Jun!N$57/60 -> 0 | I12: =Jun!O$57/60 -> 1.4166667 | ... W12: =Jun!AC$57/60 -> 0 | X12: =SUM(B12:W12) -> 95.816667 | Y12: =+AVERAGE($X$7:X12) -> 192.92778
A13: Jul | B13: =Jul!H$61/60 -> 0.51666667 | C13: =Jul!I$61/60 -> 25.483333 | D13: =Jul!J$61/60 -> 39.35 | E13: =Jul!K$61/60 -> 0 | F13: =Jul!L$61/60 -> 3.4 | G13: =Jul!M$61/60 -> 0.96666667 | H13: =Jul!N$61/60 -> 0 | I13: =Jul!O$61/60 -> 5.4 | ... W13: =Jul!AC$61/60 -> 0.15 | X13: =SUM(B13:W13) -> 264.51667 | Y13: =+AVERAGE($X$7:X13) -> 203.15476
A14: Aug | B14: =Aug!H$68/60 -> 2.05 | C14: =Aug!I$68/60 -> 22.183333 | D14: =Aug!J$68/60 -> 6.35 | E14: =Aug!K$68/60 -> 1.9 | F14: =Aug!L$68/60 -> 1.2166667 | G14: =Aug!M$68/60 -> 0.86666667 | H14: =Aug!N$68/60 -> 0 | I14: =Aug!O$68/60 -> 6.0666667 | ... M14: =Aug!S$68/60 -> 13.216667 | N14: =Aug!T68/60 -> 19.183333 | O14: =Aug!U$68/60 -> 1.3833333 | P14: =Aug!V$68/60 -> 12.916667 | Q14: =Aug!W$68/60 -> 2.45 | R14: =Aug!X$68/60 -> 2.9666667 | S14: =Aug!Y$68/60 -> 0 | T14: =Aug!Z$68/60 -> 17.783333 | U14: =Aug!AA$68/60 -> 0.05 | V14: =Aug!AB$68/60 -> 8.7833333 | W14: =Aug!AC$68/60 -> 4.5166667 | X14: =SUM(B14:W14) -> 156.08333 | Y14: =+AVERAGE($X$7:X14) -> 197.27083
A15: Sep | B15: =Sept!H$55/60 -> 0.63333333 | C15: =Sept!I$55/60 -> 16.683333 | D15: =Sept!J$55/60 -> 18.316667 | E15: =Sept!K$55/60 -> 0.85 | F15: =Sept!L$55/60 -> 0.45 | G15: =Sept!M$55/60 -> 0 | H15: =Sept!N$55/60 -> 1.4666667 | I15: =Sept!O$55/60 -> 4.2166667 | ... W15: =Sept!AC$55/60 -> 0 | X15: =SUM(B15:W15) -> 129.63333 | Y15: =+AVERAGE($X$7:X15) -> 189.75556
A16: Oct | B16: =Oct!H$71/60 -> 0 | C16: =Oct!I$71/60 -> 0 | D16: =Oct!J$71/60 -> 0 | E16: =Oct!K$71/60 -> 0 | F16: =Oct!L$71/60 -> 0 | G16: =Oct!M$71/60 -> 0 | H16: =Oct!N$71/60 -> 0 | I16: =Oct!O$71/60 -> 0 | ... W16: =Oct!AC$71/60 -> 0 | X16: =SUM(B16:W16) -> 0.45 | Y16: =+AVERAGE($X$7:X16) -> 170.825
A17: Nov | B17: =Nov!H$70/60 -> 0 | C17: =Nov!I$70/60 -> 0 | D17: =Nov!J$70/60 -> 0 | E17: =Nov!K$70/60 -> 0 | F17: =Nov!L$70/60 -> 0 | G17: =Nov!M$70/60 -> 0 | H17: =Nov!N$70/60 -> 0 | I17: =Nov!O$70/60 -> 0 | ... W17: =Nov!AC$70/60 -> 0 | X17: =SUM(B17:W17) -> 0 | Y17: =+AVERAGE($X$7:X17) -> 155.29545
A18: Dec | B18: =Dec!H$58/60 -> 0 | C18: =Dec!I$58/60 -> 0 | D18: =Dec!J$58/60 -> 0 | E18: =Dec!K$58/60 -> 0 | F18: =Dec!L$58/60 -> 0 | G18: =Dec!M$58/60 -> 0 | H18: =Dec!N$58/60 -> 0 | I18: =Dec!O$58/60 -> 0 | ... W18: =Dec!AC$58/60 -> 0 | X18: =SUM(B18:W18) -> 0 | Y18: =+AVERAGE($X$7:X18) -> 142.35417
A19: YTD | B19: =SUM(B7:B18) -> 7.65 | C19: =SUM(C7:C18) -> 178.86667 | D19: =SUM(D7:D18) -> 113.75 | E19: =SUM(E7:E18) -> 9.0166667 | F19: =SUM(F7:F18) -> 10.016667 | G19: =SUM(G7:G18) -> 7.1333333 | H19: =SUM(H7:H18) -> 11.533333 | I19: =SUM(I7:I18) -> 86.366667 | ... X19: =SUM(X7:X18) -> 1708.25 | AA19: =SUM(AA7:AA18) -> 0
A21: YTD% | B21: =(B19/$X19) -> 0.0044782672 | C21: =(C19/$X19) -> 0.10470755 | D21: =(D19/$X19) -> 0.066588614 | E21: =(E19/$X19) -> 0.0052783063 | F21: =(F19/$X19) -> 0.0058637007 | G21: =(G19/$X19) -> 0.0041758135 | H21: =(H19/$X19) -> 0.0067515489 | I21: =(I19/$X19) -> 0.050558564 | ... W21: =(W19/$X19) -> 0.0027318406
B23: =B15/$X$15 -> 0.0048855747 | C23: =C15/$X$15 -> 0.12869632 | D23: =D15/$X$15 -> 0.14129596 | E23: =E15/$X$15 -> 0.0065569555 | F23: =F15/$X$15 -> 0.0034713294 | G23: =G15/$X$15 -> 0 | H23: =H15/$X$15 -> 0.011313962 | I23: =I15/$X$15 -> 0.032527642 | ... W23: =W15/$X$15 -> 0
A43: Notes | M43: - 1 bottling is 300 hl | AA43: -Stops in excess of 5 minutes must be recorded
AA44: -All downtimes are relative to the filler

Sheet Pareto YTD

Sheet Pareto Data
C2: January | G2: February | H2: Feb | K2: March | L2: Mar | O2: April | P2: Apr
C3: Machines | D3: Percent | E3: Cumulative Percent | G3: Machines | H3: Percent | I3: Cumulative Percent | K3: Machines | L3: Percent | M3: Cumulative Percent | O3: Machines | P3: Percent | Q3: Cumulative Percent
C4: Washer | D4: ='Monthly summary loss'!$J$7/'Monthly summary loss'!$X$7 -> 0.085341499 | E4: =SUM(D$4:D4) -> 0.085341499 | G4: Washer | H4: ='Monthly summary loss'!$J8/'Monthly summary loss'!$X$8 -> 0.26068437 | I4: =SUM(H$4:H4) -> 0.26068437 | K4: Washer | L4: ='Monthly summary loss'!$J9/'Monthly summary loss'!$X9 -> 0.3070716 | M4: =SUM(L$4:L4) -> 0.3070716 | O4: Washer | P4: ='Monthly summary loss'!$J10/'Monthly summary loss'!$X10 -> 0.14210231 | Q4: =SUM(P$4:P4) -> 0.14210231
C5: Labeller | D5: ='Monthly summary loss'!$N$7/'Monthly summary loss'!$X$7 -> 0.013580083 | E5: =SUM(D$4:D5) -> 0.098921582 | G5: Change Over | H5: ='Monthly summary loss'!$C8/'Monthly summary loss'!$X$8 -> 0.077807752 | I5: =SUM(H$4:H5) -> 0.33849212 | K5: Product Delay | L5: ='Monthly summary loss'!$D9/'Monthly summary loss'!$X$9 -> 0.03308392 | M5: =SUM(L$4:L5) -> 0.34015552 | O5: Logistics Supply (bottles, crowns) | P5: ='Monthly summary loss'!$W10/'Monthly summary loss'!$X10 -> 0 | Q5: =SUM(P$4:P5) -> 0.14210231
C6: Filler | D6: ='Monthly summary loss'!$L$7/'Monthly summary loss'!$X$7 -> 0.018439622 | E6: =SUM(D$4:D6) -> 0.1173612 | G6: Labeller | H6: ='Monthly summary loss'!$N8/'Monthly summary loss'!$X$8 -> 0.012210706 | I6: =SUM(H$4:H6) -> 0.35070283 | K6: Conveyors | L6: ='Monthly summary loss'!$P9/'Monthly summary loss'!$X9 -> 0.059932512 | M6: =SUM(L$4:L6) -> 0.40008803 | O6: Labeller | P6: ='Monthly summary loss'!$N10/'Monthly summary loss'!$X10 -> 0.043311184 | Q6: =SUM(P$4:P6) -> 0.1854135
C7: Change Over | D7: ='Monthly summary loss'!$C$7/'Monthly summary loss'!$X$7 -> 0.086206897 | E7: =SUM(D$4:D7) -> 0.2035681 | G7: Product Delay | H7: ='Monthly summary loss'!$D8/'Monthly summary loss'!$X$8 -> 0.04820389 | I7: =SUM(H$4:H7) -> 0.39890672 | K7: EBI | L7: ='Monthly summary loss'!$K9/'Monthly summary loss'!$X9 -> 0.060372653 | M7: =SUM(L$4:L7) -> 0.46046068 | O7: Other Explained | P7: ='Monthly summary loss'!$T10/'Monthly summary loss'!$X10 -> 0.091425827 | Q7: =SUM(P$4:P7) -> 0.27683932
C8: Other Explained | D8: ='Monthly summary loss'!$T$7/'Monthly summary loss'!$X$7 -> 0.17547597 | E8: =SUM(D$4:D8) -> 0.37904407 | G8: Conveyors | H8: ='Monthly summary loss'!$P8/'Monthly summary loss'!$X$8 -> 0.080789436 | I8: =SUM(H$4:H8) -> 0.47969615 | K8: Change Over | L8: ='Monthly summary loss'!$C$9/'Monthly summary loss'!$X$9 -> 0.091842723 | M8: =SUM(L$4:L8) -> 0.5523034 | O8: Change Over | P8: ='Monthly summary loss'!$C$10/'Monthly summary loss'!$X$10 -> 0.10511568 | Q8: =SUM(P$4:P8) -> 0.38195501
C9: Product Delay | D9: ='Monthly summary loss'!$D$7/'Monthly summary loss'!$X$7 -> 0.038144055 | E9: =SUM(D$4:D9) -> 0.41718812 | G9: Filler | H9: ='Monthly summary loss'!$L8/'Monthly summary loss'!$X$8 -> 0.017819111 | I9: =SUM(H$4:H9) -> 0.49751526 | K9: Labeller | L9: ='Monthly summary loss'!$N9/'Monthly summary loss'!$X9 -> 0.021713615 | M9: =SUM(L$4:L9) -> 0.57401702 | O9: Filler | P9: ='Monthly summary loss'!$L10/'Monthly summary loss'!$X10 -> 0.21087183 | Q9: =SUM(P$4:P9) -> 0.59282684
C10: Conveyors | D10: ='Monthly summary loss'!$P$7/'Monthly summary loss'!$X$7 -> 0.40454001 | E10: =SUM(D$4:D10) -> 0.82172813 | G10: Low Steam Pressure | H10: ='Monthly summary loss'!$H8/'Monthly summary loss'!$X$8 -> 0.025557291 | I10: =SUM(H$4:H10) -> 0.52307255 | K10: Filler | L10: ='Monthly summary loss'!$L9/'Monthly summary loss'!$X9 -> 0.047975352 | M10: =SUM(L$4:L10) -> 0.62199237 | O10: Low Water Pressure | P10: ='Monthly summary loss'!$G10/'Monthly summary loss'!$X10 -> 0 | Q10: =SUM(P$4:P10) -> 0.59282684
C11: EBI | D11: ='Monthly summary loss'!$K$7/'Monthly summary loss'!$X$7 -> 0.029689788 | E11: =SUM(D$4:D11) -> 0.85141792 | G11: Other Explained | H11: ='Monthly summary loss'!$T8/'Monthly summary loss'!$X$8 -> 0.11216811 | I11: =SUM(H$4:H11) -> 0.63524066 | K11: Logistics Supply (bottles, crowns) | L11: ='Monthly summary loss'!$W$9/'Monthly summary loss'!$X$9 -> 0 | M11: =SUM(L$4:L11) -> 0.62199237 | O11: EBI | P11: ='Monthly summary loss'!$K10/'Monthly summary loss'!$X10 -> 0.052757986 | Q11: =SUM(P$4:P11) -> 0.64558482
C12: Low Water Pressure | D12: ='Monthly summary loss'!$G$7/'Monthly summary loss'!$X$7 -> 0.0053920916 | E12: =SUM(D$4:D12) -> 0.85681001 | G12: Low Water Pressure | H12: ='Monthly summary loss'!$G8/'Monthly summary loss'!$X$8 -> 0.0084481045 | I12: =SUM(H$4:H12) -> 0.64368877 | K12: Other Explained | L12: ='Monthly summary loss'!$T9/'Monthly summary loss'!$X9 -> 0.13556338 | M12: =SUM(L$4:L12) -> 0.75755575 | O12: Conveyors | P12: ='Monthly summary loss'!$P10/'Monthly summary loss'!$X10 -> 0.13729886 | Q12: =SUM(P$4:P12) -> 0.78288368
C13: Packer | D13: ='Monthly summary loss'!$Q$7/'Monthly summary loss'!$X$7 -> 0.0048595393 | E13: =SUM(D$4:D13) -> 0.86166955 | G13: Logistics Supply (bottles, crowns) | H13: ='Monthly summary loss'!W8/'Monthly summary loss'!$X$8 -> 0 | I13: =SUM(H$4:H13) -> 0.64368877 | K13: Pasteuriser | L13: ='Monthly summary loss'!$M9/'Monthly summary loss'!$X9 -> 0.044160798 | M13: =SUM(L$4:L13) -> 0.80171655 | O13: Uncaser | P13: ='Monthly summary loss'!$I10/'Monthly summary loss'!$X10 -> 0.034905132 | Q13: =SUM(P$4:P13) -> 0.81778881
C14: Pasteuiser | D14: ='Monthly summary loss'!$M$7/'Monthly summary loss'!$X$7 -> 0.057582213 | E14: =SUM(D$4:D14) -> 0.91925176 | G14: Packer | H14: ='Monthly summary loss'!$Q8/'Monthly summary loss'!$X$8 -> 0.013417578 | I14: =SUM(H$4:H14) -> 0.65710635 | K14: Low Water Pressure | L14: ='Monthly summary loss'!$G9/'Monthly summary loss'!$X9 -> 0.0053550469 | M14: =SUM(L$4:L14) -> 0.8070716 | O14: Low Air Pressure | P14: ='Monthly summary loss'!$E10/'Monthly summary loss'!$X10 -> 0.0016011528 | Q14: =SUM(P$4:P14) -> 0.81938996
C15: Low Air Pressure | D15: ='Monthly summary loss'!$E$7/'Monthly summary loss'!$X$7 -> 0.00093196645 | E15: =SUM(D$4:D15) -> 0.92018373 | G15: EBI | H15: ='Monthly summary loss'!$K8/'Monthly summary loss'!$X$8 -> 0.10805055 | I15: =SUM(H$4:H15) -> 0.76515689 | K15: Uncaser | L15: ='Monthly summary loss'!$I9/'Monthly summary loss'!$X9 -> 0.056778169 | M15: =SUM(L$4:L15) -> 0.86384977 | O15: Product Delay | P15: ='Monthly summary loss'!$D10/'Monthly summary loss'!$X$10 -> 0.029781443 | Q15: =SUM(P$4:P15) -> 0.8491714
C16: VideoJet (Coder) | D16: ='Monthly summary loss'!$O$7/'Monthly summary loss'!$X$7 -> 0.0076554387 | E16: =SUM(D$4:D16) -> 0.92783917 | G16: Low Air Pressure | H16: ='Monthly summary loss'!$E8/'Monthly summary loss'!$X$8 -> 0.0032656538 | I16: =SUM(H$4:H16) -> 0.76842255 | K16: Low Steam Pressure | L16: ='Monthly summary loss'!$H9/'Monthly summary loss'!$X9 -> 0.0050616197 | M16: =SUM(L$4:L16) -> 0.86891138 | O16: Low Steam Pressure | P16: ='Monthly summary loss'!$H10/'Monthly summary loss'!$X10 -> 0.014010087 | Q16: =SUM(P$4:P16) -> 0.86318149
C17: Logistics Supply (bottles, crowns) | D17: ='Monthly summary loss'!$W$7/'Monthly summary loss'!$X$7 -> 0 | E17: =SUM(D$4:D17) -> 0.92783917 | G17: Uncaser | H17: ='Monthly summary loss'!$I$8/'Monthly summary loss'!$X$8 -> 0.13950021 | I17: =SUM(H$4:H17) -> 0.90792276 | K17: VideoJet (Coder) | L17: ='Monthly summary loss'!$O9/'Monthly summary loss'!$X9 -> 0.0043280516 | M17: =SUM(L$4:L17) -> 0.87323944 | O17: Low CO2 Pressure | P17: ='Monthly summary loss'!$F10/'Monthly summary loss'!$X10 -> 0.006484669 | Q17: =SUM(P$4:P17) -> 0.86966616
C18: Low Steam Pressure | D18: ='Monthly summary loss'!$H$7/'Monthly summary loss'!$X$7 -> 0 | E18: =SUM(D$4:D18) -> 0.92783917 | G18: VideoJet (Coder) | H18: ='Monthly summary loss'!$O$8/'Monthly summary loss'!$X$8 -> 0.0045435184 | I18: =SUM(H$4:H18) -> 0.91246628 | K18: Packer | L18: ='Monthly summary loss'!$Q9/'Monthly summary loss'!$X9 -> 0.044014085 | M18: =SUM(L$4:L18) -> 0.91725352 | O18: Operator Errors | P18: ='Monthly summary loss'!$B$10/'Monthly summary loss'!$X$10 -> 0.0045632856 | Q18: =SUM(P$4:P18) -> 0.87422945
C19: Uncaser | D19: ='Monthly summary loss'!$I$7/'Monthly summary loss'!$X$7 -> 0.037478365 | E19: =SUM(D$4:D19) -> 0.96531753 | G19: Other Unexplained | H19: ='Monthly summary loss'!$U$8/'Monthly summary loss'!$X$8 -> 0.0029106915 | I19: =SUM(H$4:H19) -> 0.91537697 | K19: Low Air Pressure | L19: ='Monthly summary loss'!$E9/'Monthly summary loss'!$X9 -> 0.016431925 | M19: =SUM(L$4:L19) -> 0.93368545 | O19: Packer | P19: ='Monthly summary loss'!$Q10/'Monthly summary loss'!$X10 -> 0.048594988 | Q19: =SUM(P$4:P19) -> 0.92282443
C20: Operator Errors | D20: ='Monthly summary loss'!$B$7/'Monthly summary loss'!$X$7 -> 0.0087205432 | E20: =SUM(D$4:D20) -> 0.97403808 | G20: Operator Errors | H20: ='Monthly summary loss'!$B$8/'Monthly summary loss'!$X$8 -> 0.0010648871 | I20: =SUM(H$4:H20) -> 0.91644186 | K20: Operator Errors | L20: ='Monthly summary loss'!$B$9/'Monthly summary loss'!$X$9 -> 0.0033010563 | M20: =SUM(L$4:L20) -> 0.9369865 | O20: VideoJet (Coder) | P20: ='Monthly summary loss'!$O10/'Monthly summary loss'!$X10 -> 0.018733488 | Q20: =SUM(P$4:P20) -> 0.94155792
C21: Low CO2 Pressure | D21: ='Monthly summary loss'!$F$7/'Monthly summary loss'!$X$7 -> 0.0010651045 | E21: =SUM(D$4:D21) -> 0.97510318 | G21: Low CO2 Pressure | H21: ='Monthly summary loss'!$F8/'Monthly summary loss'!$X$8 -> 0.0026267216 | I21: =SUM(H$4:H21) -> 0.91906858 | K21: Low CO2 Pressure | L21: ='Monthly summary loss'!$F9/'Monthly summary loss'!$X9 -> 0.0010269953 | M21: =SUM(L$4:L21) -> 0.9380135 | O21: Pasteuriser | P21: ='Monthly summary loss'!$M10/'Monthly summary loss'!$X10 -> 0.010727724 | Q21: =SUM(P$4:P21) -> 0.95228565
C22: Other Unexplained | D22: ='Monthly summary loss'!$U$7/'Monthly summary loss'!$X$7 -> 0.0033950206 | E22: =SUM(D$4:D22) -> 0.9784982 | G22: Crate Rinser | H22: ='Monthly summary loss'!$S8/'Monthly summary loss'!$X$8 -> 0.0015618344 | I22: =SUM(H$4:H22) -> 0.92063041 | K22: Other Unexplained | L22: ='Monthly summary loss'!U9/'Monthly summary loss'!X9 -> 0.0018339202 | M22: =SUM(L$4:L22) -> 0.93984742 | O22: Crate Rinser | P22: ='Monthly summary loss'!$S10/'Monthly summary loss'!$X10 -> 0 | Q22: =SUM(P$4:P22) -> 0.95228565
C23: Carton Errector | D23: ='Monthly summary loss'!$R$7/'Monthly summary loss'!$X$7 -> 0 | E23: =SUM(D$4:D23) -> 0.9784982 | G23: Pasteuiser | H23: ='Monthly summary loss'!$M8/'Monthly summary loss'!$X$8 -> 0.048558853 | I23: =SUM(H$4:H23) -> 0.96918927 | K23: Carton Errector | L23: ='Monthly summary loss'!$R9/'Monthly summary loss'!$X9 -> 0.033744131 | M23: =SUM(L$4:L23) -> 0.97359155 | O23: Other Unexplained | P23: ='Monthly summary loss'!U10/'Monthly summary loss'!X10 -> 0.00056040349 | Q23: =SUM(P$4:P23) -> 0.95284605
C24: Crate Rinser | D24: ='Monthly summary loss'!$S$7/'Monthly summary loss'!$X$7 -> 0 | E24: =SUM(D$4:D24) -> 0.9784982 | G24: Carton Errector | H24: ='Monthly summary loss'!$R8/'Monthly summary loss'!$X$8 -> 0.01405651 | I24: =SUM(H$4:H24) -> 0.98324578 | K24: Crate Rinser | L24: ='Monthly summary loss'!$S9/'Monthly summary loss'!$X9 -> 0.00080692488 | M24: =SUM(L$4:L24) -> 0.97439847 | O24: Carton Errector | P24: ='Monthly summary loss'!$R10/'Monthly summary loss'!$X$10 -> 0.028660636 | Q24: =SUM(P$4:P24) -> 0.98150668
C26: May | G26: June | K26: July | O26: August
C28: Machines | D28: Percent | E28: Cumulative Percent | G28: Machines | H28: Percent | I28: Cumulative Percent | K28: Machines | L28: Percent | M28: Cumulative Percent | O28: Machines | P28: Percent | Q28: Cumulative Percent
C29: Washer | D29: ='Monthly summary loss'!$J11/'Monthly summary loss'!$X11 -> 0.06868067 | E29: =SUM(D$29:D29) -> 0.06868067 | G29: Washer | H29: ='Monthly summary loss'!$J12/'Monthly summary loss'!$X12 -> 0.069403374 | I29: =SUM(H$29:H29) -> 0.069403374 | K29: Washer | L29: ='Monthly summary loss'!$J13/'Monthly summary loss'!$X13 -> 0.054438914 | M29: =+L29 -> 0.054438914 | O29: Filler | P29: ='Monthly summary loss'!$L$14/'Monthly summary loss'!$X$14 -> 0.07538708 | Q29: =SUM(P$29:P29) -> 0.07538708
C30: Filler | D30: ='Monthly summary loss'!$L11/'Monthly summary loss'!$X11 -> 0.10762332 | E30: =SUM(D$29:D30) -> 0.17630399 | G30: Other Explained | H30: ='Monthly summary loss'!$T12/'Monthly summary loss'!$X12 -> 0.11149765 | I30: =SUM(H$29:H30) -> 0.18090103 | K30: Other Explained | L30: ='Monthly summary loss'!$T13/'Monthly summary loss'!$X13 -> 0.23168042 | M30: =SUM(L$29:L30) -> 0.28611934 | O30: Labeller | P30: ='Monthly summary loss'!$N$14/'Monthly summary loss'!$X$14 -> 0.12290443 | Q30: =SUM(P$29:P30) -> 0.19829151
C31: Low Steam Pressure | D31: ='Monthly summary loss'!$H11/'Monthly summary loss'!$X11 -> 0 | E31: =SUM(D$29:D31) -> 0.17630399 | G31: Conveyors | H31: ='Monthly summary loss'!$P12/'Monthly summary loss'!$X12 -> 0.064880849 | I31: =SUM(H$29:H31) -> 0.24578188 | K31: Conveyors | L31: ='Monthly summary loss'!$P13/'Monthly summary loss'!$X13 -> 0.060739714 | M31: =SUM(L$29:L31) -> 0.34685905 | O31: Washer | P31: ='Monthly summary loss'!$J$14/'Monthly summary loss'!$X$14 -> 0.068766684 | Q31: =+P31 -> 0.068766684
C32: Other Explained | D32: ='Monthly summary loss'!$T11/'Monthly summary loss'!$X$11 -> 0.14078357 | E32: =SUM(D$29:D32) -> 0.31708756 | G32: Low Water Pressure | H32: ='Monthly summary loss'!$G12/'Monthly summary loss'!$X12 -> 0.0067837885 | I32: =SUM(H$29:H32) -> 0.25256566 | K32: Product Delay | L32: ='Monthly summary loss'!$D13/'Monthly summary loss'!$X$13 -> 0.14876189 | M32: =SUM(L$29:L32) -> 0.49562094 | O32: Other Explained | P32: ='Monthly summary loss'!$T$14/'Monthly summary loss'!$X$14 -> 0.11393486 | Q32: =SUM(P$29:P32) -> 0.38099306
C33: Product Delay | D33: ='Monthly summary loss'!$D11/'Monthly summary loss'!$X11 -> 0.08838801 | E33: =SUM(D$29:D33) -> 0.40547557 | G33: Filler | H33: ='Monthly summary loss'!$L12/'Monthly summary loss'!$X12 -> 0.012523917 | I33: =SUM(H$29:H33) -> 0.26508958 | K33: Change Over | L33: ='Monthly summary loss'!$C$13/'Monthly summary loss'!$X$13 -> 0.096339235 | M33: =SUM(L$29:L33) -> 0.59196018 | O33: Conveyors | P33: ='Monthly summary loss'!$P$14/'Monthly summary loss'!$X$14 -> 0.082754939 | Q33: =SUM(P$29:P33) -> 0.463748
C34: Conveyors | D34: ='Monthly summary loss'!$P11/'Monthly summary loss'!$X11 -> 0.098654709 | E34: =SUM(D$29:D34) -> 0.50413028 | G34: EBI | H34: ='Monthly summary loss'!$K12/'Monthly summary loss'!$X12 -> 0.042963994 | I34: =SUM(H$29:H34) -> 0.30805357 | K34: Low Steam Pressure | L34: ='Monthly summary loss'!$H13/'Monthly summary loss'!$X13 -> 0 | M34: =SUM(L$29:L34) -> 0.59196018 | O34: Change Over | P34: ='Monthly summary loss'!$C$14/'Monthly summary loss'!$X$14 -> 0.14212493 | Q34: =SUM(P$29:P34) -> 0.60587293
C35: EBI | D35: ='Monthly summary loss'!$K11/'Monthly summary loss'!$X11 -> 0.13865943 | E35: =SUM(D$29:D35) -> 0.64278971 | G35: Change Over | H35: ='Monthly summary loss'!$C$12/'Monthly summary loss'!$X$12 -> 0.10175683 | I35: =SUM(H$29:H35) -> 0.4098104 | K35: Filler | L35: ='Monthly summary loss'!$L13/'Monthly summary loss'!$X13 -> 0.030432865 | M35: =SUM(L$29:L35) -> 0.62239304 | O35: Uncaser | P35: ='Monthly summary loss'!$I$14/'Monthly summary loss'!$X$14 -> 0.038868126 | Q35: =SUM(P$29:P35) -> 0.64474106
C36: Uncaser | D36: ='Monthly summary loss'!$I11/'Monthly summary loss'!$X11 -> 0.049327354 | E36: =SUM(D$29:D36) -> 0.69211706 | G36: Uncaser | H36: ='Monthly summary loss'!$I12/'Monthly summary loss'!$X12 -> 0.01478518 | I36: =SUM(H$29:H36) -> 0.42459558 | K36: Labeller | L36: ='Monthly summary loss'!$N13/'Monthly summary loss'!$X13 -> 0.052233634 | M36: =SUM(L$29:L36) -> 0.67462668 | O36: EBI | P36: ='Monthly summary loss'!$K$14/'Monthly summary loss'!$X$14 -> 0.062146289 | Q36: =SUM(P$29:P36) -> 0.70688735
C37: Labeller | D37: ='Monthly summary loss'!$N11/'Monthly summary loss'!$X11 -> 0.034812367 | E37: =SUM(D$29:D37) -> 0.72692943 | G37: Product Delay | H37: ='Monthly summary loss'!$D12/'Monthly summary loss'!$X$12 -> 0.027830927 | I37: =SUM(H$29:H37) -> 0.45242651 | K37: Uncaser | L37: ='Monthly summary loss'!$I13/'Monthly summary loss'!$X13 -> 0.020414593 | M37: =SUM(L$29:L37) -> 0.69504127 | O37: Product Delay | P37: ='Monthly summary loss'!$D$14/'Monthly summary loss'!$X$14 -> 0.040683396 | Q37: =SUM(P$29:P37) -> 0.74757074
C38: Packer | D38: ='Monthly summary loss'!$Q11/'Monthly summary loss'!$X$11 -> 0.025489733 | E38: =SUM(D$29:D38) -> 0.75241916 | G38: Labeller | H38: ='Monthly summary loss'!$N12/'Monthly summary loss'!$X12 -> 0.015480953 | I38: =SUM(H$29:H38) -> 0.46790746 | K38: EBI | L38: ='Monthly summary loss'!$K13/'Monthly summary loss'!$X13 -> 0.060928738 | M38: =SUM(L$29:L38) -> 0.75597001 | O38: VideoJet (Coder) | P38: ='Monthly summary loss'!$O$14/'Monthly summary loss'!$X$14 -> 0.008862787 | Q38: =SUM(P$29:P38) -> 0.75643353
C39: Change Over | D39: ='Monthly summary loss'!$C$11/'Monthly summary loss'!$X$11 -> 0.15695067 | E39: =SUM(D$29:D39) -> 0.90936984 | G39: Low Steam Pressure | H39: ='Monthly summary loss'!$H12/'Monthly summary loss'!$X12 -> 0 | I39: =SUM(H$29:H39) -> 0.46790746 | K39: Low Water Pressure | L39: ='Monthly summary loss'!$G13/'Monthly summary loss'!$X13 -> 0.0036544641 | M39: =SUM(L$29:L39) -> 0.75962447 | O39: Low Steam Pressure | P39: ='Monthly summary loss'!$H$14/'Monthly summary loss'!$X$14 -> 0 | Q39: =SUM(P$29:P39) -> 0.75643353
C40: Low Air Pressure | D40: ='Monthly summary loss'!$E11/'Monthly summary loss'!$X11 -> 0.00035402407 | E40: =SUM(D$29:D40) -> 0.90972386 | G40: Pasteuriser | H40: ='Monthly summary loss'!$M12/'Monthly summary loss'!$X12 -> 0.46895112 | I40: =SUM(H$29:H40) -> 0.93685858 | K40: Packer | L40: ='Monthly summary loss'!$Q13/'Monthly summary loss'!$X13 -> 0.024825153 | M40: =SUM(L$29:L40) -> 0.78444963 | O40: Pasteuiser | P40: ='Monthly summary loss'!$M$14/'Monthly summary loss'!$X$14 -> 0.084676989 | Q40: =SUM(P$29:P40) -> 0.84111052
C41: VideoJet (Coder) | D41: ='Monthly summary loss'!$O11/'Monthly summary loss'!$X11 -> 0.0086145858 | E41: =SUM(D$29:D41) -> 0.91833845 | G41: Low CO2 Pressure | H41: ='Monthly summary loss'!$F12/'Monthly summary loss'!$X12 -> 0.01635067 | I41: =SUM(H$29:H41) -> 0.95320925 | K41: Pasteuiser | L41: ='Monthly summary loss'!$M13/'Monthly summary loss'!$X13 -> 0.097662403 | M41: =SUM(L$29:L41) -> 0.88211203 | O41: Low Water Pressure | P41: ='Monthly summary loss'!$G$14/'Monthly summary loss'!$X$14 -> 0.0055525894 | Q41: =SUM(P$29:P41) -> 0.84666311
C42: Low Water Pressure | D42: ='Monthly summary loss'!$G11/'Monthly summary loss'!$X11 -> 0.00070804815 | E42: =SUM(D$29:D42) -> 0.9190465 | G42: VideoJet (Coder) | H42: ='Monthly summary loss'!$O12/'Monthly summary loss'!$X12 -> 0.018264046 | I42: =SUM(H$29:H42) -> 0.9714733 | K42: VideoJet (Coder) | L42: ='Monthly summary loss'!$O13/'Monthly summary loss'!$X13 -> 0.038371873 | M42: =SUM(L$29:L42) -> 0.9204839 | O42: Packer | P42: ='Monthly summary loss'!$Q$14/'Monthly summary loss'!$X$14 -> 0.015696743 | Q42: =SUM(P$29:P42) -> 0.86235985
C43: Operator Errors | D43: ='Monthly summary loss'!$B$11/'Monthly summary loss'!$X$11 -> 0 | E43: =SUM(D$29:D43) -> 0.9190465 | G43: Low Air Pressure | H43: ='Monthly summary loss'!$E12/'Monthly summary loss'!$X12 -> 0.012002087 | I43: =SUM(H$29:H43) -> 0.98347539 | K43: Low CO2 Pressure | L43: ='Monthly summary loss'!$F13/'Monthly summary loss'!$X13 -> 0.012853632 | M43: =SUM(L$29:L43) -> 0.93333753 | O43: Low Air Pressure | P43: ='Monthly summary loss'!$E$14/'Monthly summary loss'!$X$14 -> 0.012172985 | Q43: =SUM(P$29:P43) -> 0.87453284
C44: Pasteuriser | D44: ='Monthly summary loss'!$M11/'Monthly summary loss'!$X11 -> 0.011210762 | E44: =SUM(D$29:D44) -> 0.93025726 | G44: Packer | H44: ='Monthly summary loss'!$Q12/'Monthly summary loss'!$X12 -> 0.0015654897 | I44: =SUM(H$29:H44) -> 0.98504088 | K44: Operator Errors | L44: ='Monthly summary loss'!$B$13/'Monthly summary loss'!$X$13 -> 0.0019532481 | M44: =SUM(L$29:L44) -> 0.93529078 | O44: Other Unexplained | P44: ='Monthly summary loss'!U14/'Monthly summary loss'!X14 -> 0.0003203417 | Q44: =SUM(P$29:P44) -> 0.87485318
C45: Other Unexplained | D45: ='Monthly summary loss'!$U11/'Monthly summary loss'!$X11 -> 0.0010620722 | E45: =SUM(D$29:D45) -> 0.93131933 | G45: Operator Errors | H45: ='Monthly summary loss'!$B$12/'Monthly summary loss'!$X$12 -> 0.0033049226 | I45: =SUM(H$29:H45) -> 0.9883458 | K45: Low Air Pressure | L45: ='Monthly summary loss'!$E13/'Monthly summary loss'!$X13 -> 0 | M45: =SUM(L$29:L45) -> 0.93529078 | O45: Low CO2 Pressure | P45: ='Monthly summary loss'!$F$14/'Monthly summary loss'!$X$14 -> 0.0077949813 | Q45: =SUM(P$29:P45) -> 0.88264816
C46: Low CO2 Pressure | D46: ='Monthly summary loss'!$F11/'Monthly summary loss'!$X11 -> 0.0064904414 | E46: =SUM(D$29:D46) -> 0.93780977 | G46: Carton Errector | H46: ='Monthly summary loss'!R12/'Monthly summary loss'!X12 -> 0 | I46: =SUM(H$29:H46) -> 0.9883458 | K46: Carton Errector | L46: ='Monthly summary loss'!R13/'Monthly summary loss'!X13 -> 0.030684897 | M46: =SUM(L$29:L46) -> 0.96597568 | O46: Operator Errors | P46: ='Monthly summary loss'!$B$14/'Monthly summary loss'!$X$14 -> 0.01313401 | Q46: =SUM(P$29:P46) -> 0.89578217
C47: Carton Errector | D47: ='Monthly summary loss'!R11/'Monthly summary loss'!X11 -> 0.012508851 | E47: =SUM(D$29:D47) -> 0.95031862 | G47: Other Unexplained | H47: ='Monthly summary loss'!U12/'Monthly summary loss'!X12 -> 0.00052182988 | I47: =SUM(H$29:H47) -> 0.98886763 | K47: Other Unexplained | L47: ='Monthly summary loss'!$U13/'Monthly summary loss'!$X13 -> 0.0018272321 | M47: =SUM(L$29:L47) -> 0.96780291 | O47: Carton Errector | P47: ='Monthly summary loss'!R14/'Monthly summary loss'!X14 -> 0.019006941 | Q47: =SUM(P$29:P47) -> 0.91478911
C48: Crate Rinser | D48: ='Monthly summary loss'!$S11/'Monthly summary loss'!$X$11 -> 0.00070804815 | E48: =SUM(D$29:D48) -> 0.95102667 | G48: Crate Rinser | H48: ='Monthly summary loss'!$S12/'Monthly summary loss'!$X12 -> 0 | I48: =SUM(H$29:H48) -> 0.98886763 | K48: Crate Rinser | L48: ='Monthly summary loss'!$S13/'Monthly summary loss'!$X13 -> 0.00126016 | M48: =SUM(L$29:L48) -> 0.96906307 | O48: Crate Rinser | P48: ='Monthly summary loss'!$S$14/'Monthly summary loss'!$X$14 -> 0 | Q48: =SUM(P$29:P48) -> 0.91478911
C50: September | G50: October | K50: November | O50: December
C52: Machines | D52: Percent | E52: Cumulative Percent | G52: Machines | H52: Percent | I52: Cumulative Percent | K52: Machines | L52: Percent | M52: Cumulative Percent | O52: Machines | P52: Percent | Q52: Cumulative Percent
C53: Conveyors | D53: ='Monthly summary loss'!$P$15/'Monthly summary loss'!$X$15 -> 0.051169967 | E53: =SUM($D$53:D53) -> 0.051169967 | G53: EBI | H53: ='Monthly summary loss'!$K$16/'Monthly summary loss'!$X$16 -> 0.14814815 | I53: =SUM($H$53:H53) -> 0.14814815 | K53: Washer | L53: ='Monthly summary loss'!$J$17/'Monthly summary loss'!$X$17 -> #DIV/0! | M53: =+L53 -> #DIV/0! | O53: Washer | P53: ='Monthly summary loss'!$J$18/'Monthly summary loss'!$X$18 -> #DIV/0! | Q53: =SUM($P$53:P53) -> #DIV/0!
C54: Other Explained | D54: ='Monthly summary loss'!$T$15/'Monthly summary loss'!$X$15 -> 0.15955258 | E54: =SUM($D$53:D54) -> 0.21072255 | G54: Bottle Supply | H54: ='Monthly summary loss'!$W$16/'Monthly summary loss'!$X$16 -> 0 | I54: =SUM($H$53:H54) -> 0.14814815 | K54: EBI | L54: ='Monthly summary loss'!$K$17/'Monthly summary loss'!$X$17 -> #DIV/0! | M54: =SUM($L$53:L54) -> #DIV/0! | O54: Bottle Supply | P54: ='Monthly summary loss'!$W$16/'Monthly summary loss'!$X$16 -> 0 | Q54: =SUM($P$53:P54) -> #DIV/0!
C55: Labeller | D55: ='Monthly summary loss'!$N$15/'Monthly summary loss'!$X$15 -> 0.024685009 | E55: =SUM($D$53:D55) -> 0.23540756 | G55: Washer | H55: ='Monthly summary loss'!$J$16/'Monthly summary loss'!$X$16 -> 0.14814815 | I55: =+H55 -> 0.14814815 | K55: Bottle Supply | L55: ='Monthly summary loss'!$W$16/'Monthly summary loss'!$X$16 -> 0 | M55: =SUM($L$53:L55) -> #DIV/0! | O55: Other Explained | P55: ='Monthly summary loss'!$T$18/'Monthly summary loss'!$X$18 -> #DIV/0! | Q55: =SUM($P$53:P55) -> #DIV/0!
C56: Filler | D56: ='Monthly summary loss'!$L$15/'Monthly summary loss'!$X$15 -> 0.085497557 | E56: =SUM($D$53:D56) -> 0.32090512 | G56: Other Explained | H56: ='Monthly summary loss'!$T$16/'Monthly summary loss'!$X$16 -> 0.55555556 | I56: =SUM($H$53:H56) -> 0.85185185 | K56: Change Over | L56: ='Monthly summary loss'!$C$17/'Monthly summary loss'!$X$17 -> #DIV/0! | M56: =SUM($L$53:L56) -> #DIV/0! | O56: EBI | P56: ='Monthly summary loss'!$K$18/'Monthly summary loss'!$X$18 -> #DIV/0! | Q56: =SUM($P$53:P56) -> #DIV/0!
C57: Washer | D57: ='Monthly summary loss'!$J$15/'Monthly summary loss'!$X$15 -> 0.054255593 | E57: =+D57 -> 0.054255593 | G57: Change Over | H57: ='Monthly summary loss'!$C$16/'Monthly summary loss'!$X$16 -> 0 | I57: =SUM($H$53:H57) -> 0.85185185 | K57: Conveyors | L57: ='Monthly summary loss'!$P$17/'Monthly summary loss'!$X$17 -> #DIV/0! | M57: =SUM($L$53:L57) -> #DIV/0! | O57: Change Over | P57: ='Monthly summary loss'!$C$18/'Monthly summary loss'!$X$18 -> #DIV/0! | Q57: =SUM($P$53:P57) -> #DIV/0!
C58: Bottle Supply | D58: ='Monthly summary loss'!$W$15/'Monthly summary loss'!$X$15 -> 0 | E58: =SUM($D$53:D58) -> 0.37516071 | G58: Packer | H58: ='Monthly summary loss'!$Q$16/'Monthly summary loss'!$X$16 -> 0 | I58: =SUM($H$53:H58) -> 0.85185185 | K58: Uncaser | L58: ='Monthly summary loss'!$I$17/'Monthly summary loss'!$X$17 -> #DIV/0! | M58: =SUM($L$53:L58) -> #DIV/0! | O58: Conveyors | P58: ='Monthly summary loss'!$P$18/'Monthly summary loss'!$X$18 -> #DIV/0! | Q58: =SUM($P$53:P58) -> #DIV/0!
C59: Low Water Pressure | D59: ='Monthly summary loss'!$G$15/'Monthly summary loss'!$X$15 -> 0 | E59: =SUM($D$53:D59) -> 0.37516071 | G59: Conveyors | H59: ='Monthly summary loss'!$P$16/'Monthly summary loss'!$X$16 -> 0.14814815 | I59: =SUM($H$53:H59) -> 1 | K59: Filler | L59: ='Monthly summary loss'!$L$17/'Monthly summary loss'!$X$17 -> #DIV/0! | M59: =SUM($L$53:L59) -> #DIV/0! | O59: Product Delay | P59: ='Monthly summary loss'!$D$18/'Monthly summary loss'!$X$18 -> #DIV/0! | Q59: =SUM($P$53:P59) -> #DIV/0!
C60: Change Over | D60: ='Monthly summary loss'!$C$15/'Monthly summary loss'!$X$15 -> 0.12869632 | E60: =SUM($D$53:D60) -> 0.50385703 | G60: Product Delay | H60: ='Monthly summary loss'!$D$16/'Monthly summary loss'!$X$16 -> 0 | I60: =SUM($H$53:H60) -> 1 | K60: Other Explained | L60: ='Monthly summary loss'!$T$17/'Monthly summary loss'!$X$17 -> #DIV/0! | M60: =SUM($L$53:L60) -> #DIV/0! | O60: Labeller | P60: ='Monthly summary loss'!$N$18/'Monthly summary loss'!$X$18 -> #DIV/0! | Q60: =SUM($P$53:P60) -> #DIV/0!
C61: EBI | D61: ='Monthly summary loss'!$K$15/'Monthly summary loss'!$X$15 -> 0.049627154 | E61: =SUM($D$53:D61) -> 0.55348419 | G61: Labeller | H61: ='Monthly summary loss'!$N$16/'Monthly summary loss'!$X$16 -> 0 | I61: =SUM($H$53:H61) -> 1 | K61: Labeller | L61: ='Monthly summary loss'!$N$17/'Monthly summary loss'!$X$17 -> #DIV/0! | M61: =SUM($L$53:L61) -> #DIV/0! | O61: Filler | P61: ='Monthly summary loss'!$L$18/'Monthly summary loss'!$X$18 -> #DIV/0! | Q61: =SUM($P$53:P61) -> #DIV/0!
C62: Low Steam Pressure | D62: ='Monthly summary loss'!$H$15/'Monthly summary loss'!$X$15 -> 0.011313962 | E62: =SUM($D$53:D62) -> 0.56479815 | G62: Filler | H62: ='Monthly summary loss'!$L$16/'Monthly summary loss'!$X$16 -> 0 | I62: =SUM($H$53:H62) -> 1 | K62: Pasteuiser | L62: ='Monthly summary loss'!$M$17/'Monthly summary loss'!$X$17 -> #DIV/0! | M62: =SUM($L$53:L62) -> #DIV/0! | O62: Uncaser | P62: ='Monthly summary loss'!$I$18/'Monthly summary loss'!$X$18 -> #DIV/0! | Q62: =SUM($P$53:P62) -> #DIV/0!
C63: Uncaser | D63: ='Monthly summary loss'!$I$15/'Monthly summary loss'!$X$15 -> 0.032527642 | E63: =SUM($D$53:D63) -> 0.59732579 | G63: Low Steam Pressure | H63: ='Monthly summary loss'!$H$16/'Monthly summary loss'!$X$16 -> 0 | I63: =SUM($H$53:H63) -> 1 | K63: Low Steam Pressure | L63: ='Monthly summary loss'!$H$17/'Monthly summary loss'!$X$17 -> #DIV/0! | M63: =SUM($L$53:L63) -> #DIV/0! | O63: Packer | P63: ='Monthly summary loss'!$Q$18/'Monthly summary loss'!$X$18 -> #DIV/0! | Q63: =SUM($P$53:P63) -> #DIV/0!
C64: Carton Errector | D64: ='Monthly summary loss'!R15/'Monthly summary loss'!X15 -> 0.050655696 | E64: =SUM($D$53:D64) -> 0.64798149 | G64: VideoJet (Coder) | H64: ='Monthly summary loss'!$O$16/'Monthly summary loss'!$X$16 -> 0 | I64: =SUM($H$53:H64) -> 1 | K64: Product Delay | L64: ='Monthly summary loss'!$D$17/'Monthly summary loss'!$X$17 -> #DIV/0! | M64: =SUM($L$53:L64) -> #DIV/0! | O64: VideoJet (Coder) | P64: ='Monthly summary loss'!$O$18/'Monthly summary loss'!$X$18 -> #DIV/0! | Q64: =SUM($P$53:P64) -> #DIV/0!
C65: Packer | D65: ='Monthly summary loss'!$Q$15/'Monthly summary loss'!$X$15 -> 0.04525585 | E65: =SUM($D$53:D65) -> 0.69323734 | G65: Operator Errors | H65: ='Monthly summary loss'!$B$16/'Monthly summary loss'!$X$16 -> 0 | I65: =SUM($H$53:H65) -> 1 | K65: VideoJet (Coder) | L65: ='Monthly summary loss'!$O$17/'Monthly summary loss'!$X$17 -> #DIV/0! | M65: =SUM($L$53:L65) -> #DIV/0! | O65: Low Water Pressure | P65: ='Monthly summary loss'!$G$18/'Monthly summary loss'!$X$18 -> #DIV/0! | Q65: =SUM($P$53:P65) -> #DIV/0!
C66: VideoJet (Coder) | D66: ='Monthly summary loss'!$O$15/'Monthly summary loss'!$X$15 -> 0.026999229 | E66: =SUM($D$53:D66) -> 0.72023656 | G66: Low Air Pressure | H66: ='Monthly summary loss'!$E$16/'Monthly summary loss'!$X$16 -> 0 | I66: =SUM($H$53:H66) -> 1 | K66: Other Unexplained | L66: ='Monthly summary loss'!U17/'Monthly summary loss'!X17 -> #DIV/0! | M66: =SUM($L$53:L66) -> #DIV/0! | O66: Carton Errector | P66: ='Monthly summary loss'!$R$18/'Monthly summary loss'!$X$18 -> #DIV/0! | Q66: =SUM($P$53:P66) -> #DIV/0!
C67: Low Air Pressure | D67: ='Monthly summary loss'!$E$15/'Monthly summary loss'!$X$15 -> 0.0065569555 | E67: =SUM($D$53:D67) -> 0.72679352 | G67: Low Water Pressure | H67: ='Monthly summary loss'!$G$16/'Monthly summary loss'!$X$16 -> 0 | I67: =SUM($H$53:H67) -> 1 | K67: Low Water Pressure | L67: ='Monthly summary loss'!$G$17/'Monthly summary loss'!$X$17 -> #DIV/0! | M67: =SUM($L$53:L67) -> #DIV/0! | O67: Pasteuiser | P67: ='Monthly summary loss'!$M$18/'Monthly summary loss'!$X$18 -> #DIV/0! | Q67: =SUM($P$53:P67) -> #DIV/0!
C68: Low CO2 Pressure | D68: ='Monthly summary loss'!$F$15/'Monthly summary loss'!$X$15 -> 0.0034713294 | E68: =SUM($D$53:D68) -> 0.73026485 | G68: Crate Rinser | H68: ='Monthly summary loss'!$S$16/'Monthly summary loss'!$X$16 -> 0 | I68: =SUM($H$53:H68) -> 1 | K68: Carton Errector | L68: ='Monthly summary loss'!R17/'Monthly summary loss'!X17 -> #DIV/0! | M68: =SUM($L$53:L68) -> #DIV/0! | O68: Operator Errors | P68: ='Monthly summary loss'!$B$18/'Monthly summary loss'!$X$18 -> #DIV/0! | Q68: =SUM($P$53:P68) -> #DIV/0!
C69: Product Delay | D69: ='Monthly summary loss'!$D$15/'Monthly summary loss'!$X$15 -> 0.14129596 | E69: =SUM($D$53:D69) -> 0.87156081 | G69: Pasteuiser | H69: ='Monthly summary loss'!$M$16/'Monthly summary loss'!$X$16 -> 0 | I69: =SUM($H$53:H69) -> 1 | K69: Low CO2 Pressure | L69: ='Monthly summary loss'!$F$17/'Monthly summary loss'!$X$17 -> #DIV/0! | M69: =SUM($L$53:L69) -> #DIV/0! | O69: Low CO2 Pressure | P69: ='Monthly summary loss'!$F$18/'Monthly summary loss'!$X$18 -> #DIV/0! | Q69: =SUM($P$53:P69) -> #DIV/0!
C70: Pasteuiser | D70: ='Monthly summary loss'!$M$15/'Monthly summary loss'!$X$15 -> 0.084597583 | E70: =SUM($D$53:D70) -> 0.9561584 | G70: Other Unexplained | H70: ='Monthly summary loss'!U16/'Monthly summary loss'!$X$16 -> 0 | I70: =SUM($H$53:H70) -> 1 | K70: Operator Errors | L70: ='Monthly summary loss'!$B$17/'Monthly summary loss'!$X$17 -> #DIV/0! | M70: =SUM($L$53:L70) -> #DIV/0! | O70: Low Air Pressure | P70: ='Monthly summary loss'!$E$18/'Monthly summary loss'!$X$18 -> #DIV/0! | Q70: =SUM($P$53:P70) -> #DIV/0!
C71: Other Unexplained | D71: ='Monthly summary loss'!U15/'Monthly summary loss'!X15 -> 0.0011571098 | E71: =SUM($D$53:D71) -> 0.95731551 | G71: Carton Errector | H71: ='Monthly summary loss'!$R$16/'Monthly summary loss'!$X$16 -> 0 | I71: =SUM($H$53:H71) -> 1 | K71: Packer | L71: ='Monthly summary loss'!$Q$17/'Monthly summary loss'!$X$17 -> #DIV/0! | M71: =SUM($L$53:L71) -> #DIV/0! | O71: Crate Rinser | P71: ='Monthly summary loss'!$S$18/'Monthly summary loss'!$X$18 -> #DIV/0! | Q71: =SUM($P$53:P71) -> #DIV/0!
C72: Crate Rinser | D72: ='Monthly summary loss'!$S$15/'Monthly summary loss'!$X$15 -> 0.0034713294 | E72: =SUM($D$53:D72) -> 0.96078683 | G72: Uncaser | H72: ='Monthly summary loss'!$I$16/'Monthly summary loss'!$X$16 -> 0 | I72: =SUM($H$53:H72) -> 1 | K72: Low Air Pressure | L72: ='Monthly summary loss'!$E$17/'Monthly summary loss'!$X$17 -> #DIV/0! | M72: =SUM($L$53:L72) -> #DIV/0! | O72: Other Unexplained | P72: ='Monthly summary loss'!$U$18/'Monthly summary loss'!$X$18 -> #DIV/0! | Q72: =SUM($P$53:P72) -> #DIV/0!
C73: Operator Errors | D73: ='Monthly summary loss'!$B$15/'Monthly summary loss'!$X$15 -> 0.0048855747 | E73: =SUM($D$53:D73) -> 0.96567241 | G73: Low CO2 Pressure | H73: ='Monthly summary loss'!$F$16/'Monthly summary loss'!$X$16 -> 0 | I73: =SUM($H$53:H73) -> 1 | K73: Crate Rinser | L73: ='Monthly summary loss'!$S$17/'Monthly summary loss'!$X$17 -> #DIV/0! | M73: =SUM($L$53:L73) -> #DIV/0! | O73: Low Steam Pressure | P73: ='Monthly summary loss'!$H$18/'Monthly summary loss'!$X$18 -> #DIV/0! | Q73: =SUM($P$53:P73) -> #DIV/0!
C75: Year To Date
C76: Machines | D76: Percent | E76: Cumulative Percent
C77: Operator Errors | D77: ='Monthly summary loss'!B19/'Monthly summary loss'!X19 -> 0.0044782672 | E77: =SUM($D$77:D77) -> 0.0044782672
C78: Change Over | D78: ='Monthly summary loss'!C19/'Monthly summary loss'!X19 -> 0.10470755 | E78: =SUM($D$77:D78) -> 0.10918581
C79: Product Delay | D79: ='Monthly summary loss'!D19/'Monthly summary loss'!X19 -> 0.066588614 | E79: =SUM($D$77:D79) -> 0.17577443
C80: Low Air Pressure | D80: ='Monthly summary loss'!E19/'Monthly summary loss'!X19 -> 0.0052783063 | E80: =SUM($D$77:D80) -> 0.18105273
C81: Low CO2 Pressure | D81: ='Monthly summary loss'!F19/'Monthly summary loss'!X19 -> 0.0058637007 | E81: =SUM($D$77:D81) -> 0.18691643
C82: Low Water Pressure | D82: ='Monthly summary loss'!G19/'Monthly summary loss'!X19 -> 0.0041758135 | E82: =SUM($D$77:D82) -> 0.19109225
C83: Low Steam Pressure | D83: ='Monthly summary loss'!H19/'Monthly summary loss'!X19 -> 0.0067515489 | E83: =SUM($D$77:D83) -> 0.1978438
C84: Uncaser | D84: ='Monthly summary loss'!$I$19/'Monthly summary loss'!$X$19 -> 0.050558564 | E84: =SUM($D$77:D84) -> 0.24840236
C85: Washer | D85: ='Monthly summary loss'!J19/'Monthly summary loss'!X19 -> 0.13493341 | E85: =SUM($D$77:D85) -> 0.38333577
C86: EBI | D86: ='Monthly summary loss'!K19/'Monthly summary loss'!X19 -> 0.066452022 | E86: =SUM($D$77:D86) -> 0.44978779
C87: Filler | D87: ='Monthly summary loss'!L19/'Monthly summary loss'!X19 -> 0.06492024 | E87: =SUM($D$77:D87) -> 0.51470803
C88: Pasteuriser | D88: ='Monthly summary loss'!M19/'Monthly summary loss'!X19 -> 0.078803844 | E88: =SUM($D$77:D88) -> 0.59351188
C89: Labeller | D89: ='Monthly summary loss'!N19/'Monthly summary loss'!X19 -> 0.036772525 | E89: =SUM($D$77:D89) -> 0.6302844
C90: Videojet (Coder) | D90: ='Monthly summary loss'!O19/'Monthly summary loss'!X19 -> 0.015142202 | E90: =SUM($D$77:D90) -> 0.64542661
C91: Conveyors | D91: ='Monthly summary loss'!P19/'Monthly summary loss'!X19 -> 0.12778184 | E91: =SUM($D$77:D91) -> 0.77320845
C92: Packer | D92: ='Monthly summary loss'!Q19/'Monthly summary loss'!X19 -> 0.025240256 | E92: =SUM($D$77:D92) -> 0.7984487
C93: Carton Errector | D93: ='Monthly summary loss'!R19/'Monthly summary loss'!X19 -> 0.021279087 | E93: =SUM($D$77:D93) -> 0.81972779
C94: Crate Rinser | D94: ='Monthly summary loss'!S19/'Monthly summary loss'!X19 -> 0.00083906532 | E94: =SUM($D$77:D94) -> 0.82056686
C95: Other Explained | D95: ='Monthly summary loss'!T19/'Monthly summary loss'!X19 -> 0.14673887 | E95: =SUM($D$77:D95) -> 0.96730572
C96: Other Unexplained | D96: ='Monthly summary loss'!U19/'Monthly summary loss'!X19 -> 0.0017269135 | E96: =SUM($D$77:D96) -> 0.96903264
C97: Bottle Supply | D97: ='Monthly summary loss'!V19/'Monthly summary loss'!X19 -> 0.028235524 | E97: =SUM($D$77:D97) -> 0.99726816
C98: Space Availability | D98: ='Monthly summary loss'!W19/'Monthly summary loss'!X19 -> 0.0027318406 | E98: =SUM($D$77:D98) -> 1
C104: Machine | D104: Frequency | E104: Cum. Frequency | F104: Percent
C105: EBI | D105: =#REF! -> #REF! | E105: =SUM(D105) -> #REF! | F105: =E105/$D$124 -> #REF!
C106: Other Un-explained | D106: =#REF! -> #REF! | E106: =SUM($D$105:D106) -> #REF! | F106: =E106/$D$124 -> #REF!
C107: Other Explained Explained | D107: =#REF! -> #REF! | E107: =SUM($D$105:D107) -> #REF! | F107: =E107/$D$124 -> #REF!
C108: Change Over | D108: =#REF! -> #REF! | E108: =SUM($D$105:D108) -> #REF! | F108: =E108/$D$124 -> #REF!
C109: Washer | D109: =#REF! -> #REF! | E109: =SUM($D$105:D109) -> #REF! | F109: =E109/$D$124 -> #REF!
C110: Filler | D110: =#REF! -> #REF! | E110: =SUM($D$105:D110) -> #REF! | F110: =E110/$D$124 -> #REF!
C111: Packer | D111: =#REF! -> #REF! | E111: =SUM($D$105:D111) -> #REF! | F111: =E111/$D$124 -> #REF!
...

Sheet Pareto analysis month 

Sheet Uncaser Downtime Detail 
A4: Date | B4: Crate Stopper | C4: Infeed Belt | D4: Discharge line (Motor) | E4: Infeed line (Motor) | F4: Plunger | G4: Start/ Stop | H4: Restart | I4: Interface Screen | J4: Lockout (marching crates) | K4: Head (hitting crates) / (Damaged crates) | L4: Rebounding crates | M4: Emergency stop Button | N4: Programming Issues | O4: Fingers (hitting crates) | P4: Head Malfunction | Q4: Sprocket | R4: Spacer | S4: Suction cups | T4: Sensor Malfunction | U4: Case Guiding rail | V4: Reflectors | W4: Tensioner | X4: Transport belt | Y4: Low air pressure (Pressure switch adjustment) | Z4: piston (air leak on on second base) | AA4: Centering device | AB4: Centering Cup | AC4: Air Regulator | AD4: Electrical issues | AE4: Head Adjustments& Misalignment | AF4: Drive Belt
A6: 2026
A7: ='Conveyor Downtime (new)'!A6 -> 46024 | AG7: =SUM(B7:AF7) -> 0 | AH7: =AG7/$AG$68 -> 0
A8: ='Conveyor Downtime (new)'!A7 -> 46027 | AG8: =SUM(B8:AF8) -> 0 | AH8: =AG8/$AG$68 -> 0
A9: ='Conveyor Downtime (new)'!A8 -> 46028 | AG9: =SUM(B9:AF9) -> 0 | AH9: =AG9/$AG$68 -> 0
A10: ='Conveyor Downtime (new)'!A9 -> 46029 | AG10: =SUM(B10:AF10) -> 0 | AH10: =AG10/$AG$68 -> 0
A11: ='Conveyor Downtime (new)'!A10 -> 46030 | AG11: =SUM(B11:AF11) -> 0 | AH11: =AG11/$AG$68 -> 0
A12: ='Conveyor Downtime (new)'!A11 -> 46031 | AG12: =SUM(B12:AF12) -> 0 | AH12: =AG12/$AG$68 -> 0
A13: ='Conveyor Downtime (new)'!A12 -> 46031 | K13: 5 | AF13: =4 -> 4 | AG13: =SUM(B13:AF13) -> 9 | AH13: =AG13/$AG$68 -> 0.01598579
A14: ='Conveyor Downtime (new)'!A13 -> 46032 | AG14: =SUM(B14:AF14) -> 0 | AH14: =AG14/$AG$68 -> 0
A15: ='Conveyor Downtime (new)'!A14 -> 46034 | K15: =8+3+6 -> 17 | S15: =7+3 -> 10 | AG15: =SUM(B15:AF15) -> 27 | AH15: =AG15/$AG$68 -> 0.047957371
A16: ='Conveyor Downtime (new)'!A15 -> 46034 | AD16: =5+29 -> 34 | AG16: =SUM(B16:AF16) -> 34 | AH16: =AG16/$AG$68 -> 0.060390764
A17: ='Conveyor Downtime (new)'!A16 -> 46034 | AG17: =SUM(B17:AF17) -> 0 | AH17: =AG17/$AG$68 -> 0
A18: ='Conveyor Downtime (new)'!A17 -> 46035 | K18: =2+3 -> 5 | S18: =6+3+3 -> 12 | AG18: =SUM(B18:AF18) -> 17 | AH18: =AG18/$AG$68 -> 0.030195382
A19: ='Conveyor Downtime (new)'!A18 -> 46035 | K19: =2 -> 2 | AG19: =SUM(B19:AF19) -> 2 | AH19: =AG19/$AG$68 -> 0.0035523979
A20: ='Conveyor Downtime (new)'!A19 -> 46036 | AG20: =SUM(B20:AF20) -> 0 | AH20: =AG20/$AG$68 -> 0
A21: ='Conveyor Downtime (new)'!A20 -> 46036 | K21: =3+5 -> 8 | T21: =24 -> 24 | AG21: =SUM(B21:AF21) -> 32 | AH21: =AG21/$AG$68 -> 0.056838366
A22: ='Conveyor Downtime (new)'!A21 -> 46037 | AG22: =SUM(B22:AF22) -> 0 | AH22: =AG22/$AG$68 -> 0
A23: ='Conveyor Downtime (new)'!A22 -> 46037 | AG23: =SUM(B23:AF23) -> 0 | AH23: =AG23/$AG$68 -> 0
A24: ='Conveyor Downtime (new)'!A23 -> 46038 | T24: =2 -> 2 | AB24: =6 -> 6 | AG24: =SUM(B24:AF24) -> 8 | AH24: =AG24/$AG$68 -> 0.014209591
A25: ='Conveyor Downtime (new)'!A24 -> 46038 | P25: =12 -> 12 | AG25: =SUM(B25:AF25) -> 12 | AH25: =AG25/$AG$68 -> 0.021314387
A26: ='Conveyor Downtime (new)'!A25 -> 46041 | H26: =5+7 -> 12 | AD26: 37 | AG26: =SUM(B26:AF26) -> 49 | AH26: =AG26/$AG$68 -> 0.087033748
A27: ='Conveyor Downtime (new)'!A26 -> 46041 | K27: =2 -> 2 | AG27: =SUM(B27:AF27) -> 2 | AH27: =AG27/$AG$68 -> 0.0035523979
A28: ='Conveyor Downtime (new)'!A27 -> 46042 | K28: =4 -> 4 | AG28: =SUM(B28:AF28) -> 4 | AH28: =AG28/$AG$68 -> 0.0071047957
A29: ='Conveyor Downtime (new)'!A28 -> 46042 | D29: =2 -> 2 | AG29: =SUM(B29:AF29) -> 2 | AH29: =AG29/$AG$68 -> 0.0035523979
A30: ='Conveyor Downtime (new)'!A29 -> 46043 | AG30: =SUM(B30:AF30) -> 0 | AH30: =AG30/$AG$68 -> 0
A31: ='Conveyor Downtime (new)'!A30 -> 46043 | P31: =4+2+8+3 -> 17 | T31: =25+60+60+30 -> 175 | AE31: =2+1+1+8 -> 12 | AG31: =SUM(B31:AF31) -> 204 | AH31: =AG31/$AG$68 -> 0.36234458
A32: ='Conveyor Downtime (new)'!A31 -> 46043 | K32: =3 -> 3 | AE32: 5 | AG32: =SUM(B32:AF32) -> 8 | AH32: =AG32/$AG$68 -> 0.014209591
A33: ='Conveyor Downtime (new)'!A32 -> 46043 | AG33: =SUM(B33:AF33) -> 0 | AH33: =AG33/$AG$68 -> 0
A34: ='Conveyor Downtime (new)'!A33 -> 46044 | AG34: =SUM(B34:AF34) -> 0 | AH34: =AG34/$AG$68 -> 0
A35: ='Conveyor Downtime (new)'!A34 -> 46045 | AG35: =SUM(B35:AF35) -> 0 | AH35: =AG35/$AG$68 -> 0
A36: ='Conveyor Downtime (new)'!A35 -> 46045 | K36: =2 -> 2 | AG36: =SUM(B36:AF36) -> 2 | AH36: =AG36/$AG$68 -> 0.0035523979
A37: ='Conveyor Downtime (new)'!A36 -> 46045 | K37: =3 -> 3 | AE37: 2 | AG37: =SUM(B37:AF37) -> 5 | AH37: =AG37/$AG$68 -> 0.0088809947
A38: ='Conveyor Downtime (new)'!A37 -> 46045 | AG38: =SUM(B38:AF38) -> 0 | AH38: =AG38/$AG$68 -> 0
A39: ='Conveyor Downtime (new)'!A38 -> 46048 | AG39: =SUM(B39:AF39) -> 0 | AH39: =AG39/$AG$68 -> 0
A40: ='Conveyor Downtime (new)'!A39 -> 46048 | K40: =3+2+5 -> 10 | T40: =4 -> 4 | AG40: =SUM(B40:AF40) -> 14 | AH40: =AG40/$AG$68 -> 0.024866785
A41: ='Conveyor Downtime (new)'!A40 -> 46049 | K41: =3+2+2+3+2+2+2+3+4 -> 23 | S41: =7 -> 7 | AG41: =SUM(B41:AF41) -> 30 | AH41: =AG41/$AG$68 -> 0.053285968
A42: ='Conveyor Downtime (new)'!A41 -> 46049 | K42: =10 -> 10 | AG42: =SUM(B42:AF42) -> 10 | AH42: =AG42/$AG$68 -> 0.017761989
A43: ='Conveyor Downtime (new)'!A42 -> 46050 | K43: =3+3+7+4 -> 17 | AG43: =SUM(B43:AF43) -> 17 | AH43: =AG43/$AG$68 -> 0.030195382
A44: ='Conveyor Downtime (new)'!A43 -> 46050 | K44: =9+11+6+5 -> 31 | AG44: =SUM(B44:AF44) -> 31 | AH44: =AG44/$AG$68 -> 0.055062167
A45: ='Conveyor Downtime (new)'!A44 -> 46050 | AG45: =SUM(B45:AF45) -> 0 | AH45: =AG45/$AG$68 -> 0
A46: ='Conveyor Downtime (new)'!A45 -> 46051 | AG46: =SUM(B46:AF46) -> 0 | AH46: =AG46/$AG$68 -> 0
A47: ='Conveyor Downtime (new)'!A46 -> 46051 | AG47: =SUM(B47:AF47) -> 0 | AH47: =AG47/$AG$68 -> 0
A48: ='Conveyor Downtime (new)'!A47 -> 46051 | AG48: =SUM(B48:AF48) -> 0 | AH48: =AG48/$AG$68 -> 0
A49: ='Conveyor Downtime (new)'!A48 -> 46051 | K49: =2+2+2 -> 6 | AG49: =SUM(B49:AF49) -> 6 | AH49: =AG49/$AG$68 -> 0.010657194
A50: ='Conveyor Downtime (new)'!A49 -> 46052 | K50: =2+2+2+3+2+2+3+4+4+2 -> 26 | AG50: =SUM(B50:AF50) -> 26 | AH50: =AG50/$AG$68 -> 0.046181172
A51: ='Conveyor Downtime (new)'!A50 -> 46052 | K51: =3+4+2 -> 9 | S51: =3 -> 3 | AG51: =SUM(B51:AF51) -> 12 | AH51: =AG51/$AG$68 -> 0.021314387
A52: ='Conveyor Downtime (new)'!A51 -> 0 | AG52: =SUM(B52:AF52) -> 0 | AH52: =AG52/$AG$68 -> 0
A53: ='Conveyor Downtime (new)'!A52 -> 0 | AG53: =SUM(B53:AF53) -> 0 | AH53: =AG53/$AG$68 -> 0
A54: ='Conveyor Downtime (new)'!A53 -> 0 | AG54: =SUM(B54:AF54) -> 0 | AH54: =AG54/$AG$68 -> 0
A55: ='Conveyor Downtime (new)'!A54 -> 0 | AG55: =SUM(B55:AF55) -> 0 | AH55: =AG55/$AG$68 -> 0
A56: ='Conveyor Downtime (new)'!A55 -> 0 | AG56: =SUM(B56:AF56) -> 0 | AH56: =AG56/$AG$68 -> 0
A57: ='Conveyor Downtime (new)'!A56 -> 0 | AG57: =SUM(B57:AF57) -> 0 | AH57: =AG57/$AG$68 -> 0
A58: ='Conveyor Downtime (new)'!A57 -> 0 | AG58: =SUM(B58:AF58) -> 0 | AH58: =AG58/$AG$68 -> 0
A59: ='Conveyor Downtime (new)'!A58 -> 0 | AG59: =SUM(B59:AF59) -> 0 | AH59: =AG59/$AG$68 -> 0
A60: ='Conveyor Downtime (new)'!A59 -> 0 | AG60: =SUM(B60:AF60) -> 0 | AH60: =AG60/$AG$68 -> 0
A61: ='Conveyor Downtime (new)'!A60 -> 0 | AG61: =SUM(B61:AF61) -> 0 | AH61: =AG61/$AG$68 -> 0
AG62: =SUM(B62:AF62) -> 0 | AH62: =AG62/$AG$68 -> 0
AG63: =SUM(B63:AF63) -> 0 | AH63: =AG63/$AG$68 -> 0
AG64: =SUM(B64:AF64) -> 0 | AH64: =AG64/$AG$68 -> 0
AG65: =SUM(B65:AF65) -> 0 | AH65: =AG65/$AG$68 -> 0
AG66: =SUM(B66:AF66) -> 0 | AH66: =AG66/$AG$68 -> 0
AG67: =SUM(B67:AF67) -> 0 | AH67: =AG67/$AG$68 -> 0
B68: =SUM(B7:B67) -> 0 | C68: =SUM(C7:C67) -> 0 | D68: =SUM(D7:D67) -> 2 | E68: =SUM(E7:E67) -> 0 | F68: =SUM(F7:F67) -> 0 | G68: =SUM(G7:G67) -> 0 | H68: =SUM(H7:H67) -> 12 | I68: =SUM(I7:I67) -> 0 | ... AG68: =SUM(AG7:AG67) -> 563
A69: ='Conveyor Downtime (new)'!A63 -> Total MTD | B69: =B68/$AG68 -> 0 | C69: =C68/$AG68 -> 0 | D69: =D68/$AG68 -> 0.0035523979 | E69: =E68/$AG68 -> 0 | F69: =F68/$AG68 -> 0 | G69: =G68/$AG68 -> 0 | H69: =H68/$AG68 -> 0.021314387 | I69: =I68/$AG68 -> 0 | ... AF69: =AF68/$AG68 -> 0.0071047957
A72: ='Conveyor Downtime (new)'!A67 -> 46055 | K72: =5+5 -> 10 | AG72: =SUM(B72:AF72) -> 10 | AH72: =AG72/$AG$123 -> 0.0050890585
A73: ='Conveyor Downtime (new)'!A68 -> 46055 | K73: =5+4+5+2 -> 16 | P73: =8 -> 8 | AG73: =SUM(B73:AF73) -> 24 | AH73: =AG73/$AG$123 -> 0.01221374
A74: ='Conveyor Downtime (new)'!A69 -> 46056 | K74: =1+4 -> 5 | S74: =12+5+6+6+6 -> 35 | AG74: =SUM(B74:AF74) -> 40 | AH74: =AG74/$AG$123 -> 0.020356234
A75: ='Conveyor Downtime (new)'!A70 -> 46057 | B75: =20 -> 20 | K75: =13+2+8 -> 23 | AG75: =SUM(B75:AF75) -> 43 | AH75: =AG75/$AG$123 -> 0.021882952
A76: ='Conveyor Downtime (new)'!A71 -> 46057 | B76: =8+4 -> 12 | K76: =3+3+3+3 -> 12 | AG76: =SUM(B76:AF76) -> 24 | AH76: =AG76/$AG$123 -> 0.01221374
A77: ='Conveyor Downtime (new)'!A72 -> 46058 | AG77: =SUM(B77:AF77) -> 0 | AH77: =AG77/$AG$123 -> 0
A78: ='Conveyor Downtime (new)'!A73 -> 46058 | B78: =2 -> 2 | K78: =12+3+5+8+6+16 -> 50 | S78: =6+7 -> 13 | T78: =12 -> 12 | AB78: =16 -> 16 | AG78: =SUM(B78:AF78) -> 93 | AH78: =AG78/$AG$123 -> 0.047328244
A79: ='Conveyor Downtime (new)'!A74 -> 46058 | T79: =8+11+20 -> 39 | AG79: =SUM(B79:AF79) -> 39 | AH79: =AG79/$AG$123 -> 0.019847328
A80: ='Conveyor Downtime (new)'!A75 -> 46059 | K80: =15+11+3+6+9+3+10 -> 57 | T80: =10+60+27+9+19+17+5 -> 147 | AG80: =SUM(B80:AF80) -> 204 | AH80: =AG80/$AG$123 -> 0.10381679
A81: ='Conveyor Downtime (new)'!A76 -> 46059 | AG81: =SUM(B81:AF81) -> 0 | AH81: =AG81/$AG$123 -> 0
A82: ='Conveyor Downtime (new)'!A77 -> 46062 | K82: =11+7+6+4+22+3 -> 53 | P82: =18+7 -> 25 | AG82: =SUM(B82:AF82) -> 78 | AH82: =AG82/$AG$123 -> 0.039694656
A83: ='Conveyor Downtime (new)'!A78 -> 46062 | P83: =4+9+3+3+7+5 -> 31 | AG83: =SUM(B83:AF83) -> 31 | AH83: =AG83/$AG$123 -> 0.015776081
A84: ='Conveyor Downtime (new)'!A79 -> 46062 | K84: =3+4+29+3+5+3 -> 47 | T84: =4+3+4+40+4 -> 55 | AG84: =SUM(B84:AF84) -> 102 | AH84: =AG84/$AG$123 -> 0.051908397
A85: ='Conveyor Downtime (new)'!A80 -> 46063 | K85: =2 -> 2 | AG85: =SUM(B85:AF85) -> 2 | AH85: =AG85/$AG$123 -> 0.0010178117
A86: ='Conveyor Downtime (new)'!A81 -> 46063 | K86: =3+4+14+5 -> 26 | AG86: =SUM(B86:AF86) -> 26 | AH86: =AG86/$AG$123 -> 0.013231552
A87: ='Conveyor Downtime (new)'!A82 -> 46063 | K87: =2+3+3+6 -> 14 | AG87: =SUM(B87:AF87) -> 14 | AH87: =AG87/$AG$123 -> 0.0071246819
A88: ='Conveyor Downtime (new)'!A83 -> 46064 | S88: =4 -> 4 | AG88: =SUM(B88:AF88) -> 4 | AH88: =AG88/$AG$123 -> 0.0020356234
A89: ='Conveyor Downtime (new)'!A84 -> 46064 | K89: =3+5 -> 8 | P89: =2 -> 2 | S89: =7+2+3+3+2+2 -> 19 | Y89: =7 -> 7 | AG89: =SUM(B89:AF89) -> 36 | AH89: =AG89/$AG$123 -> 0.018320611
A90: ='Conveyor Downtime (new)'!A85 -> 46065 | K90: =3+1 -> 4 | S90: =10+10+6+7+5+17+21+20+6+12+9 -> 123 | AG90: =SUM(B90:AF90) -> 127 | AH90: =AG90/$AG$123 -> 0.064631043
A91: ='Conveyor Downtime (new)'!A86 -> 46066 | S91: =7+5+9+5+6 -> 32 | AG91: =SUM(B91:AF91) -> 32 | AH91: =AG91/$AG$123 -> 0.016284987
A92: ='Conveyor Downtime (new)'!A87 -> 46066 | K92: =4 -> 4 | T92: =11+9+6 -> 26 | AE92: =12 -> 12 | AG92: =SUM(B92:AF92) -> 42 | AH92: =AG92/$AG$123 -> 0.021374046
A93: ='Conveyor Downtime (new)'!A88 -> 46069 | K93: =3+4 -> 7 | P93: =4+7 -> 11 | S93: =4 -> 4 | AG93: =SUM(B93:AF93) -> 22 | AH93: =AG93/$AG$123 -> 0.011195929
A94: ='Conveyor Downtime (new)'!A89 -> 46070 | S94: =9 -> 9 | AG94: =SUM(B94:AF94) -> 9 | AH94: =AG94/$AG$123 -> 0.0045801527
A95: ='Conveyor Downtime (new)'!A90 -> 46071 | AG95: =SUM(B95:AF95) -> 0 | AH95: =AG95/$AG$123 -> 0
A96: ='Conveyor Downtime (new)'!A91 -> 46072 | K96: =4+3 -> 7 | S96: =2+10+60+40+7+6+5+16+24 -> 170 | AG96: =SUM(B96:AF96) -> 177 | AH96: =AG96/$AG$123 -> 0.090076336
A97: ='Conveyor Downtime (new)'!A92 -> 46072 | S97: =5+4+11+4+4+13+7+3+6 -> 57 | AG97: =SUM(B97:AF97) -> 57 | AH97: =AG97/$AG$123 -> 0.029007634
A98: ='Conveyor Downtime (new)'!A93 -> 46072 | S98: =15+13+1+60 -> 89 | AG98: =SUM(B98:AF98) -> 89 | AH98: =AG98/$AG$123 -> 0.045292621
A99: ='Conveyor Downtime (new)'!A94 -> 46073 | K99: =2+6+4+4+2+3+4+2+5+9 -> 41 | S99: =9+4+5+6+4+4+2+2+54 -> 90 | AG99: =SUM(B99:AF99) -> 131 | AH99: =AG99/$AG$123 -> 0.066666667
A100: ='Conveyor Downtime (new)'!A95 -> 46073 | K100: =3+3+5+6+4 -> 21 | S100: =22+10+30+3+7+3+11+6+2 -> 94 | U100: =4 -> 4 | AG100: =SUM(B100:AF100) -> 119 | AH100: =AG100/$AG$123 -> 0.060559796
A101: ='Conveyor Downtime (new)'!A96 -> 46076 | K101: =4+5 -> 9 | P101: 8 | S101: =4+5+3+20+2+9+2+7+6+5+7+10+3+16+22+8+3+7+10+3 -> 152 | AG101: =SUM(B101:AF101) -> 169 | AH101: =AG101/$AG$123 -> 0.086005089
A102: ='Conveyor Downtime (new)'!A97 -> 46077 | K102: =3 -> 3 | S102: =3+4+10 -> 17 | AG102: =SUM(B102:AF102) -> 20 | AH102: =AG102/$AG$123 -> 0.010178117
A103: ='Conveyor Downtime (new)'!A98 -> 46077 | K103: =4 -> 4 | P103: 4 | S103: =10+6 -> 16 | AG103: =SUM(B103:AF103) -> 24 | AH103: =AG103/$AG$123 -> 0.01221374
A104: ='Conveyor Downtime (new)'!A99 -> 46078 | P104: =5+38+10+3 -> 56 | S104: =9+6+7 -> 22 | T104: =16 -> 16 | AG104: =SUM(B104:AF104) -> 94 | AH104: =AG104/$AG$123 -> 0.04783715
A105: ='Conveyor Downtime (new)'!A100 -> 46079 | S105: =6+11 -> 17 | AG105: =SUM(B105:AF105) -> 17 | AH105: =AG105/$AG$123 -> 0.0086513995
A106: ='Conveyor Downtime (new)'!A101 -> 46079 | K106: =10+2 -> 12 | AG106: =SUM(B106:AF106) -> 12 | AH106: =AG106/$AG$123 -> 0.0061068702
...

Sheet Washer Downtime Detail
B3: Washer Downtime Issues
A4: Date | B4: Cam | C4: VLT | D4: Kidney | E4: Pockets | F4: New Washer Com. | G4: Washer load table area. | H4: In-feed (bottle jam/ bend) | I4: Discharge Flap (bottle jam/ bend) | J4: Discharge Clutch | K4: Discharge Chain Drive | L4: Arm | M4: Cups | N4: In-feed Clutch | O4: Main Drive Motor | P4: Filter/Strainer | Q4: Partitions | R4: In-feed/ discharge re-timing | S4: Label Extractor | T4: Infeed Guide | U4: Discharge Guides | V4: Tensioner/Plate/Sprockets | W4: Discharge Guide (Knock out Bar) | X4: Bottles (Discharge) | Y4: Washer infeed sensor | Z4: Washer discharge sensor | AA4: Gear Box | AB4: Infeed Carriers | AC4: Start Up issues | AD4: Caustic Hose | AE4: Tank 5 (Rinse) | AF4: Tank 4 | AG4: Breaker | AH4: Washer Panel/Display | AI4: Start/Stop Switch | AJ4: Washer Infeed (Finger) | AK4: Rinse Jet | AL4: Broken Starwheel chain | AM4: Final Rinse sensor | AN4: Rollers | AO4: Rinse Water Pump | AP4: Electrical | AQ4: Low Temp | AR4: Steam Leak | AS4: Caustic Carry-Over | AT4: Caustic Pump | AU4: Pump 1, 2,3 | AV4: Caustic Check | AW4: Tank #6 | AX4: Water Line | AY4: drain pipe | AZ4: Late Chemical Addition | BA4: Methylene Blue | BB4: Tank #1& 2 | BC4: Tank #3 | BD4: Label Basket | BE4: Carriers | BF4: High Rejection (labels,glue) | BG4: Jet Adjustments/ clean
A6: 2026
A8: ='Conveyor Downtime (new)'!A6 -> 46024 | H8: =6+10+5+3+3+3+5+7+3+3+5+6+3 -> 62 | I8: =2+3+6 -> 11 | AQ8: =60 -> 60 | BF8: 3 | BH8: =SUM(B8:BG8) -> 136 | BI8: =BH8/$BH$66 -> 0.10608424
A9: ='Conveyor Downtime (new)'!A7 -> 46027 | BH9: =SUM(B9:BG9) -> 0 | BI9: =BH9/$BH$66 -> 0
A10: ='Conveyor Downtime (new)'!A8 -> 46028 | BH10: =SUM(B10:BG10) -> 0 | BI10: =BH10/$BH$66 -> 0
A11: ='Conveyor Downtime (new)'!A9 -> 46029 | BH11: =SUM(B11:BG11) -> 0 | BI11: =BH11/$BH$66 -> 0
A12: ='Conveyor Downtime (new)'!A10 -> 46030 | H12: =3+4+2 -> 9 | I12: =11+4 -> 15 | BH12: =SUM(B12:BG12) -> 24 | BI12: =BH12/$BH$66 -> 0.018720749
A13: ='Conveyor Downtime (new)'!A11 -> 46031 | H13: =4 -> 4 | BF13: =4 -> 4 | BH13: =SUM(B13:BG13) -> 8 | BI13: =BH13/$BH$66 -> 0.0062402496
A14: ='Conveyor Downtime (new)'!A12 -> 46031 | H14: =6 -> 6 | I14: =2 -> 2 | BH14: =SUM(B14:BG14) -> 8 | BI14: =BH14/$BH$66 -> 0.0062402496
A15: ='Conveyor Downtime (new)'!A13 -> 46032 | I15: =5+6+4+4 -> 19 | BF15: =4 -> 4 | BH15: =SUM(B15:BG15) -> 23 | BI15: =BH15/$BH$66 -> 0.017940718
A16: ='Conveyor Downtime (new)'!A14 -> 46034 | H16: =5 -> 5 | BF16: =2+3+2+3+4+4+2 -> 20 | BH16: =SUM(B16:BG16) -> 25 | BI16: =BH16/$BH$66 -> 0.01950078
A17: ='Conveyor Downtime (new)'!A15 -> 46034 | H17: =5+6+7+4 -> 22 | I17: =4 -> 4 | BH17: =SUM(B17:BG17) -> 26 | BI17: =BH17/$BH$66 -> 0.020280811
A18: ='Conveyor Downtime (new)'!A16 -> 46034 | H18: =11 -> 11 | BH18: =SUM(B18:BG18) -> 11 | BI18: =BH18/$BH$66 -> 0.0085803432
A19: ='Conveyor Downtime (new)'!A17 -> 46035 | H19: =3+6+5+5 -> 19 | I19: =5+6+7 -> 18 | BF19: =4+3+2+3+3+2+2+2+2+2 -> 25 | BH19: =SUM(B19:BG19) -> 62 | BI19: =BH19/$BH$66 -> 0.048361934
A20: ='Conveyor Downtime (new)'!A18 -> 46035 | H20: =5+1 -> 6 | I20: =4+4 -> 8 | BF20: =4 -> 4 | BH20: =SUM(B20:BG20) -> 18 | BI20: =BH20/$BH$66 -> 0.014040562
A21: ='Conveyor Downtime (new)'!A19 -> 46036 | I21: =9+4 -> 13 | BH21: =SUM(B21:BG21) -> 13 | BI21: =BH21/$BH$66 -> 0.010140406
A22: ='Conveyor Downtime (new)'!A20 -> 46036 | H22: =3+5 -> 8 | I22: =5+3+5+6+6+4 -> 29 | BF22: =2+5+3+1+3+3+2+3+7 -> 29 | BH22: =SUM(B22:BG22) -> 66 | BI22: =BH22/$BH$66 -> 0.051482059
A23: ='Conveyor Downtime (new)'!A21 -> 46037 | H23: =5+5+11+5+2+2+6+6+6+2+5+5 -> 60 | I23: =3+2+3+4+6 -> 18 | BF23: =5+9+3+4+3+4+2+2+5 -> 37 | BH23: =SUM(B23:BF23) -> 115 | BI23: =BH23/$BH$66 -> 0.089703588
A24: ='Conveyor Downtime (new)'!A22 -> 46037 | H24: =4 -> 4 | I24: =5 -> 5 | BF24: =7+4+5+14+6+5 -> 41 | BH24: =SUM(B24:BG24) -> 50 | BI24: =BH24/$BH$66 -> 0.03900156
A25: ='Conveyor Downtime (new)'!A23 -> 46038 | H25: =4 -> 4 | I25: =2 -> 2 | BH25: =SUM(B25:BG25) -> 6 | BI25: =BH25/$BH$66 -> 0.0046801872
A26: ='Conveyor Downtime (new)'!A24 -> 46038 | H26: =3+3+4+5+6+6+4+5 -> 36 | I26: =2+2+3+4+6+4+5 -> 26 | BG26: =10+26 -> 36 | BH26: =SUM(B26:BG26) -> 98 | BI26: =BH26/$BH$66 -> 0.076443058
A27: ='Conveyor Downtime (new)'!A25 -> 46041 | H27: =5+4+5+5+3+2+2 -> 26 | I27: =3+4+16+5 -> 28 | BF27: =3 -> 3 | BH27: =SUM(B27:BG27) -> 57 | BI27: =BH27/$BH$66 -> 0.044461778
A28: ='Conveyor Downtime (new)'!A26 -> 46041 | G28: =5 -> 5 | H28: =23+2+2+2+8 -> 37 | BH28: =SUM(B28:BG28) -> 42 | BI28: =BH28/$BH$66 -> 0.03276131
A29: ='Conveyor Downtime (new)'!A27 -> 46042 | H29: =1 -> 1 | I29: =5 -> 5 | BH29: =SUM(B29:BG29) -> 6 | BI29: =BH29/$BH$66 -> 0.0046801872
A30: ='Conveyor Downtime (new)'!A28 -> 46042 | H30: =6+6+5+5+5+5 -> 32 | I30: =7 -> 7 | BH30: =SUM(B30:BG30) -> 39 | BI30: =BH30/$BH$66 -> 0.030421217
A31: ='Conveyor Downtime (new)'!A29 -> 46043 | I31: =4 -> 4 | BH31: =SUM(B31:BG31) -> 4 | BI31: =BH31/$BH$66 -> 0.0031201248
A32: ='Conveyor Downtime (new)'!A30 -> 46043 | H32: =1+1 -> 2 | BH32: =SUM(B32:BG32) -> 2 | BI32: =BH32/$BH$66 -> 0.0015600624
A33: ='Conveyor Downtime (new)'!A31 -> 46043 | H33: =4+2+4+2 -> 12 | BH33: =SUM(B33:BG33) -> 12 | BI33: =BH33/$BH$66 -> 0.0093603744
A34: ='Conveyor Downtime (new)'!A32 -> 46043 | BH34: =SUM(B34:BG34) -> 0 | BI34: =BH34/$BH$66 -> 0
A35: ='Conveyor Downtime (new)'!A33 -> 46044 | BH35: =SUM(B35:BG35) -> 0 | BI35: =BH35/$BH$66 -> 0
A36: ='Conveyor Downtime (new)'!A34 -> 46045 | BH36: =SUM(B36:BG36) -> 0 | BI36: =BH36/$BH$66 -> 0
A37: ='Conveyor Downtime (new)'!A35 -> 46045 | H37: =1+1+6+2 -> 10 | I37: =3+7 -> 10 | BE37: 25 | BF37: 2 | BH37: =SUM(B37:BG37) -> 47 | BI37: =BH37/$BH$66 -> 0.036661466
A38: ='Conveyor Downtime (new)'!A36 -> 46045 | H38: 7 | BH38: =SUM(B38:BG38) -> 7 | BI38: =BH38/$BH$66 -> 0.0054602184
A39: ='Conveyor Downtime (new)'!A37 -> 46045 | BH39: =SUM(B39:BG39) -> 0 | BI39: =BH39/$BH$66 -> 0
A40: ='Conveyor Downtime (new)'!A38 -> 46048 | BH40: =SUM(B40:BG40) -> 0 | BI40: =BH40/$BH$66 -> 0
A41: ='Conveyor Downtime (new)'!A39 -> 46048 | I41: =2+6 -> 8 | AS41: =15-18+60+55 -> 112 | BH41: =SUM(B41:BG41) -> 120 | BI41: =BH41/$BH$66 -> 0.093603744
A42: ='Conveyor Downtime (new)'!A40 -> 46049 | H42: =3+3+2+3+3+17+4+5+4+2+3+3 -> 52 | I42: =2+5+3+5+3+6 -> 24 | BF42: =4+4 -> 8 | BH42: =SUM(B42:BG42) -> 84 | BI42: =BH42/$BH$66 -> 0.065522621
A43: ='Conveyor Downtime (new)'!A41 -> 46049 | H43: =3 -> 3 | BH43: =SUM(B43:BG43) -> 3 | BI43: =BH43/$BH$66 -> 0.0023400936
A44: ='Conveyor Downtime (new)'!A42 -> 46050 | BF44: =7 -> 7 | BH44: =SUM(B44:BG44) -> 7 | BI44: =BH44/$BH$66 -> 0.0054602184
A45: ='Conveyor Downtime (new)'!A43 -> 46050 | H45: =5+5+5 -> 15 | BF45: =5 -> 5 | BH45: =SUM(B45:BG45) -> 20 | BI45: =BH45/$BH$66 -> 0.015600624
A46: ='Conveyor Downtime (new)'!A44 -> 46050 | BH46: =SUM(B46:BG46) -> 0 | BI46: =BH46/$BH$66 -> 0
A47: ='Conveyor Downtime (new)'!A45 -> 46051 | AM47: 8 | BF47: 5 | BH47: =SUM(B47:BG47) -> 13 | BI47: =BH47/$BH$66 -> 0.010140406
A48: ='Conveyor Downtime (new)'!A46 -> 46051 | BH48: =SUM(B48:BG48) -> 0 | BI48: =BH48/$BH$66 -> 0
A49: ='Conveyor Downtime (new)'!A47 -> 46051 | H49: =3+4 -> 7 | I49: =4+2 -> 6 | P49: =10 -> 10 | BF49: =4+3 -> 7 | BH49: =SUM(B49:BG49) -> 30 | BI49: =BH49/$BH$66 -> 0.023400936
A50: ='Conveyor Downtime (new)'!A48 -> 46051 | H50: =3 -> 3 | P50: 35 | BH50: =SUM(B50:BG50) -> 38 | BI50: =BH50/$BH$66 -> 0.029641186
A51: ='Conveyor Downtime (new)'!A49 -> 46052 | H51: 3 | BH51: =SUM(B51:BG51) -> 3 | BI51: =BH51/$BH$66 -> 0.0023400936
A52: ='Conveyor Downtime (new)'!A50 -> 46052 | H52: =4+4+4+9 -> 21 | I52: =5+6+3+4+10 -> 28 | BF52: =6+4 -> 10 | BH52: =SUM(B52:BG52) -> 59 | BI52: =BH52/$BH$66 -> 0.046021841
A53: ='Conveyor Downtime (new)'!A51 -> 0 | BH53: =SUM(B53:BG53) -> 0 | BI53: =BH53/$BH$66 -> 0
A54: ='Conveyor Downtime (new)'!A52 -> 0 | BH54: =SUM(B54:BG54) -> 0 | BI54: =BH54/$BH$66 -> 0
A55: ='Conveyor Downtime (new)'!A53 -> 0 | BH55: =SUM(B55:BG55) -> 0 | BI55: =BH55/$BH$66 -> 0
A56: ='Conveyor Downtime (new)'!A54 -> 0 | BH56: =SUM(B56:BG56) -> 0 | BI56: =BH56/$BH$66 -> 0
A57: ='Conveyor Downtime (new)'!A55 -> 0 | BH57: =SUM(B57:BG57) -> 0 | BI57: =BH57/$BH$66 -> 0
A58: ='Conveyor Downtime (new)'!A56 -> 0 | BH58: =SUM(B58:BG58) -> 0 | BI58: =BH58/$BH$66 -> 0
A59: ='Conveyor Downtime (new)'!A57 -> 0 | BH59: =SUM(B59:BG59) -> 0 | BI59: =BH59/$BH$66 -> 0
A60: ='Conveyor Downtime (new)'!A58 -> 0 | BH60: =SUM(B60:BG60) -> 0 | BI60: =BH60/$BH$66 -> 0
A61: ='Conveyor Downtime (new)'!A59 -> 0 | BH61: =SUM(B61:BG61) -> 0 | BI61: =BH61/$BH$66 -> 0
BH62: =SUM(B62:BG62) -> 0 | BI62: =BH62/$BH$66 -> 0
BH63: =SUM(B63:BG63) -> 0 | BI63: =BH63/$BH$66 -> 0
BH64: =SUM(B64:BG64) -> 0 | BI64: =BH64/$BH$66 -> 0
BH65: =SUM(B65:BG65) -> 0 | BI65: =BH65/$BH$66 -> 0
A66: Total | B66: =SUM(B8:B65) -> 0 | C66: =SUM(C8:C65) -> 0 | D66: =SUM(D8:D65) -> 0 | E66: =SUM(E8:E65) -> 0 | F66: =SUM(F8:F65) -> 0 | G66: =SUM(G8:G65) -> 5 | H66: =SUM(H8:H65) -> 487 | I66: =SUM(I8:I65) -> 290 | ... BH66: =SUM(BH8:BH65) -> 1282
A67: MTD | B67: =B66/$BH66 -> 0 | C67: =C66/$BH66 -> 0 | D67: =D66/$BH66 -> 0 | E67: =E66/$BH66 -> 0 | F67: =F66/$BH66 -> 0 | G67: =G66/$BH66 -> 0.003900156 | H67: =H66/$BH66 -> 0.3798752 | I67: =I66/$BH66 -> 0.22620905 | ... BG67: =BG66/$BH66 -> 0.028081123
A71: ='Conveyor Downtime (new)'!A67 -> 46055 | H71: =3+3 -> 6 | I71: 3 | P71: =4 -> 4 | BH71: =SUM(B71:BG71) -> 13 | BI71: =BH71/$BH$123 -> 0.003540305
A72: ='Conveyor Downtime (new)'!A68 -> 46055 | H72: =2+2+3+3+2 -> 12 | I72: =3+2+2+3+3 -> 13 | AK72: =13 -> 13 | BF72: =3+3 -> 6 | BH72: =SUM(B72:BG72) -> 44 | BI72: =BH72/$BH$123 -> 0.011982571
A73: ='Conveyor Downtime (new)'!A69 -> 46056 | H73: =3+3 -> 6 | I73: =2+3+4+3+4+5+10 -> 31 | P73: =5 -> 5 | AM73: =36+8 -> 44 | BH73: =SUM(B73:BG73) -> 86 | BI73: =BH73/$BH$123 -> 0.023420479
A74: ='Conveyor Downtime (new)'!A70 -> 46057 | H74: =4+3+9+9+7 -> 32 | I74: =6 -> 6 | AE74: =10 -> 10 | BH74: =SUM(B74:BG74) -> 48 | BI74: =BH74/$BH$123 -> 0.013071895
A75: ='Conveyor Downtime (new)'!A71 -> 46057 | I75: =4 -> 4 | BH75: =SUM(B75:BG75) -> 4 | BI75: =BH75/$BH$123 -> 0.0010893246
A76: ='Conveyor Downtime (new)'!A72 -> 46058 | BH76: =SUM(B76:BG76) -> 0 | BI76: =BH76/$BH$123 -> 0
A77: ='Conveyor Downtime (new)'!A73 -> 46058 | I77: =2+4+3+5+5 -> 19 | U77: 3 | BF77: =4 -> 4 | BH77: =SUM(B77:BG77) -> 26 | BI77: =BH77/$BH$123 -> 0.00708061
A78: ='Conveyor Downtime (new)'!A74 -> 46058 | I78: =5+7+3+2 -> 17 | BH78: =SUM(B78:BG78) -> 17 | BI78: =BH78/$BH$123 -> 0.0046296296
A79: ='Conveyor Downtime (new)'!A75 -> 46059 | H79: =3+5 -> 8 | I79: =2+10+8 -> 20 | BH79: =SUM(B79:BG79) -> 28 | BI79: =BH79/$BH$123 -> 0.0076252723
A80: ='Conveyor Downtime (new)'!A76 -> 46059 | H80: =13 -> 13 | I80: =11+3 -> 14 | BH80: =SUM(B80:BG80) -> 27 | BI80: =BH80/$BH$123 -> 0.0073529412
A81: ='Conveyor Downtime (new)'!A77 -> 46062 | I81: =5 -> 5 | AK81: =4 -> 4 | BH81: =SUM(B81:BG81) -> 9 | BI81: =BH81/$BH$123 -> 0.0024509804
A82: ='Conveyor Downtime (new)'!A78 -> 46062 | BH82: =SUM(B82:BG82) -> 0 | BI82: =BH82/$BH$123 -> 0
A83: ='Conveyor Downtime (new)'!A79 -> 46062 | H83: =3+2 -> 5 | I83: =3+6+3+2+3+3 -> 20 | BH83: =SUM(B83:BG83) -> 25 | BI83: =BH83/$BH$123 -> 0.0068082789
A84: ='Conveyor Downtime (new)'!A80 -> 46063 | I84: =5+7 -> 12 | BH84: =SUM(B84:BG84) -> 12 | BI84: =BH84/$BH$123 -> 0.0032679739
A85: ='Conveyor Downtime (new)'!A81 -> 46063 | BH85: =SUM(B85:BG85) -> 0 | BI85: =BH85/$BH$123 -> 0
A86: ='Conveyor Downtime (new)'!A82 -> 46063 | H86: 10 | I86: 4 | BH86: =SUM(B86:BG86) -> 14 | BI86: =BH86/$BH$123 -> 0.0038126362
A87: ='Conveyor Downtime (new)'!A83 -> 46064 | H87: =5+5+4 -> 14 | I87: =6+3+3+5 -> 17 | AE87: 12 | BF87: =5+3 -> 8 | BH87: =SUM(B87:BG87) -> 51 | BI87: =BH87/$BH$123 -> 0.013888889
A88: ='Conveyor Downtime (new)'!A84 -> 46064 | H88: =3+4+3+2+3+3 -> 18 | I88: =2+7+3+3+6+3+2+3+2+3+3 -> 37 | BG88: =18+60+10 -> 88 | BH88: =SUM(B88:BG88) -> 143 | BI88: =BH88/$BH$123 -> 0.038943355
A89: ='Conveyor Downtime (new)'!A85 -> 46065 | H89: =4+4+2+3+3+2 -> 18 | BF89: =10+3 -> 13 | BH89: =SUM(B89:BG89) -> 31 | BI89: =BH89/$BH$123 -> 0.0084422658
A90: ='Conveyor Downtime (new)'!A86 -> 46066 | H90: =4 -> 4 | BH90: =SUM(B90:BG90) -> 4 | BI90: =BH90/$BH$123 -> 0.0010893246
A91: ='Conveyor Downtime (new)'!A87 -> 46066 | H91: =3+2 -> 5 | BH91: =SUM(B91:BG91) -> 5 | BI91: =BH91/$BH$123 -> 0.0013616558
A92: ='Conveyor Downtime (new)'!A88 -> 46069 | H92: =7 -> 7 | I92: =5+4+3+2 -> 14 | M92: =3+4 -> 7 | BF92: 3 | BH92: =SUM(B92:BG92) -> 31 | BI92: =BH92/$BH$123 -> 0.0084422658
A93: ='Conveyor Downtime (new)'!A89 -> 46070 | G93: =9+24+60+60+60+60+60+540 -> 873 | H93: =2+3+3 -> 8 | I93: =6+10+5 -> 21 | BH93: =SUM(B93:BG93) -> 902 | BI93: =BH93/$BH$123 -> 0.2456427
A94: ='Conveyor Downtime (new)'!A90 -> 46071 | G94: 1440 | BH94: =SUM(B94:BG94) -> 1440 | BI94: =BH94/$BH$123 -> 0.39215686
A95: ='Conveyor Downtime (new)'!A91 -> 46072 | G95: =60+60 -> 120 | I95: =28+6 -> 34 | BF95: =5+6 -> 11 | BH95: =SUM(B95:BG95) -> 165 | BI95: =BH95/$BH$123 -> 0.044934641
A96: ='Conveyor Downtime (new)'!A92 -> 46072 | BH96: =SUM(B96:BG96) -> 0 | BI96: =BH96/$BH$123 -> 0
A97: ='Conveyor Downtime (new)'!A93 -> 46072 | I97: =3 -> 3 | BH97: =SUM(B97:BG97) -> 3 | BI97: =BH97/$BH$123 -> 0.00081699346
A98: ='Conveyor Downtime (new)'!A94 -> 46073 | I98: =9 -> 9 | BH98: =SUM(B98:BG98) -> 9 | BI98: =BH98/$BH$123 -> 0.0024509804
A99: ='Conveyor Downtime (new)'!A95 -> 46073 | H99: =4 -> 4 | I99: =5 -> 5 | BH99: =SUM(B99:BG99) -> 9 | BI99: =BH99/$BH$123 -> 0.0024509804
A100: ='Conveyor Downtime (new)'!A96 -> 46076 | H100: =3+5+6+5+5+3+4 -> 31 | I100: =6+5 -> 11 | BH100: =SUM(B100:BG100) -> 42 | BI100: =BH100/$BH$123 -> 0.011437908
A101: ='Conveyor Downtime (new)'!A97 -> 46077 | I101: =4+4+3+4 -> 15 | BH101: =SUM(B101:BG101) -> 15 | BI101: =BH101/$BH$123 -> 0.0040849673
A102: ='Conveyor Downtime (new)'!A98 -> 46077 | H102: =3 -> 3 | AE102: =3 -> 3 | BF102: =5+4+6+5+3+4+3 -> 30 | BH102: =SUM(B102:BG102) -> 36 | BI102: =BH102/$BH$123 -> 0.0098039216
A103: ='Conveyor Downtime (new)'!A99 -> 46078 | H103: =13+8+12+9+8+5+6+2+4+3+4+5 -> 79 | I103: =4+2+4 -> 10 | AS103: =5 -> 5 | BF103: 4 | BH103: =SUM(B103:BG103) -> 98 | BI103: =BH103/$BH$123 -> 0.026688453
A104: ='Conveyor Downtime (new)'!A100 -> 46079 | H104: =5+4+3+3+5+4 -> 24 | I104: =6+4 -> 10 | BF104: 4 | BH104: =SUM(B104:BG104) -> 38 | BI104: =BH104/$BH$123 -> 0.010348584
A105: ='Conveyor Downtime (new)'!A101 -> 46079 | H105: =6 -> 6 | BC105: =7 -> 7 | BF105: =5+7+6+4+5+4+4+3 -> 38 | BH105: =SUM(B105:BG105) -> 51 | BI105: =BH105/$BH$123 -> 0.013888889
A106: ='Conveyor Downtime (new)'!A102 -> 46080 | H106: =3+2+2 -> 7 | I106: 2 | BH106: =SUM(B106:BG106) -> 9 | BI106: =BH106/$BH$123 -> 0.0024509804
A107: ='Conveyor Downtime (new)'!A103 -> 46080 | H107: =7+6+5+6 -> 24 | I107: 3 | BF107: =8+7 -> 15 | BH107: =SUM(B107:BG107) -> 42 | BI107: =BH107/$BH$123 -> 0.011437908
...

Sheet EBI Downtime Detail
B3: EBI Downtime Issues
A4: Date | B4: Programming | C4: Software Malfunction (Reboot) | D4: EBI Screen | E4: Shaft | F4: Down/up Bottle Sensor | G4: Sonic gap detection | H4: Neck Finish Adjustments | I4: Base Camera | J4: Height Adjustment | K4: EBI Rejection table | L4: Servo Controller | M4: EBI Infeed fault | N4: Parameter Fault/Adjustment | O4: High Rejection | P4: False Rejection | Q4: Belt | R4: Safety Door | S4: EBI Speed | T4: Alignment Issues | U4: Fallen/ jam bottles EBI Starwheel | V4: Trouble shooting | W4: Vacuum Pressure | X4: OSW glass | Y4: Fallen/ jam bottles OSW | Z4: Rail Adjustments | AA4: Stuck Labels | AB4: LCM | AC4: Base Inspector | AD4: EBI Base Camera | AE4: Test bottles failure | AF4: Bolt | AG4: Cleaning | AH4: Faulty bottles passing EBI
A5: 2026
A6: ='Conveyor Downtime (new)'!A6 -> 46024 | O6: =6+5 -> 11 | AI6: =SUM(B6:AH6) -> 11 | AJ6: =AI6/$AI$67 -> 0.024663677
A7: ='Conveyor Downtime (new)'!A7 -> 46027 | AI7: =SUM(B7:AH7) -> 0 | AJ7: =AI7/$AI$67 -> 0
A8: ='Conveyor Downtime (new)'!A8 -> 46028 | AI8: =SUM(B8:AH8) -> 0 | AJ8: =AI8/$AI$67 -> 0
A9: ='Conveyor Downtime (new)'!A9 -> 46029 | AI9: =SUM(B9:AH9) -> 0 | AJ9: =AI9/$AI$67 -> 0
A10: ='Conveyor Downtime (new)'!A10 -> 46030 | O10: =2+10 -> 12 | AI10: =SUM(B10:AH10) -> 12 | AJ10: =AI10/$AI$67 -> 0.02690583
A11: ='Conveyor Downtime (new)'!A11 -> 46031 | N11: =37+10 -> 47 | O11: 2 | U11: =2+2+2 -> 6 | Y11: =2+2 -> 4 | AI11: =SUM(B11:AH11) -> 59 | AJ11: =AI11/$AI$67 -> 0.132287
A12: ='Conveyor Downtime (new)'!A12 -> 46031 | AI12: =SUM(B12:AH12) -> 0 | AJ12: =AI12/$AI$67 -> 0
A13: ='Conveyor Downtime (new)'!A13 -> 46032 | N13: =6+5+6 -> 17 | U13: =2 -> 2 | Y13: =2 -> 2 | AI13: =SUM(B13:AH13) -> 21 | AJ13: =AI13/$AI$67 -> 0.047085202
A14: ='Conveyor Downtime (new)'!A14 -> 46034 | O14: =5+4 -> 9 | AI14: =SUM(B14:AH14) -> 9 | AJ14: =AI14/$AI$67 -> 0.020179372
A15: ='Conveyor Downtime (new)'!A15 -> 46034 | AI15: =SUM(B15:AH15) -> 0 | AJ15: =AI15/$AI$67 -> 0
A16: ='Conveyor Downtime (new)'!A16 -> 46034 | AI16: =SUM(B16:AH16) -> 0 | AJ16: =AI16/$AI$67 -> 0
A17: ='Conveyor Downtime (new)'!A17 -> 46035 | I17: =1 -> 1 | Y17: =2 -> 2 | AI17: =SUM(B17:AH17) -> 3 | AJ17: =AI17/$AI$67 -> 0.0067264574
A18: ='Conveyor Downtime (new)'!A18 -> 46035 | Y18: =2+2+3 -> 7 | AI18: =SUM(B18:AH18) -> 7 | AJ18: =AI18/$AI$67 -> 0.015695067
A19: ='Conveyor Downtime (new)'!A19 -> 46036 | AI19: =SUM(B19:AH19) -> 0 | AJ19: =AI19/$AI$67 -> 0
A20: ='Conveyor Downtime (new)'!A20 -> 46036 | O20: =3+9 -> 12 | Y20: =1+2+2 -> 5 | AI20: =SUM(B20:AH20) -> 17 | AJ20: =AI20/$AI$67 -> 0.038116592
A21: ='Conveyor Downtime (new)'!A21 -> 46037 | O21: =8+2 -> 10 | Y21: =4+3+4+3+3+4+2+3 -> 26 | AI21: =SUM(B21:AH21) -> 36 | AJ21: =AI21/$AI$67 -> 0.080717489
A22: ='Conveyor Downtime (new)'!A22 -> 46037 | Y22: =2 -> 2 | AI22: =SUM(B22:AH22) -> 2 | AJ22: =AI22/$AI$67 -> 0.0044843049
A23: ='Conveyor Downtime (new)'!A23 -> 46038 | O23: =6+9 -> 15 | U23: =2+2 -> 4 | AI23: =SUM(B23:AH23) -> 19 | AJ23: =AI23/$AI$67 -> 0.042600897
A24: ='Conveyor Downtime (new)'!A24 -> 46038 | O24: =3+4 -> 7 | U24: =2 -> 2 | Y24: =3+2+2+2+3 -> 12 | AI24: =SUM(B24:AH24) -> 21 | AJ24: =AI24/$AI$67 -> 0.047085202
A25: ='Conveyor Downtime (new)'!A25 -> 46041 | O25: =3+1+1 -> 5 | P25: 3 | U25: =3+2 -> 5 | Y25: =2+2 -> 4 | AA25: 2 | AI25: =SUM(B25:AH25) -> 19 | AJ25: =AI25/$AI$67 -> 0.042600897
A26: ='Conveyor Downtime (new)'!A26 -> 46041 | Y26: =2 -> 2 | AI26: =SUM(B26:AH26) -> 2 | AJ26: =AI26/$AI$67 -> 0.0044843049
A27: ='Conveyor Downtime (new)'!A27 -> 46042 | O27: =1+1+1+1+1+2+1+1 -> 9 | U27: =2 -> 2 | AI27: =SUM(B27:AH27) -> 11 | AJ27: =AI27/$AI$67 -> 0.024663677
A28: ='Conveyor Downtime (new)'!A28 -> 46042 | N28: =5 -> 5 | O28: =6 -> 6 | U28: =4+1+2+1+2+1+2+2+2 -> 17 | AI28: =SUM(B28:AH28) -> 28 | AJ28: =AI28/$AI$67 -> 0.062780269
A29: ='Conveyor Downtime (new)'!A29 -> 46043 | AI29: =SUM(B29:AH29) -> 0 | AJ29: =AI29/$AI$67 -> 0
A30: ='Conveyor Downtime (new)'!A30 -> 46043 | O30: =2+2+2 -> 6 | AI30: =SUM(B30:AH30) -> 6 | AJ30: =AI30/$AI$67 -> 0.013452915
A31: ='Conveyor Downtime (new)'!A31 -> 46043 | N31: =4 -> 4 | U31: =2+2 -> 4 | AI31: =SUM(B31:AH31) -> 8 | AJ31: =AI31/$AI$67 -> 0.01793722
A32: ='Conveyor Downtime (new)'!A32 -> 46043 | AI32: =SUM(B32:AH32) -> 0 | AJ32: =AI32/$AI$67 -> 0
A33: ='Conveyor Downtime (new)'!A33 -> 46044 | AI33: =SUM(B33:AH33) -> 0 | AJ33: =AI33/$AI$67 -> 0
A34: ='Conveyor Downtime (new)'!A34 -> 46045 | AI34: =SUM(B34:AH34) -> 0 | AJ34: =AI34/$AI$67 -> 0
A35: ='Conveyor Downtime (new)'!A35 -> 46045 | O35: =1+9+4+2+8+2 -> 26 | U35: =2 -> 2 | AI35: =SUM(B35:AH35) -> 28 | AJ35: =AI35/$AI$67 -> 0.062780269
A36: ='Conveyor Downtime (new)'!A36 -> 46045 | U36: 3 | AI36: =SUM(B36:AH36) -> 3 | AJ36: =AI36/$AI$67 -> 0.0067264574
A37: ='Conveyor Downtime (new)'!A37 -> 46045 | AI37: =SUM(B37:AH37) -> 0 | AJ37: =AI37/$AI$67 -> 0
A38: ='Conveyor Downtime (new)'!A38 -> 46048 | U38: =2 -> 2 | AI38: =SUM(B38:AH38) -> 2 | AJ38: =AI38/$AI$67 -> 0.0044843049
A39: ='Conveyor Downtime (new)'!A39 -> 46048 | AI39: =SUM(B39:AH39) -> 0 | AJ39: =AI39/$AI$67 -> 0
A40: ='Conveyor Downtime (new)'!A40 -> 46049 | U40: =1+1+2 -> 4 | Y40: =2 -> 2 | AI40: =SUM(B40:AH40) -> 6 | AJ40: =AI40/$AI$67 -> 0.013452915
A41: ='Conveyor Downtime (new)'!A41 -> 46049 | AI41: =SUM(B41:AH41) -> 0 | AJ41: =AI41/$AI$67 -> 0
A42: ='Conveyor Downtime (new)'!A42 -> 46050 | Y42: =2+2 -> 4 | AI42: =SUM(B42:AH42) -> 4 | AJ42: =AI42/$AI$67 -> 0.0089686099
A43: ='Conveyor Downtime (new)'!A43 -> 46050 | P43: =3 -> 3 | Y43: =2+1+2+2+1+2+2+2+1+2+1+1+1+1+2 -> 23 | AI43: =SUM(B43:AH43) -> 26 | AJ43: =AI43/$AI$67 -> 0.058295964
A44: ='Conveyor Downtime (new)'!A44 -> 46050 | O44: 10 | U44: =10+3+4+5 -> 22 | AI44: =SUM(B44:AH44) -> 32 | AJ44: =AI44/$AI$67 -> 0.071748879
A45: ='Conveyor Downtime (new)'!A45 -> 46051 | V45: =4+3+4+3+3+5 -> 22 | AI45: =SUM(B45:AH45) -> 22 | AJ45: =AI45/$AI$67 -> 0.049327354
A46: ='Conveyor Downtime (new)'!A46 -> 46051 | AE46: =6 -> 6 | AI46: =SUM(B46:AH46) -> 6 | AJ46: =AI46/$AI$67 -> 0.013452915
A47: ='Conveyor Downtime (new)'!A47 -> 46051 | C47: =6 -> 6 | O47: =3+3+3+4 -> 13 | U47: =3+2 -> 5 | AI47: =SUM(B47:AH47) -> 24 | AJ47: =AI47/$AI$67 -> 0.053811659
A48: ='Conveyor Downtime (new)'!A48 -> 46051 | AI48: =SUM(B48:AH48) -> 0 | AJ48: =AI48/$AI$67 -> 0
A49: ='Conveyor Downtime (new)'!A49 -> 46052 | AI49: =SUM(B49:AH49) -> 0 | AJ49: =AI49/$AI$67 -> 0
A50: ='Conveyor Downtime (new)'!A50 -> 46052 | Y50: =2 -> 2 | AI50: =SUM(B50:AH50) -> 2 | AJ50: =AI50/$AI$67 -> 0.0044843049
A51: ='Conveyor Downtime (new)'!A51 -> 0 | AI51: =SUM(B51:AH51) -> 0 | AJ51: =AI51/$AI$67 -> 0
A52: ='Conveyor Downtime (new)'!A52 -> 0 | AI52: =SUM(B52:AH52) -> 0 | AJ52: =AI52/$AI$67 -> 0
A53: ='Conveyor Downtime (new)'!A53 -> 0 | AI53: =SUM(B53:AH53) -> 0 | AJ53: =AI53/$AI$67 -> 0
A54: ='Conveyor Downtime (new)'!A54 -> 0 | AI54: =SUM(B54:AH54) -> 0 | AJ54: =AI54/$AI$67 -> 0
A55: ='Conveyor Downtime (new)'!A55 -> 0 | AI55: =SUM(B55:AH55) -> 0 | AJ55: =AI55/$AI$67 -> 0
A56: ='Conveyor Downtime (new)'!A56 -> 0 | AI56: =SUM(B56:AH56) -> 0 | AJ56: =AI56/$AI$67 -> 0
A57: ='Conveyor Downtime (new)'!A57 -> 0 | AI57: =SUM(B57:AH57) -> 0 | AJ57: =AI57/$AI$67 -> 0
A58: ='Conveyor Downtime (new)'!A58 -> 0 | AI58: =SUM(B58:AH58) -> 0 | AJ58: =AI58/$AI$67 -> 0
A59: ='Conveyor Downtime (new)'!A59 -> 0 | AI59: =SUM(B59:AH59) -> 0 | AJ59: =AI59/$AI$67 -> 0
A60: ='Conveyor Downtime (new)'!A60 -> 0 | AI60: =SUM(B60:AH60) -> 0 | AJ60: =AI60/$AI$67 -> 0
AI61: =SUM(B61:AH61) -> 0 | AJ61: =AI61/$AI$67 -> 0
AI62: =SUM(B62:AH62) -> 0 | AJ62: =AI62/$AI$67 -> 0
AI63: =SUM(B63:AH63) -> 0 | AJ63: =AI63/$AI$67 -> 0
AI64: =SUM(B64:AH64) -> 0 | AJ64: =AI64/$AI$67 -> 0
AI65: =SUM(B65:AH65) -> 0 | AJ65: =AI65/$AI$67 -> 0
AI66: =SUM(B66:AH66) -> 0 | AJ66: =AI66/$AI$67 -> 0
A67: Total | B67: =SUM(B6:B66) -> 0 | C67: =SUM(C6:C66) -> 6 | D67: =SUM(D6:D66) -> 0 | E67: =SUM(E6:E66) -> 0 | F67: =SUM(F6:F66) -> 0 | G67: =SUM(G6:G66) -> 0 | H67: =SUM(H6:H66) -> 0 | I67: =SUM(I6:I66) -> 1 | ... AI67: =SUM(AI6:AI66) -> 446
A68: MTD | B68: =B67/$AI67 -> 0 | C68: =C67/$AI67 -> 0.013452915 | D68: =D67/$AI67 -> 0 | E68: =E67/$AI67 -> 0 | F68: =F67/$AI67 -> 0 | G68: =G67/$AI67 -> 0 | H68: =H67/$AI67 -> 0 | I68: =I67/$AI67 -> 0.0022421525 | ... AH68: =AH67/$AI67 -> 0
A71: ='Conveyor Downtime (new)'!A67 -> 46055 | M71: =4 -> 4 | O71: =3 -> 3 | Y71: =2 -> 2 | AI71: =SUM(B71:AH71) -> 9 | AJ71: =AI71/$AI$121 -> 0.005913272
A72: ='Conveyor Downtime (new)'!A68 -> 46055 | O72: 2 | AI72: =SUM(B72:AH72) -> 2 | AJ72: =AI72/$AI$121 -> 0.0013140604
A73: ='Conveyor Downtime (new)'!A69 -> 46056 | U73: =2+2 -> 4 | Y73: =2 -> 2 | AI73: =SUM(B73:AH73) -> 6 | AJ73: =AI73/$AI$121 -> 0.0039421813
A74: ='Conveyor Downtime (new)'!A70 -> 46057 | O74: =7 -> 7 | U74: =2+2+2 -> 6 | AH74: =3 -> 3 | AI74: =SUM(B74:AH74) -> 16 | AJ74: =AI74/$AI$121 -> 0.010512484
A75: ='Conveyor Downtime (new)'!A71 -> 46057 | O75: =5 -> 5 | AI75: =SUM(B75:AH75) -> 5 | AJ75: =AI75/$AI$121 -> 0.0032851511
A76: ='Conveyor Downtime (new)'!A72 -> 46058 | O76: =4 -> 4 | AI76: =SUM(B76:AH76) -> 4 | AJ76: =AI76/$AI$121 -> 0.0026281209
A77: ='Conveyor Downtime (new)'!A73 -> 46058 | B77: =6 -> 6 | O77: =10 -> 10 | U77: =2+1+2 -> 5 | Y77: =2 -> 2 | AD77: =2 -> 2 | AE77: =20 -> 20 | AI77: =SUM(B77:AH77) -> 45 | AJ77: =AI77/$AI$121 -> 0.02956636
A78: ='Conveyor Downtime (new)'!A74 -> 46058 | AI78: =SUM(B78:AH78) -> 0 | AJ78: =AI78/$AI$121 -> 0
A79: ='Conveyor Downtime (new)'!A75 -> 46059 | U79: =2+1+1 -> 4 | AI79: =SUM(B79:AH79) -> 4 | AJ79: =AI79/$AI$121 -> 0.0026281209
A80: ='Conveyor Downtime (new)'!A76 -> 46059 | AI80: =SUM(B80:AH80) -> 0 | AJ80: =AI80/$AI$121 -> 0
A81: ='Conveyor Downtime (new)'!A77 -> 46062 | AI81: =SUM(B81:AH81) -> 0 | AJ81: =AI81/$AI$121 -> 0
A82: ='Conveyor Downtime (new)'!A78 -> 46062 | AI82: =SUM(B82:AH82) -> 0 | AJ82: =AI82/$AI$121 -> 0
A83: ='Conveyor Downtime (new)'!A79 -> 46062 | U83: =2+1 -> 3 | Z83: =37 -> 37 | AI83: =SUM(B83:AH83) -> 40 | AJ83: =AI83/$AI$121 -> 0.026281209
A84: ='Conveyor Downtime (new)'!A80 -> 46063 | O84: =2 -> 2 | AI84: =SUM(B84:AH84) -> 2 | AJ84: =AI84/$AI$121 -> 0.0013140604
A85: ='Conveyor Downtime (new)'!A81 -> 46063 | L85: =3 -> 3 | AI85: =SUM(B85:AH85) -> 3 | AJ85: =AI85/$AI$121 -> 0.0019710907
A86: ='Conveyor Downtime (new)'!A82 -> 46063 | AI86: =SUM(B86:AH86) -> 0 | AJ86: =AI86/$AI$121 -> 0
A87: ='Conveyor Downtime (new)'!A83 -> 46064 | O87: =4 -> 4 | U87: =2 -> 2 | Y87: =2+2+2 -> 6 | AI87: =SUM(B87:AH87) -> 12 | AJ87: =AI87/$AI$121 -> 0.0078843627
A88: ='Conveyor Downtime (new)'!A84 -> 46064 | B88: =5 -> 5 | O88: =5+3 -> 8 | U88: =3+2 -> 5 | AE88: =9+24 -> 33 | AI88: =SUM(B88:AH88) -> 51 | AJ88: =AI88/$AI$121 -> 0.033508541
A89: ='Conveyor Downtime (new)'!A85 -> 46065 | C89: =6 -> 6 | O89: =3+3+4+2 -> 12 | S89: =2+2+2+2+1+2+2+2+1+1+2+2+2+2+1 -> 26 | U89: =2 -> 2 | AI89: =SUM(B89:AH89) -> 46 | AJ89: =AI89/$AI$121 -> 0.03022339
A90: ='Conveyor Downtime (new)'!A86 -> 46066 | U90: =2 -> 2 | AI90: =SUM(B90:AH90) -> 2 | AJ90: =AI90/$AI$121 -> 0.0013140604
A91: ='Conveyor Downtime (new)'!A87 -> 46066 | O91: =8 -> 8 | AI91: =SUM(B91:AH91) -> 8 | AJ91: =AI91/$AI$121 -> 0.0052562418
A92: ='Conveyor Downtime (new)'!A88 -> 46069 | L92: =6 -> 6 | O92: =4+2+3 -> 9 | U92: =2 -> 2 | AI92: =SUM(B92:AH92) -> 17 | AJ92: =AI92/$AI$121 -> 0.011169514
A93: ='Conveyor Downtime (new)'!A89 -> 46070 | O93: =5+4+2+3+3 -> 17 | U93: =2+2+1+1 -> 6 | AI93: =SUM(B93:AH93) -> 23 | AJ93: =AI93/$AI$121 -> 0.015111695
A94: ='Conveyor Downtime (new)'!A90 -> 46071 | AI94: =SUM(B94:AH94) -> 0 | AJ94: =AI94/$AI$121 -> 0
A95: ='Conveyor Downtime (new)'!A91 -> 46072 | O95: =3+4+6 -> 13 | U95: 2 | Y95: =2 -> 2 | AE95: =8+7+2+2+1+7+3+5+3 -> 38 | AI95: =SUM(B95:AH95) -> 55 | AJ95: =AI95/$AI$121 -> 0.036136662
A96: ='Conveyor Downtime (new)'!A92 -> 46072 | AE96: 9 | AI96: =SUM(B96:AH96) -> 9 | AJ96: =AI96/$AI$121 -> 0.005913272
A97: ='Conveyor Downtime (new)'!A93 -> 46072 | O97: =3 -> 3 | AI97: =SUM(B97:AH97) -> 3 | AJ97: =AI97/$AI$121 -> 0.0019710907
A98: ='Conveyor Downtime (new)'!A94 -> 46073 | S98: =3+4+3+3+2+2 -> 17 | AI98: =SUM(B98:AH98) -> 17 | AJ98: =AI98/$AI$121 -> 0.011169514
A99: ='Conveyor Downtime (new)'!A95 -> 46073 | U99: =1 -> 1 | AI99: =SUM(B99:AH99) -> 1 | AJ99: =AI99/$AI$121 -> 0.00065703022
A100: ='Conveyor Downtime (new)'!A96 -> 46076 | O100: =7+6+4+4+4+4+3+4+2+4 -> 42 | U100: =3+2+3 -> 8 | Y100: =3+2 -> 5 | AE100: =12+6 -> 18 | AI100: =SUM(B100:AH100) -> 73 | AJ100: =AI100/$AI$121 -> 0.047963206
A101: ='Conveyor Downtime (new)'!A97 -> 46077 | O101: =5+3 -> 8 | U101: =1+2 -> 3 | AI101: =SUM(B101:AH101) -> 11 | AJ101: =AI101/$AI$121 -> 0.0072273325
A102: ='Conveyor Downtime (new)'!A98 -> 46077 | O102: =4+3+3+2+3+3+4+2+4+2+3+7+3 -> 43 | U102: =3+2+3+3+4+4+3+2 -> 24 | AE102: =26+16 -> 42 | AI102: =SUM(B102:AH102) -> 109 | AJ102: =AI102/$AI$121 -> 0.071616294
A103: ='Conveyor Downtime (new)'!A99 -> 46078 | N103: =10 -> 10 | O103: =4+5+6+2+7+8+3+4+5+25+10 -> 79 | V103: =10+11+6+10+19 -> 56 | Y103: =2+2 -> 4 | AI103: =SUM(B103:AH103) -> 149 | AJ103: =AI103/$AI$121 -> 0.097897503
A104: ='Conveyor Downtime (new)'!A100 -> 46079 | V104: =14+44+60+60+60+60+60+47+5+60+60+60+60+60 -> 710 | AI104: =SUM(B104:AH104) -> 710 | AJ104: =AI104/$AI$121 -> 0.46649146
...

Sheet Filler Downtime Detail
B2: Filler Downtime Issues
A3: Date | B3: Stuck Crowns (Chute/Hopper) | C3: Transfer plate | D3: Hopper Plate closed in | E3: VFD | F3: Crowner Flush | G3: Air Dryer Fault | H3: Fobber | I3: Crown conveyor) Transport Belt | J3: Nipples | K3: Crowner Sorter | L3: Bottle stop | M3: Bottle burst | N3: Start Up Adj. | O3: Low Air | P3: Fill Volume | Q3: Plunger for bottle type | R3: Bottle Pads | S3: Software/ Electrical issue | T3: Cleaning/Adjustments | U3: Starwheel (bottle jam) | V3: Filling Valves (Actuated Diaphragm) | W3: Filling tubes / Centering cups | X3: CO2 Valve | Y3: Sensor Malfunction/ Cleaning | Z3: Communication Fault (Unit) | AA3: Centering bell | AB3: Crown chute screw adjustment | AC3: Crowner adjustments | AD3: Gas Needle | AE3: Leg | AF3: Height Adjustment | AG3: Crimp Test (Adjustment) | AH3: CIP Plant | AI3: Vacuum pump | AJ3: Filler Infeed
A4: 2026
A5: ='Conveyor Downtime (new)'!A6 -> 46024 | G5: =2 -> 2 | Y5: =32 -> 32 | AK5: =SUM(B5:AJ5) -> 34 | AL5: =AK5/$AK$62 -> 0.12274368
A6: ='Conveyor Downtime (new)'!A7 -> 46027 | AK6: =SUM(B6:AJ6) -> 0 | AL6: =AK6/$AK$62 -> 0
A7: ='Conveyor Downtime (new)'!A8 -> 46028 | AK7: =SUM(B7:AJ7) -> 0 | AL7: =AK7/$AK$62 -> 0
A8: ='Conveyor Downtime (new)'!A9 -> 46029 | AK8: =SUM(B8:AJ8) -> 0 | AL8: =AK8/$AK$62 -> 0
A9: ='Conveyor Downtime (new)'!A10 -> 46030 | F9: =1 -> 1 | AK9: =SUM(B9:AJ9) -> 1 | AL9: =AK9/$AK$62 -> 0.0036101083
A10: ='Conveyor Downtime (new)'!A11 -> 46031 | F10: =1 -> 1 | AK10: =SUM(B10:AJ10) -> 1 | AL10: =AK10/$AK$62 -> 0.0036101083
A11: ='Conveyor Downtime (new)'!A12 -> 46031 | AK11: =SUM(B11:AJ11) -> 0 | AL11: =AK11/$AK$62 -> 0
A12: ='Conveyor Downtime (new)'!A13 -> 46032 | B12: =4 -> 4 | F12: =1 -> 1 | AE12: =9 -> 9 | AK12: =SUM(B12:AJ12) -> 14 | AL12: =AK12/$AK$62 -> 0.050541516
A13: ='Conveyor Downtime (new)'!A14 -> 46034 | F13: =1 -> 1 | W13: =4 -> 4 | AF13: =3 -> 3 | AK13: =SUM(B13:AJ13) -> 8 | AL13: =AK13/$AK$62 -> 0.028880866
A14: ='Conveyor Downtime (new)'!A15 -> 46034 | F14: =1 -> 1 | AK14: =SUM(B14:AJ14) -> 1 | AL14: =AK14/$AK$62 -> 0.0036101083
A15: ='Conveyor Downtime (new)'!A16 -> 46034 | AK15: =SUM(B15:AJ15) -> 0 | AL15: =AK15/$AK$62 -> 0
A16: ='Conveyor Downtime (new)'!A17 -> 46035 | F16: =1+1+1 -> 3 | O16: =4 -> 4 | Z16: =15 -> 15 | AK16: =SUM(B16:AJ16) -> 22 | AL16: =AK16/$AK$62 -> 0.079422383
A17: ='Conveyor Downtime (new)'!A18 -> 46035 | F17: =1+1 -> 2 | AK17: =SUM(B17:AJ17) -> 2 | AL17: =AK17/$AK$62 -> 0.0072202166
A18: ='Conveyor Downtime (new)'!A19 -> 46036 | F18: =1+1 -> 2 | P18: 4 | AK18: =SUM(B18:AJ18) -> 6 | AL18: =AK18/$AK$62 -> 0.02166065
A19: ='Conveyor Downtime (new)'!A20 -> 46036 | B19: =10 -> 10 | F19: =1+1+1 -> 3 | AK19: =SUM(B19:AJ19) -> 13 | AL19: =AK19/$AK$62 -> 0.046931408
A20: ='Conveyor Downtime (new)'!A21 -> 46037 | B20: =3+2+2+3 -> 10 | F20: =1+1 -> 2 | AK20: =SUM(B20:AJ20) -> 12 | AL20: =AK20/$AK$62 -> 0.0433213
A21: ='Conveyor Downtime (new)'!A22 -> 46037 | AD21: =15 -> 15 | AK21: =SUM(B21:AJ21) -> 15 | AL21: =AK21/$AK$62 -> 0.054151625
A22: ='Conveyor Downtime (new)'!A23 -> 46038 | B22: =3+4 -> 7 | F22: =1 -> 1 | AK22: =SUM(B22:AJ22) -> 8 | AL22: =AK22/$AK$62 -> 0.028880866
A23: ='Conveyor Downtime (new)'!A24 -> 46038 | B23: =1+2+1+2 -> 6 | F23: =1+1 -> 2 | AK23: =SUM(B23:AJ23) -> 8 | AL23: =AK23/$AK$62 -> 0.028880866
A24: ='Conveyor Downtime (new)'!A25 -> 46041 | B24: =2+1+2+1 -> 6 | F24: =1+2+1 -> 4 | AK24: =SUM(B24:AJ24) -> 10 | AL24: =AK24/$AK$62 -> 0.036101083
A25: ='Conveyor Downtime (new)'!A26 -> 46041 | B25: =1 -> 1 | AK25: =SUM(B25:AJ25) -> 1 | AL25: =AK25/$AK$62 -> 0.0036101083
A26: ='Conveyor Downtime (new)'!A27 -> 46042 | B26: =2+4 -> 6 | Z26: =3+60 -> 63 | AK26: =SUM(B26:AJ26) -> 69 | AL26: =AK26/$AK$62 -> 0.24909747
A27: ='Conveyor Downtime (new)'!A28 -> 46042 | B27: =1+1+1 -> 3 | F27: =1+1 -> 2 | AK27: =SUM(B27:AJ27) -> 5 | AL27: =AK27/$AK$62 -> 0.018050542
A28: ='Conveyor Downtime (new)'!A29 -> 46043 | AK28: =SUM(B28:AJ28) -> 0 | AL28: =AK28/$AK$62 -> 0
A29: ='Conveyor Downtime (new)'!A30 -> 46043 | AK29: =SUM(B29:AJ29) -> 0 | AL29: =AK29/$AK$62 -> 0
A30: ='Conveyor Downtime (new)'!A31 -> 46043 | AK30: =SUM(B30:AJ30) -> 0 | AL30: =AK30/$AK$62 -> 0
A31: ='Conveyor Downtime (new)'!A32 -> 46043 | AK31: =SUM(B31:AJ31) -> 0 | AL31: =AK31/$AK$62 -> 0
A32: ='Conveyor Downtime (new)'!A33 -> 46044 | AK32: =SUM(B32:AJ32) -> 0 | AL32: =AK32/$AK$62 -> 0
A33: ='Conveyor Downtime (new)'!A34 -> 46045 | AK33: =SUM(B33:AJ33) -> 0 | AL33: =AK33/$AK$62 -> 0
A34: ='Conveyor Downtime (new)'!A35 -> 46045 | AK34: =SUM(B34:AJ34) -> 0 | AL34: =AK34/$AK$62 -> 0
A35: ='Conveyor Downtime (new)'!A36 -> 46045 | B35: =1 -> 1 | AK35: =SUM(B35:AJ35) -> 1 | AL35: =AK35/$AK$62 -> 0.0036101083
A36: ='Conveyor Downtime (new)'!A37 -> 46045 | C36: =2+3 -> 5 | AK36: =SUM(B36:AJ36) -> 5 | AL36: =AK36/$AK$62 -> 0.018050542
A37: ='Conveyor Downtime (new)'!A38 -> 46048 | AK37: =SUM(B37:AJ37) -> 0 | AL37: =AK37/$AK$62 -> 0
A38: ='Conveyor Downtime (new)'!A39 -> 46048 | AK38: =SUM(B38:AJ38) -> 0 | AL38: =AK38/$AK$62 -> 0
A39: ='Conveyor Downtime (new)'!A40 -> 46049 | B39: =3 -> 3 | F39: =1+1 -> 2 | T39: =5 -> 5 | AK39: =SUM(B39:AJ39) -> 10 | AL39: =AK39/$AK$62 -> 0.036101083
A40: ='Conveyor Downtime (new)'!A41 -> 46049 | AK40: =SUM(B40:AJ40) -> 0 | AL40: =AK40/$AK$62 -> 0
A41: ='Conveyor Downtime (new)'!A42 -> 46050 | F41: =1 -> 1 | AK41: =SUM(B41:AJ41) -> 1 | AL41: =AK41/$AK$62 -> 0.0036101083
A42: ='Conveyor Downtime (new)'!A43 -> 46050 | F42: 1 | AK42: =SUM(B42:AJ42) -> 1 | AL42: =AK42/$AK$62 -> 0.0036101083
A43: ='Conveyor Downtime (new)'!A44 -> 46050 | T43: 5 | W43: =10 -> 10 | AK43: =SUM(B43:AJ43) -> 15 | AL43: =AK43/$AK$62 -> 0.054151625
A44: ='Conveyor Downtime (new)'!A45 -> 46051 | B44: =3+2+1+1+1 -> 8 | AK44: =SUM(B44:AJ44) -> 8 | AL44: =AK44/$AK$62 -> 0.028880866
A45: ='Conveyor Downtime (new)'!A46 -> 46051 | AK45: =SUM(B45:AJ45) -> 0 | AL45: =AK45/$AK$62 -> 0
A46: ='Conveyor Downtime (new)'!A47 -> 46051 | B46: =1+1 -> 2 | F46: 1 | AK46: =SUM(B46:AJ46) -> 3 | AL46: =AK46/$AK$62 -> 0.010830325
A47: ='Conveyor Downtime (new)'!A48 -> 46051 | AK47: =SUM(B47:AJ47) -> 0 | AL47: =AK47/$AK$62 -> 0
A48: ='Conveyor Downtime (new)'!A49 -> 46052 | AK48: =SUM(B48:AJ48) -> 0 | AL48: =AK48/$AK$62 -> 0
A49: ='Conveyor Downtime (new)'!A50 -> 46052 | F49: =1 -> 1 | O49: =2 -> 2 | AK49: =SUM(B49:AJ49) -> 3 | AL49: =AK49/$AK$62 -> 0.010830325
A50: ='Conveyor Downtime (new)'!A51 -> 0 | AK50: =SUM(B50:AJ50) -> 0 | AL50: =AK50/$AK$62 -> 0
A51: ='Conveyor Downtime (new)'!A52 -> 0 | AK51: =SUM(B51:AJ51) -> 0 | AL51: =AK51/$AK$62 -> 0
A52: ='Conveyor Downtime (new)'!A53 -> 0 | AK52: =SUM(B52:AJ52) -> 0 | AL52: =AK52/$AK$62 -> 0
A53: ='Conveyor Downtime (new)'!A54 -> 0 | AK53: =SUM(B53:AJ53) -> 0 | AL53: =AK53/$AK$62 -> 0
AK54: =SUM(B54:AJ54) -> 0 | AL54: =AK54/$AK$62 -> 0
AK55: =SUM(B55:AJ55) -> 0 | AL55: =AK55/$AK$62 -> 0
AK56: =SUM(B56:AJ56) -> 0 | AL56: =AK56/$AK$62 -> 0
AK57: =SUM(B57:AJ57) -> 0 | AL57: =AK57/$AK$62 -> 0
AK58: =SUM(B58:AJ58) -> 0 | AL58: =AK58/$AK$62 -> 0
AK59: =SUM(B59:AJ59) -> 0 | AL59: =AK59/$AK$62 -> 0
AK60: =SUM(B60:AJ60) -> 0 | AL60: =AK60/$AK$62 -> 0
AK61: =SUM(B61:AJ61) -> 0 | AL61: =AK61/$AK$62 -> 0
A62: Total | B62: =SUM(B5:B61) -> 67 | C62: =SUM(C5:C61) -> 5 | D62: =SUM(D5:D61) -> 0 | E62: =SUM(E5:E61) -> 0 | F62: =SUM(F5:F61) -> 32 | G62: =SUM(G5:G61) -> 2 | H62: =SUM(H5:H61) -> 0 | I62: =SUM(I5:I61) -> 0 | ... AK62: =SUM(AK5:AK61) -> 277
A63: MTD | B63: =B62/$AK62 -> 0.24187726 | C63: =C62/$AK62 -> 0.018050542 | D63: =D62/$AK62 -> 0 | E63: =E62/$AK62 -> 0 | F63: =F62/$AK62 -> 0.11552347 | G63: =G62/$AK62 -> 0.0072202166 | H63: =H62/$AK62 -> 0 | I63: =I62/$AK62 -> 0 | ... AJ63: =AJ62/$AK62 -> 0
A67: ='Conveyor Downtime (new)'!A67 -> 46055 | F67: =1 -> 1 | L67: =6 -> 6 | AK67: =SUM(B67:AJ67) -> 7 | AL67: =AK67/$AK$62 -> 0.025270758
A68: ='Conveyor Downtime (new)'!A68 -> 46055 | B68: =1 -> 1 | F68: =1 -> 1 | AJ68: =3 -> 3 | AK68: =SUM(B68:AJ68) -> 5 | AL68: =AK68/$AK$62 -> 0.018050542
A69: ='Conveyor Downtime (new)'!A69 -> 46056 | B69: =2+1+1 -> 4 | F69: =1+1 -> 2 | AK69: =SUM(B69:AJ69) -> 6 | AL69: =AK69/$AK$62 -> 0.02166065
A70: ='Conveyor Downtime (new)'!A70 -> 46057 | B70: =1+1+1+2+2 -> 7 | F70: =1 -> 1 | AC70: =14+4+4 -> 22 | AK70: =SUM(B70:AJ70) -> 30 | AL70: =AK70/$AK$62 -> 0.10830325
A71: ='Conveyor Downtime (new)'!A71 -> 46057 | F71: =1 -> 1 | Y71: =6+38+60+6 -> 110 | AK71: =SUM(B71:AJ71) -> 111 | AL71: =AK71/$AK$62 -> 0.40072202
A72: ='Conveyor Downtime (new)'!A72 -> 46058 | B72: =3+1 -> 4 | F72: 1 | AK72: =SUM(B72:AJ72) -> 5 | AL72: =AK72/$AK$62 -> 0.018050542
A73: ='Conveyor Downtime (new)'!A73 -> 46058 | B73: =1+1+2 -> 4 | F73: =1 -> 1 | AK73: =SUM(B73:AJ73) -> 5 | AL73: =AK73/$AK$62 -> 0.018050542
A74: ='Conveyor Downtime (new)'!A74 -> 46058 | AK74: =SUM(B74:AJ74) -> 0 | AL74: =AK74/$AK$62 -> 0
A75: ='Conveyor Downtime (new)'!A75 -> 46059 | B75: =3 -> 3 | F75: =1+1 -> 2 | T75: 4 | AK75: =SUM(B75:AJ75) -> 9 | AL75: =AK75/$AK$62 -> 0.032490975
A76: ='Conveyor Downtime (new)'!A76 -> 46059 | AK76: =SUM(B76:AJ76) -> 0 | AL76: =AK76/$AK$62 -> 0
A77: ='Conveyor Downtime (new)'!A77 -> 46062 | F77: =2 -> 2 | AK77: =SUM(B77:AJ77) -> 2 | AL77: =AK77/$AK$62 -> 0.0072202166
A78: ='Conveyor Downtime (new)'!A78 -> 46062 | AK78: =SUM(B78:AJ78) -> 0 | AL78: =AK78/$AK$62 -> 0
A79: ='Conveyor Downtime (new)'!A79 -> 46062 | B79: =2+1 -> 3 | I79: =12 -> 12 | AK79: =SUM(B79:AJ79) -> 15 | AL79: =AK79/$AK$62 -> 0.054151625
A80: ='Conveyor Downtime (new)'!A80 -> 46063 | B80: =2 -> 2 | AK80: =SUM(B80:AJ80) -> 2 | AL80: =AK80/$AK$62 -> 0.0072202166
A81: ='Conveyor Downtime (new)'!A81 -> 46063 | AK81: =SUM(B81:AJ81) -> 0 | AL81: =AK81/$AK$62 -> 0
A82: ='Conveyor Downtime (new)'!A82 -> 46063 | AK82: =SUM(B82:AJ82) -> 0 | AL82: =AK82/$AK$62 -> 0
A83: ='Conveyor Downtime (new)'!A83 -> 46064 | F83: =1+1+1 -> 3 | AK83: =SUM(B83:AJ83) -> 3 | AL83: =AK83/$AK$62 -> 0.010830325
A84: ='Conveyor Downtime (new)'!A84 -> 46064 | B84: =2 -> 2 | AK84: =SUM(B84:AJ84) -> 2 | AL84: =AK84/$AK$62 -> 0.0072202166
A85: ='Conveyor Downtime (new)'!A85 -> 46065 | B85: =1 -> 1 | F85: =1+1 -> 2 | AK85: =SUM(B85:AJ85) -> 3 | AL85: =AK85/$AK$62 -> 0.010830325
A86: ='Conveyor Downtime (new)'!A86 -> 46066 | F86: =1 -> 1 | AK86: =SUM(B86:AJ86) -> 1 | AL86: =AK86/$AK$62 -> 0.0036101083
A87: ='Conveyor Downtime (new)'!A87 -> 46066 | AK87: =SUM(B87:AJ87) -> 0 | AL87: =AK87/$AK$62 -> 0
A88: ='Conveyor Downtime (new)'!A88 -> 46069 | F88: =1+1+1 -> 3 | AK88: =SUM(B88:AJ88) -> 3 | AL88: =AK88/$AK$62 -> 0.010830325
A89: ='Conveyor Downtime (new)'!A89 -> 46070 | B89: =1 -> 1 | F89: =1 -> 1 | H89: =13 -> 13 | AK89: =SUM(B89:AJ89) -> 15 | AL89: =AK89/$AK$62 -> 0.054151625
A90: ='Conveyor Downtime (new)'!A90 -> 46071 | AK90: =SUM(B90:AJ90) -> 0 | AL90: =AK90/$AK$62 -> 0
A91: ='Conveyor Downtime (new)'!A91 -> 46072 | F91: =1 -> 1 | AK91: =SUM(B91:AJ91) -> 1 | AL91: =AK91/$AK$62 -> 0.0036101083
A92: ='Conveyor Downtime (new)'!A92 -> 46072 | C92: =1+3 -> 4 | AK92: =SUM(B92:AJ92) -> 4 | AL92: =AK92/$AK$62 -> 0.014440433
A93: ='Conveyor Downtime (new)'!A93 -> 46072 | AK93: =SUM(B93:AJ93) -> 0 | AL93: =AK93/$AK$62 -> 0
A94: ='Conveyor Downtime (new)'!A94 -> 46073 | AK94: =SUM(B94:AJ94) -> 0 | AL94: =AK94/$AK$62 -> 0
A95: ='Conveyor Downtime (new)'!A95 -> 46073 | F95: =1+1 -> 2 | AK95: =SUM(B95:AJ95) -> 2 | AL95: =AK95/$AK$62 -> 0.0072202166
A96: ='Conveyor Downtime (new)'!A96 -> 46076 | F96: =1 -> 1 | AK96: =SUM(B96:AJ96) -> 1 | AL96: =AK96/$AK$62 -> 0.0036101083
A97: ='Conveyor Downtime (new)'!A97 -> 46077 | F97: =1+1+1 -> 3 | AK97: =SUM(B97:AJ97) -> 3 | AL97: =AK97/$AK$62 -> 0.010830325
A98: ='Conveyor Downtime (new)'!A98 -> 46077 | F98: 1 | AK98: =SUM(B98:AJ98) -> 1 | AL98: =AK98/$AK$62 -> 0.0036101083
A99: ='Conveyor Downtime (new)'!A99 -> 46078 | F99: =1 -> 1 | AK99: =SUM(B99:AJ99) -> 1 | AL99: =AK99/$AK$62 -> 0.0036101083
A100: ='Conveyor Downtime (new)'!A100 -> 46079 | B100: 1 | F100: 1 | AK100: =SUM(B100:AJ100) -> 2 | AL100: =AK100/$AK$62 -> 0.0072202166
A101: ='Conveyor Downtime (new)'!A101 -> 46079 | F101: 1 | AK101: =SUM(B101:AJ101) -> 1 | AL101: =AK101/$AK$62 -> 0.0036101083
A102: ='Conveyor Downtime (new)'!A102 -> 46080 | F102: =1+1 -> 2 | AK102: =SUM(B102:AJ102) -> 2 | AL102: =AK102/$AK$62 -> 0.0072202166
A103: ='Conveyor Downtime (new)'!A103 -> 46080 | B103: =2+1+1 -> 4 | C103: 1 | AK103: =SUM(B103:AJ103) -> 5 | AL103: =AK103/$AK$62 -> 0.018050542
A104: ='Conveyor Downtime (new)'!A104 -> 46080 | AK104: =SUM(B104:AJ104) -> 0 | AL104: =AK104/$AK$62 -> 0
...

Sheet Pasteurizer Downtime Detail
B2: Pasteurizer Downtime Issues
A3: Date | B3: Hydraulics Malfunction | C3: Seal | D3: Cut off | E3: Teperature Gauge | F3: Pump Malfunction | G3: High PU | H3: Low PU | I3: Dry Run | J3: Burnt Fuse | K3: Low Temperature | L3: Sensor | M3: Main Valve wheel | N3: Steam line regulator flow | O3: Filter | P3: Air Leak | Q3: Nozzle/ Spray Jets | R3: Steam Leak (gasket, line) | S3: High Temperature | T3: Temperature Display Unit | U3: Man Hole | V3: Tank 3/ 5 | W3: Dead Plate | X3: Tank 4 | Y3: Air Quality/ Moisture
A4: 2026
A5: ='Conveyor Downtime (new)'!A6 -> 46024 | Z5: =SUM(B5:Y5) -> 0 | AA5: =Z5/$Z$68 -> 0
A6: ='Conveyor Downtime (new)'!A7 -> 46027 | Z6: =SUM(B6:Y6) -> 0 | AA6: =Z6/$Z$68 -> 0
A7: ='Conveyor Downtime (new)'!A8 -> 46028 | Z7: =SUM(B7:Y7) -> 0 | AA7: =Z7/$Z$68 -> 0
A8: ='Conveyor Downtime (new)'!A9 -> 46029 | Z8: =SUM(B8:Y8) -> 0 | AA8: =Z8/$Z$68 -> 0
A9: ='Conveyor Downtime (new)'!A10 -> 46030 | Z9: =SUM(B9:Y9) -> 0 | AA9: =Z9/$Z$68 -> 0
A10: ='Conveyor Downtime (new)'!A11 -> 46031 | Z10: =SUM(B10:Y10) -> 0 | AA10: =Z10/$Z$68 -> 0
A11: ='Conveyor Downtime (new)'!A12 -> 46031 | Z11: =SUM(B11:Y11) -> 0 | AA11: =Z11/$Z$68 -> 0
A12: ='Conveyor Downtime (new)'!A13 -> 46032 | Z12: =SUM(B12:Y12) -> 0 | AA12: =Z12/$Z$68 -> 0
A13: ='Conveyor Downtime (new)'!A14 -> 46034 | Z13: =SUM(B13:Y13) -> 0 | AA13: =Z13/$Z$68 -> 0
A14: ='Conveyor Downtime (new)'!A15 -> 46034 | Z14: =SUM(B14:Y14) -> 0 | AA14: =Z14/$Z$68 -> 0
A15: ='Conveyor Downtime (new)'!A16 -> 46034 | Z15: =SUM(B15:Y15) -> 0 | AA15: =Z15/$Z$68 -> 0
A16: ='Conveyor Downtime (new)'!A17 -> 46035 | Z16: =SUM(B16:Y16) -> 0 | AA16: =Z16/$Z$68 -> 0
... A18: ='Conveyor Downtime (new)'!A19 -> 46036 | Z18: =SUM(B18:Y18) -> 0 | AA18: =Z18/$Z$68 -> 0
A19: ='Conveyor Downtime (new)'!A20 -> 46036 | K19: =16 -> 16 | Z19: =SUM(B19:Y19) -> 16 | AA19: =Z19/$Z$68 -> 0.01849711
A20: ='Conveyor Downtime (new)'!A21 -> 46037 | I20: 26 | Z20: =SUM(B20:Y20) -> 26 | AA20: =Z20/$Z$68 -> 0.030057803
A21: ='Conveyor Downtime (new)'!A22 -> 46037 | Z21: =SUM(B21:Y21) -> 0 | AA21: =Z21/$Z$68 -> 0
A22: ='Conveyor Downtime (new)'!A23 -> 46038 | K22: =30 -> 30 | Z22: =SUM(B22:Y22) -> 30 | AA22: =Z22/$Z$68 -> 0.034682081
A23: ='Conveyor Downtime (new)'!A24 -> 46038 | F23: 2 | Z23: =SUM(B23:Y23) -> 2 | AA23: =Z23/$Z$68 -> 0.0023121387
A24: ='Conveyor Downtime (new)'!A25 -> 46041 | Z24: =SUM(B24:Y24) -> 0 | AA24: =Z24/$Z$68 -> 0
A25: ='Conveyor Downtime (new)'!A26 -> 46041 | Z25: =SUM(B25:Y25) -> 0 | AA25: =Z25/$Z$68 -> 0
A26: ='Conveyor Downtime (new)'!A27 -> 46042 | B26: =3+3 -> 6 | Z26: =SUM(B26:Y26) -> 6 | AA26: =Z26/$Z$68 -> 0.0069364162
A27: ='Conveyor Downtime (new)'!A28 -> 46042 | B27: =9 -> 9 | Z27: =SUM(B27:Y27) -> 9 | AA27: =Z27/$Z$68 -> 0.010404624
A28: ='Conveyor Downtime (new)'!A29 -> 46043 | Z28: =SUM(B28:Y28) -> 0 | AA28: =Z28/$Z$68 -> 0
A29: ='Conveyor Downtime (new)'!A30 -> 46043 | Z29: =SUM(B29:Y29) -> 0 | AA29: =Z29/$Z$68 -> 0
A30: ='Conveyor Downtime (new)'!A31 -> 46043 | Z30: =SUM(B30:Y30) -> 0 | AA30: =Z30/$Z$68 -> 0
A31: ='Conveyor Downtime (new)'!A32 -> 46043 | Z31: =SUM(B31:Y31) -> 0 | AA31: =Z31/$Z$68 -> 0
A32: ='Conveyor Downtime (new)'!A33 -> 46044 | Z32: =SUM(B32:Y32) -> 0 | AA32: =Z32/$Z$68 -> 0
A33: ='Conveyor Downtime (new)'!A34 -> 46045 | Z33: =SUM(B33:Y33) -> 0 | AA33: =Z33/$Z$68 -> 0
A34: ='Conveyor Downtime (new)'!A35 -> 46045 | Z34: =SUM(B34:Y34) -> 0 | AA34: =Z34/$Z$68 -> 0
A35: ='Conveyor Downtime (new)'!A36 -> 46045 | Z35: =SUM(B35:Y35) -> 0 | AA35: =Z35/$Z$68 -> 0
A36: ='Conveyor Downtime (new)'!A37 -> 46045 | Z36: =SUM(B36:Y36) -> 0 | AA36: =Z36/$Z$68 -> 0
A37: ='Conveyor Downtime (new)'!A38 -> 46048 | Z37: =SUM(B37:Y37) -> 0 | AA37: =Z37/$Z$68 -> 0
A38: ='Conveyor Downtime (new)'!A39 -> 46048 | F38: =51+480+60+60+21 -> 672 | G38: =7 -> 7 | K38: =12+60+25 -> 97 | Z38: =SUM(B38:Y38) -> 776 | AA38: =Z38/$Z$68 -> 0.89710983
A39: ='Conveyor Downtime (new)'!A40 -> 46049 | Z39: =SUM(B39:Y39) -> 0 | AA39: =Z39/$Z$68 -> 0
A40: ='Conveyor Downtime (new)'!A41 -> 46049 | Z40: =SUM(B40:Y40) -> 0 | AA40: =Z40/$Z$68 -> 0
A41: ='Conveyor Downtime (new)'!A42 -> 46050 | Z41: =SUM(B41:Y41) -> 0 | AA41: =Z41/$Z$68 -> 0
A42: ='Conveyor Downtime (new)'!A43 -> 46050 | Z42: =SUM(B42:Y42) -> 0 | AA42: =Z42/$Z$68 -> 0
A43: ='Conveyor Downtime (new)'!A44 -> 46050 | Z43: =SUM(B43:Y43) -> 0 | AA43: =Z43/$Z$68 -> 0
A44: ='Conveyor Downtime (new)'!A45 -> 46051 | Z44: =SUM(B44:Y44) -> 0 | AA44: =Z44/$Z$68 -> 0
A45: ='Conveyor Downtime (new)'!A46 -> 46051 | Z45: =SUM(B45:Y45) -> 0 | AA45: =Z45/$Z$68 -> 0
A46: ='Conveyor Downtime (new)'!A47 -> 46051 | Z46: =SUM(B46:Y46) -> 0 | AA46: =Z46/$Z$68 -> 0
A47: ='Conveyor Downtime (new)'!A48 -> 46051 | Z47: =SUM(B47:Y47) -> 0 | AA47: =Z47/$Z$68 -> 0
A48: ='Conveyor Downtime (new)'!A49 -> 46052 | Z48: =SUM(B48:Y48) -> 0 | AA48: =Z48/$Z$68 -> 0
A49: ='Conveyor Downtime (new)'!A50 -> 46052 | Z49: =SUM(B49:Y49) -> 0 | AA49: =Z49/$Z$68 -> 0
A50: ='Conveyor Downtime (new)'!A51 -> 0 | Z50: =SUM(B50:Y50) -> 0 | AA50: =Z50/$Z$68 -> 0
... A61: ='Conveyor Downtime (new)'!A62 -> 0 | Z61: =SUM(B61:Y61) -> 0 | AA61: =Z61/$Z$68 -> 0
Z62: =SUM(B62:Y62) -> 0 | AA62: =Z62/$Z$68 -> 0
Z63: =SUM(B63:Y63) -> 0 | AA63: =Z63/$Z$68 -> 0
Z64: =SUM(B64:Y64) -> 0 | AA64: =Z64/$Z$68 -> 0
Z65: =SUM(B65:Y65) -> 0 | AA65: =Z65/$Z$68 -> 0
Z66: =SUM(B66:Y66) -> 0 | AA66: =Z66/$Z$68 -> 0
Z67: =SUM(B67:Y67) -> 0 | AA67: =Z67/$Z$68 -> 0
A68: Total | B68: =SUM(B5:B67) -> 15 | C68: =SUM(C5:C67) -> 0 | D68: =SUM(D5:D67) -> 0 | E68: =SUM(E5:E67) -> 0 | F68: =SUM(F5:F67) -> 674 | G68: =SUM(G5:G67) -> 7 | H68: =SUM(H5:H67) -> 0 | I68: =SUM(I5:I67) -> 26 | ... U68: =SUM(U5:U67) -> 0 | W68: =SUM(W5:W67) -> 0 | X68: =SUM(X5:X67) -> 0 | Y68: =SUM(Y5:Y67) -> 0 | Z68: =SUM(Z5:Z67) -> 865
A69: MTD | B69: =B68/$Z68 -> 0.01734104 | C69: =C68/$Z68 -> 0 | D69: =D68/$Z68 -> 0 | E69: =E68/$Z68 -> 0 | F69: =F68/$Z68 -> 0.77919075 | G69: =G68/$Z68 -> 0.0080924855 | H69: =H68/$Z68 -> 0 | I69: =I68/$Z68 -> 0.030057803 | ... M69: =M68/$Z68 -> 0 | O69: =O68/$Z68 -> 0 | P69: =P68/$Z68 -> 0 | Q69: =Q68/$Z68 -> 0 | R69: =R68/$Z68 -> 0 | S69: =S68/$Z68 -> 0 | T69: =T68/$Z68 -> 0 | U69: =U68/$Z68 -> 0 | X69: =X68/$Z68 -> 0 | Y69: =Y68/$Z68 -> 0
A72: ='Conveyor Downtime (new)'!A67 -> 46055 | Z72: =SUM(B72:Y72) -> 0 | AA72: =Z72/$Z$123 -> 0
A73: ='Conveyor Downtime (new)'!A68 -> 46055 | Z73: =SUM(B73:Y73) -> 0 | AA73: =Z73/$Z$123 -> 0
A74: ='Conveyor Downtime (new)'!A69 -> 46056 | Z74: =SUM(B74:Y74) -> 0 | AA74: =Z74/$Z$123 -> 0
A75: ='Conveyor Downtime (new)'!A70 -> 46057 | Z75: =SUM(B75:Y75) -> 0 | AA75: =Z75/$Z$123 -> 0
A76: ='Conveyor Downtime (new)'!A71 -> 46057 | Z76: =SUM(B76:Y76) -> 0 | AA76: =Z76/$Z$123 -> 0
A77: ='Conveyor Downtime (new)'!A72 -> 46058 | Z77: =SUM(B77:Y77) -> 0 | AA77: =Z77/$Z$123 -> 0
A78: ='Conveyor Downtime (new)'!A73 -> 46058 | Z78: =SUM(B78:Y78) -> 0 | AA78: =Z78/$Z$123 -> 0
A79: ='Conveyor Downtime (new)'!A74 -> 46058 | Z79: =SUM(B79:Y79) -> 0 | AA79: =Z79/$Z$123 -> 0
A80: ='Conveyor Downtime (new)'!A75 -> 46059 | Z80: =SUM(B80:Y80) -> 0 | AA80: =Z80/$Z$123 -> 0
A81: ='Conveyor Downtime (new)'!A76 -> 46059 | Z81: =SUM(B81:Y81) -> 0 | AA81: =Z81/$Z$123 -> 0
A82: ='Conveyor Downtime (new)'!A77 -> 46062 | Z82: =SUM(B82:Y82) -> 0 | AA82: =Z82/$Z$123 -> 0
A83: ='Conveyor Downtime (new)'!A78 -> 46062 | Z83: =SUM(B83:Y83) -> 0 | AA83: =Z83/$Z$123 -> 0
... A99: ='Conveyor Downtime (new)'!A94 -> 46073 | Z99: =SUM(B99:Y99) -> 0 | AA99: =Z99/$Z$123 -> 0
A100: ='Conveyor Downtime (new)'!A95 -> 46073 | S100: 29 | Z100: =SUM(B100:Y100) -> 29 | AA100: =Z100/$Z$123 -> 0.042397661
A101: ='Conveyor Downtime (new)'!A96 -> 46076 | G101: =14 -> 14 | S101: =3 -> 3 | Z101: =SUM(B101:Y101) -> 17 | AA101: =Z101/$Z$123 -> 0.024853801
A102: ='Conveyor Downtime (new)'!A97 -> 46077 | Z102: =SUM(B102:Y102) -> 0 | AA102: =Z102/$Z$123 -> 0
A103: ='Conveyor Downtime (new)'!A98 -> 46077 | F103: =57+60+60+60+43 -> 280 | Z103: =SUM(B103:Y103) -> 280 | AA103: =Z103/$Z$123 -> 0.40935673
A104: ='Conveyor Downtime (new)'!A99 -> 46078 | F104: =60+60+60+60+47 -> 287 | Z104: =SUM(B104:Y104) -> 287 | AA104: =Z104/$Z$123 -> 0.41959064
A105: ='Conveyor Downtime (new)'!A100 -> 46079 | Z105: =SUM(B105:Y105) -> 0 | AA105: =Z105/$Z$123 -> 0
A106: ='Conveyor Downtime (new)'!A101 -> 46079 | Z106: =SUM(B106:Y106) -> 0 | AA106: =Z106/$Z$123 -> 0
A107: ='Conveyor Downtime (new)'!A102 -> 46080 | Z107: =SUM(B107:Y107) -> 0 | AA107: =Z107/$Z$123 -> 0
A108: ='Conveyor Downtime (new)'!A103 -> 46080 | I108: =30+12 -> 42 | Z108: =SUM(B108:Y108) -> 42 | AA108: =Z108/$Z$123 -> 0.061403509
A109: ='Conveyor Downtime (new)'!A104 -> 46080 | Z109: =SUM(B109:Y109) -> 0 | AA109: =Z109/$Z$123 -> 0
A110: ='Conveyor Downtime (new)'!A105 -> 46081 | K110: =29 -> 29 | Z110: =SUM(B110:Y110) -> 29 | AA110: =Z110/$Z$123 -> 0.042397661
A111: ='Conveyor Downtime (new)'!A106 -> 46081 | Z111: =SUM(B111:Y111) -> 0 | AA111: =Z111/$Z$123 -> 0
A112: ='Conveyor Downtime (new)'!A107 -> 0 | Z112: =SUM(B112:Y112) -> 0 | AA112: =Z112/$Z$123 -> 0
A113: ='Conveyor Downtime (new)'!A108 -> 0 | Z113: =SUM(B113:Y113) -> 0 | AA113: =Z113/$Z$123 -> 0
A114: ='Conveyor Downtime (new)'!A109 -> 0 | Z114: =SUM(B114:Y114) -> 0 | AA114: =Z114/$Z$123 -> 0
A115: ='Conveyor Downtime (new)'!A110 -> 0 | Z115: =SUM(B115:Y115) -> 0 | AA115: =Z115/$Z$123 -> 0
A116: ='Conveyor Downtime (new)'!A111 -> 0 | Z116: =SUM(B116:Y116) -> 0 | AA116: =Z116/$Z$123 -> 0
A117: ='Conveyor Downtime (new)'!A112 -> 0 | Z117: =SUM(B117:Y117) -> 0 | AA117: =Z117/$Z$123 -> 0
A118: ='Conveyor Downtime (new)'!A113 -> 0 | Z118: =SUM(B118:Y118) -> 0 | AA118: =Z118/$Z$123 -> 0
A119: ='Conveyor Downtime (new)'!A114 -> 0 | Z119: =SUM(B119:Y119) -> 0 | AA119: =Z119/$Z$123 -> 0
Z120: =SUM(B120:Y120) -> 0 | AA120: =Z120/$Z$123 -> 0
Z121: =SUM(B121:Y121) -> 0 | AA121: =Z121/$Z$123 -> 0
Z122: =SUM(B122:Y122) -> 0 | AA122: =Z122/$Z$123 -> 0
A123: Total | B123: =SUM(B72:B122) -> 0 | C123: =SUM(C72:C122) -> 0 | D123: =SUM(D72:D122) -> 0 | E123: =SUM(E72:E122) -> 0 | F123: =SUM(F72:F122) -> 567 | G123: =SUM(G72:G122) -> 14 | H123: =SUM(H72:H122) -> 0 | I123: =SUM(I72:I122) -> 42 | ... U123: =SUM(U72:U122) -> 0 | W123: =SUM(W72:W122) -> 0 | X123: =SUM(X72:X122) -> 0 | Y123: =SUM(Y72:Y122) -> 0 | Z123: =SUM(Z72:Z122) -> 684
A124: MTD | B124: =B123/$Z123 -> 0 | C124: =C123/$Z123 -> 0 | D124: =D123/$Z123 -> 0 | E124: =E123/$Z123 -> 0 | F124: =F123/$Z123 -> 0.82894737 | G124: =G123/$Z123 -> 0.020467836 | H124: =H123/$Z123 -> 0 | I124: =I123/$Z123 -> 0.061403509 | ... U124: =U123/$Z123 -> 0 | W124: =W123/$Z123 -> 0 | X124: =X123/$Z123 -> 0 | Y124: =Y123/$Z123 -> 0
A130: ='Conveyor Downtime (new)'!A124 -> 46083 | Z130: =SUM(B130:Y130) -> 0 | AA130: =Z130/$Z$184 -> 0
A131: ='Conveyor Downtime (new)'!A125 -> 46083 | Z131: =SUM(B131:Y131) -> 0 | AA131: =Z131/$Z$184 -> 0
A132: ='Conveyor Downtime (new)'!A126 -> 46084 | Z132: =SUM(B132:Y132) -> 0 | AA132: =Z132/$Z$184 -> 0
A133: ='Conveyor Downtime (new)'!A127 -> 46085 | Z133: =SUM(B133:Y133) -> 0 | AA133: =Z133/$Z$184 -> 0
A134: ='Conveyor Downtime (new)'!A128 -> 46085 | Z134: =SUM(B134:Y134) -> 0 | AA134: =Z134/$Z$184 -> 0
...

Sheet Videojet Downtime Detail 
B3: Videojet Downtime Issues
A4: Date | B4: Not Printing Properly | C4: Date Code Adjustment | D4: Cut off | E4: Time | F4: Height | G4: Switching Videojet | H4: Colour | I4: Sensor | J4: Make up fluid | K4: Adjustment | L4: Head | M4: Alignment | N4: Date Code Change
A5: ='Conveyor Downtime (new)'!A6 -> 46024 | O5: =SUM(B5:N5) -> 0 | P5: =O5/$O$67 -> 0
A6: ='Conveyor Downtime (new)'!A7 -> 46027 | O6: =SUM(B6:N6) -> 0 | P6: =O6/$O$67 -> 0
A7: ='Conveyor Downtime (new)'!A8 -> 46028 | O7: =SUM(B7:N7) -> 0 | P7: =O7/$O$67 -> 0
A8: ='Conveyor Downtime (new)'!A9 -> 46029 | O8: =SUM(B8:N8) -> 0 | P8: =O8/$O$67 -> 0
A9: ='Conveyor Downtime (new)'!A10 -> 46030 | O9: =SUM(B9:N9) -> 0 | P9: =O9/$O$67 -> 0
A10: ='Conveyor Downtime (new)'!A11 -> 46031 | O10: =SUM(B10:N10) -> 0 | P10: =O10/$O$67 -> 0
A11: ='Conveyor Downtime (new)'!A12 -> 46031 | O11: =SUM(B11:N11) -> 0 | P11: =O11/$O$67 -> 0
A12: ='Conveyor Downtime (new)'!A13 -> 46032 | O12: =SUM(B12:N12) -> 0 | P12: =O12/$O$67 -> 0
A13: ='Conveyor Downtime (new)'!A14 -> 46034 | O13: =SUM(B13:N13) -> 0 | P13: =O13/$O$67 -> 0
A14: ='Conveyor Downtime (new)'!A15 -> 46034 | O14: =SUM(B14:N14) -> 0 | P14: =O14/$O$67 -> 0
A15: ='Conveyor Downtime (new)'!A16 -> 46034 | O15: =SUM(B15:N15) -> 0 | P15: =O15/$O$67 -> 0
A16: ='Conveyor Downtime (new)'!A17 -> 46035 | O16: =SUM(B16:N16) -> 0 | P16: =O16/$O$67 -> 0
... A23: ='Conveyor Downtime (new)'!A24 -> 46038 | O23: =SUM(B23:N23) -> 0 | P23: =O23/$O$67 -> 0
A24: ='Conveyor Downtime (new)'!A25 -> 46041 | B24: =3 -> 3 | O24: =SUM(B24:N24) -> 3 | P24: =O24/$O$67 -> 0.026086957
A25: ='Conveyor Downtime (new)'!A26 -> 46041 | O25: =SUM(B25:N25) -> 0 | P25: =O25/$O$67 -> 0
A26: ='Conveyor Downtime (new)'!A27 -> 46042 | B26: =18 -> 18 | O26: =SUM(B26:N26) -> 18 | P26: =O26/$O$67 -> 0.15652174
A27: ='Conveyor Downtime (new)'!A28 -> 46042 | B27: =4 -> 4 | O27: =SUM(B27:N27) -> 4 | P27: =O27/$O$67 -> 0.034782609
A28: ='Conveyor Downtime (new)'!A29 -> 46043 | O28: =SUM(B28:N28) -> 0 | P28: =O28/$O$67 -> 0
A29: ='Conveyor Downtime (new)'!A30 -> 46043 | O29: =SUM(B29:N29) -> 0 | P29: =O29/$O$67 -> 0
A30: ='Conveyor Downtime (new)'!A31 -> 46043 | B30: 33 | O30: =SUM(B30:N30) -> 33 | P30: =O30/$O$67 -> 0.28695652
A31: ='Conveyor Downtime (new)'!A32 -> 46043 | O31: =SUM(B31:N31) -> 0 | P31: =O31/$O$67 -> 0
A32: ='Conveyor Downtime (new)'!A33 -> 46044 | O32: =SUM(B32:N32) -> 0 | P32: =O32/$O$67 -> 0
A33: ='Conveyor Downtime (new)'!A34 -> 46045 | O33: =SUM(B33:N33) -> 0 | P33: =O33/$O$67 -> 0
A34: ='Conveyor Downtime (new)'!A35 -> 46045 | O34: =SUM(B34:N34) -> 0 | P34: =O34/$O$67 -> 0
A35: ='Conveyor Downtime (new)'!A36 -> 46045 | O35: =SUM(B35:N35) -> 0 | P35: =O35/$O$67 -> 0
A36: ='Conveyor Downtime (new)'!A37 -> 46045 | O36: =SUM(B36:N36) -> 0 | P36: =O36/$O$67 -> 0
A37: ='Conveyor Downtime (new)'!A38 -> 46048 | O37: =SUM(B37:N37) -> 0 | P37: =O37/$O$67 -> 0
A38: ='Conveyor Downtime (new)'!A39 -> 46048 | O38: =SUM(B38:N38) -> 0 | P38: =O38/$O$67 -> 0
A39: ='Conveyor Downtime (new)'!A40 -> 46049 | O39: =SUM(B39:N39) -> 0 | P39: =O39/$O$67 -> 0
A40: ='Conveyor Downtime (new)'!A41 -> 46049 | O40: =SUM(B40:N40) -> 0 | P40: =O40/$O$67 -> 0
A41: ='Conveyor Downtime (new)'!A42 -> 46050 | J41: =36+21 -> 57 | O41: =SUM(B41:N41) -> 57 | P41: =O41/$O$67 -> 0.49565217
A42: ='Conveyor Downtime (new)'!A43 -> 46050 | O42: =SUM(B42:N42) -> 0 | P42: =O42/$O$67 -> 0
A43: ='Conveyor Downtime (new)'!A44 -> 46050 | O43: =SUM(B43:N43) -> 0 | P43: =O43/$O$67 -> 0
A44: ='Conveyor Downtime (new)'!A45 -> 46051 | O44: =SUM(B44:N44) -> 0 | P44: =O44/$O$67 -> 0
A45: ='Conveyor Downtime (new)'!A46 -> 46051 | O45: =SUM(B45:N45) -> 0 | P45: =O45/$O$67 -> 0
A46: ='Conveyor Downtime (new)'!A47 -> 46051 | O46: =SUM(B46:N46) -> 0 | P46: =O46/$O$67 -> 0
A47: ='Conveyor Downtime (new)'!A48 -> 46051 | O47: =SUM(B47:N47) -> 0 | P47: =O47/$O$67 -> 0
A48: ='Conveyor Downtime (new)'!A49 -> 46052 | O48: =SUM(B48:N48) -> 0 | P48: =O48/$O$67 -> 0
A49: ='Conveyor Downtime (new)'!A50 -> 46052 | O49: =SUM(B49:N49) -> 0 | P49: =O49/$O$67 -> 0
A50: ='Conveyor Downtime (new)'!A51 -> 0 | O50: =SUM(B50:N50) -> 0 | P50: =O50/$O$67 -> 0
A51: ='Conveyor Downtime (new)'!A52 -> 0 | O51: =SUM(B51:N51) -> 0 | P51: =O51/$O$67 -> 0
A52: ='Conveyor Downtime (new)'!A53 -> 0 | O52: =SUM(B52:N52) -> 0 | P52: =O52/$O$67 -> 0
A53: ='Conveyor Downtime (new)'!A54 -> 0 | O53: =SUM(B53:N53) -> 0 | P53: =O53/$O$67 -> 0
... A60: ='Conveyor Downtime (new)'!A61 -> 0 | O60: =SUM(B60:N60) -> 0 | P60: =O60/$O$67 -> 0
O61: =SUM(B61:N61) -> 0 | P61: =O61/$O$67 -> 0
O62: =SUM(B62:N62) -> 0 | P62: =O62/$O$67 -> 0
O63: =SUM(B63:N63) -> 0 | P63: =O63/$O$67 -> 0
O64: =SUM(B64:N64) -> 0 | P64: =O64/$O$67 -> 0
O65: =SUM(B65:N65) -> 0 | P65: =O65/$O$67 -> 0
O66: =SUM(B66:N66) -> 0 | P66: =O66/$O$67 -> 0
B67: =SUM(B5:B66) -> 58 | C67: =SUM(C5:C66) -> 0 | D67: =SUM(D5:D66) -> 0 | E67: =SUM(E5:E66) -> 0 | F67: =SUM(F5:F66) -> 0 | G67: =SUM(G5:G66) -> 0 | H67: =SUM(H5:H66) -> 0 | I67: =SUM(I5:I66) -> 0 | ... O67: =SUM(O5:O66) -> 115 | P67: =O67/$O$67 -> 1
A68: ='Conveyor Downtime (new)'!A63 -> Total MTD | B68: =B67/$O67 -> 0.50434783 | C68: =C67/$O67 -> 0 | D68: =D67/$O67 -> 0 | E68: =E67/$O67 -> 0 | F68: =F67/$O67 -> 0 | G68: =G67/$O67 -> 0 | H68: =H67/$O67 -> 0 | I68: =I67/$O67 -> 0 | ... N68: =N67/$O67 -> 0
A71: ='Conveyor Downtime (new)'!A67 -> 46055 | O71: =SUM(B71:N71) -> 0 | P71: =O71/$O$121 -> 0
A72: ='Conveyor Downtime (new)'!A68 -> 46055 | O72: =SUM(B72:N72) -> 0 | P72: =O72/$O$121 -> 0
A73: ='Conveyor Downtime (new)'!A69 -> 46056 | O73: =SUM(B73:N73) -> 0 | P73: =O73/$O$121 -> 0
A74: ='Conveyor Downtime (new)'!A70 -> 46057 | O74: =SUM(B74:N74) -> 0 | P74: =O74/$O$121 -> 0
A75: ='Conveyor Downtime (new)'!A71 -> 46057 | O75: =SUM(B75:N75) -> 0 | P75: =O75/$O$121 -> 0
A76: ='Conveyor Downtime (new)'!A72 -> 46058 | O76: =SUM(B76:N76) -> 0 | P76: =O76/$O$121 -> 0
A77: ='Conveyor Downtime (new)'!A73 -> 46058 | B77: =37 -> 37 | O77: =SUM(B77:N77) -> 37 | P77: =O77/$O$121 -> 0.578125
A78: ='Conveyor Downtime (new)'!A74 -> 46058 | O78: =SUM(B78:N78) -> 0 | P78: =O78/$O$121 -> 0
A79: ='Conveyor Downtime (new)'!A75 -> 46059 | O79: =SUM(B79:N79) -> 0 | P79: =O79/$O$121 -> 0
A80: ='Conveyor Downtime (new)'!A76 -> 46059 | D80: =2 -> 2 | O80: =SUM(B80:N80) -> 2 | P80: =O80/$O$121 -> 0.03125
A81: ='Conveyor Downtime (new)'!A77 -> 46062 | O81: =SUM(B81:N81) -> 0 | P81: =O81/$O$121 -> 0
A82: ='Conveyor Downtime (new)'!A78 -> 46062 | O82: =SUM(B82:N82) -> 0 | P82: =O82/$O$121 -> 0
A83: ='Conveyor Downtime (new)'!A79 -> 46062 | O83: =SUM(B83:N83) -> 0 | P83: =O83/$O$121 -> 0
A84: ='Conveyor Downtime (new)'!A80 -> 46063 | O84: =SUM(B84:N84) -> 0 | P84: =O84/$O$121 -> 0
A85: ='Conveyor Downtime (new)'!A81 -> 46063 | O85: =SUM(B85:N85) -> 0 | P85: =O85/$O$121 -> 0
A86: ='Conveyor Downtime (new)'!A82 -> 46063 | O86: =SUM(B86:N86) -> 0 | P86: =O86/$O$121 -> 0
A87: ='Conveyor Downtime (new)'!A83 -> 46064 | O87: =SUM(B87:N87) -> 0 | P87: =O87/$O$121 -> 0
A88: ='Conveyor Downtime (new)'!A84 -> 46064 | O88: =SUM(B88:N88) -> 0 | P88: =O88/$O$121 -> 0
A89: ='Conveyor Downtime (new)'!A85 -> 46065 | B89: =7+13+5 -> 25 | O89: =SUM(B89:N89) -> 25 | P89: =O89/$O$121 -> 0.390625
A90: ='Conveyor Downtime (new)'!A86 -> 46066 | O90: =SUM(B90:N90) -> 0 | P90: =O90/$O$121 -> 0
A91: ='Conveyor Downtime (new)'!A87 -> 46066 | O91: =SUM(B91:N91) -> 0 | P91: =O91/$O$121 -> 0
A92: ='Conveyor Downtime (new)'!A88 -> 46069 | O92: =SUM(B92:N92) -> 0 | P92: =O92/$O$121 -> 0
A93: ='Conveyor Downtime (new)'!A89 -> 46070 | O93: =SUM(B93:N93) -> 0 | P93: =O93/$O$121 -> 0
A94: ='Conveyor Downtime (new)'!A90 -> 46071 | O94: =SUM(B94:N94) -> 0 | P94: =O94/$O$121 -> 0
A95: ='Conveyor Downtime (new)'!A91 -> 46072 | O95: =SUM(B95:N95) -> 0 | P95: =O95/$O$121 -> 0
A96: ='Conveyor Downtime (new)'!A92 -> 46072 | O96: =SUM(B96:N96) -> 0 | P96: =O96/$O$121 -> 0
A97: ='Conveyor Downtime (new)'!A93 -> 46072 | O97: =SUM(B97:N97) -> 0 | P97: =O97/$O$121 -> 0
A98: ='Conveyor Downtime (new)'!A94 -> 46073 | O98: =SUM(B98:N98) -> 0 | P98: =O98/$O$121 -> 0
A99: ='Conveyor Downtime (new)'!A95 -> 46073 | O99: =SUM(B99:N99) -> 0 | P99: =O99/$O$121 -> 0
A100: ='Conveyor Downtime (new)'!A96 -> 46076 | O100: =SUM(B100:N100) -> 0 | P100: =O100/$O$121 -> 0
A101: ='Conveyor Downtime (new)'!A97 -> 46077 | O101: =SUM(B101:N101) -> 0 | P101: =O101/$O$121 -> 0
... A120: ='Conveyor Downtime (new)'!A116 -> 0 | O120: =SUM(B120:N120) -> 0 | P120: =O120/$O$121 -> 0
A121: TOTAL MTD | B121: =SUM(B71:B120) -> 62 | C121: =SUM(C71:C120) -> 0 | D121: =SUM(D71:D120) -> 2 | E121: =SUM(E71:E120) -> 0 | F121: =SUM(F71:F120) -> 0 | G121: =SUM(G71:G120) -> 0 | H121: =SUM(H71:H120) -> 0 | I121: =SUM(I71:I120) -> 0 | ... O121: =SUM(O71:O120) -> 64
B122: =B121/$O121 -> 0.96875 | C122: =C121/$O121 -> 0 | D122: =D121/$O121 -> 0.03125 | E122: =E121/$O121 -> 0 | F122: =F121/$O121 -> 0 | G122: =G121/$O121 -> 0 | H122: =H121/$O121 -> 0 | I122: =I121/$O121 -> 0 | ... N122: =N121/$O121 -> 0
A129: ='Conveyor Downtime (new)'!A124 -> 46083 | O129: =SUM(B129:N129) -> 0 | P129: =O129/$O$183 -> 0
A130: ='Conveyor Downtime (new)'!A125 -> 46083 | O130: =SUM(C130:N130) -> 0 | P130: =O130/$O$183 -> 0
A131: ='Conveyor Downtime (new)'!A126 -> 46084 | O131: =SUM(B131:N131) -> 0 | P131: =O131/$O$183 -> 0
A132: ='Conveyor Downtime (new)'!A127 -> 46085 | O132: =SUM(B132:N132) -> 0 | P132: =O132/$O$183 -> 0
A133: ='Conveyor Downtime (new)'!A128 -> 46085 | O133: =SUM(B133:N133) -> 0 | P133: =O133/$O$183 -> 0
A134: ='Conveyor Downtime (new)'!A129 -> 46086 | O134: =SUM(B134:N134) -> 0 | P134: =O134/$O$183 -> 0
A135: ='Conveyor Downtime (new)'!A130 -> 46086 | O135: =SUM(B135:N135) -> 0 | P135: =O135/$O$183 -> 0
A136: ='Conveyor Downtime (new)'!A131 -> 46087 | O136: =SUM(B136:N136) -> 0 | P136: =O136/$O$183 -> 0
A137: ='Conveyor Downtime (new)'!A132 -> 46087 | O137: =SUM(B137:N137) -> 0 | P137: =O137/$O$183 -> 0
A138: ='Conveyor Downtime (new)'!A133 -> 46087 | O138: =SUM(B138:N138) -> 0 | P138: =O138/$O$183 -> 0
A139: ='Conveyor Downtime (new)'!A134 -> 46089 | O139: =SUM(B139:N139) -> 0 | P139: =O139/$O$183 -> 0
A140: ='Conveyor Downtime (new)'!A135 -> 46090 | O140: =SUM(B140:N140) -> 0 | P140: =O140/$O$183 -> 0
...

Sheet Labeler Downtime Detail
B3: Labeler Downtime Issues
A4: Date | B4: Missing Labels | C4: Flagging/Twisted Labels | D4: Label Misalignment adjust | E4: Timing Issues | F4: Startup Adjustments | G4: Oil line | H4: Grease | I4: Starwheel | J4: Air Knife | K4: Krones Tech | L4: Neck fingers | M4: Neck Sponge | N4: Encoder | O4: New Dimension | P4: Carousel | Q4: Aggregate | R4: Glue Pump | S4: Breaker | T4: Centering cup | U4: Centering bell | V4: Back Station Adjustments | W4: Sensor | X4: Glue Scrapper | Y4: Glue Roller | Z4: Magazine | AA4: Pallet | AB4: Bottle Pads | AC4: Fine clock pulse issue | AD4: Air hose | AE4: Gripper Cylinder | AF4: Cam Follower | AG4: air guage | AH4: Gear Box | AI4: Labeller Infeed | AJ4: Brush | AK4: Motor | AL4: Cleaning | AM4: In-feed worm
A5: 2026
A6: ='Conveyor Downtime (new)'!A6 -> 46024 | AN6: =SUM(B6:AM6) -> 0 | AO6: =AN6/$AN$67 -> 0
A7: ='Conveyor Downtime (new)'!A7 -> 46027 | AN7: =SUM(B7:AM7) -> 0 | AO7: =AN7/$AN$67 -> 0
A8: ='Conveyor Downtime (new)'!A8 -> 46028 | AN8: =SUM(B8:AM8) -> 0 | AO8: =AN8/$AN$67 -> 0
A9: ='Conveyor Downtime (new)'!A9 -> 46029 | AN9: =SUM(B9:AM9) -> 0 | AO9: =AN9/$AN$67 -> 0
A10: ='Conveyor Downtime (new)'!A10 -> 46030 | F10: =7 -> 7 | AN10: =SUM(B10:AM10) -> 7 | AO10: =AN10/$AN$67 -> 0.034313725
A11: ='Conveyor Downtime (new)'!A11 -> 46031 | B11: =3+5 -> 8 | AM11: =11 -> 11 | AN11: =SUM(B11:AM11) -> 19 | AO11: =AN11/$AN$67 -> 0.093137255
A12: ='Conveyor Downtime (new)'!A12 -> 46031 | AM12: =7+18+2 -> 27 | AN12: =SUM(B12:AM12) -> 27 | AO12: =AN12/$AN$67 -> 0.13235294
A13: ='Conveyor Downtime (new)'!A13 -> 46032 | AN13: =SUM(B13:AM13) -> 0 | AO13: =AN13/$AN$67 -> 0
A14: ='Conveyor Downtime (new)'!A14 -> 46034 | AN14: =SUM(B14:AM14) -> 0 | AO14: =AN14/$AN$67 -> 0
A15: ='Conveyor Downtime (new)'!A15 -> 46034 | AN15: =SUM(B15:AM15) -> 0 | AO15: =AN15/$AN$67 -> 0
A16: ='Conveyor Downtime (new)'!A16 -> 46034 | F16: =6 -> 6 | AN16: =SUM(B16:AM16) -> 6 | AO16: =AN16/$AN$67 -> 0.029411765
A17: ='Conveyor Downtime (new)'!A17 -> 46035 | AN17: =SUM(B17:AM17) -> 0 | AO17: =AN17/$AN$67 -> 0
A18: ='Conveyor Downtime (new)'!A18 -> 46035 | B18: 5 | M18: =30+18 -> 48 | AN18: =SUM(B18:AM18) -> 53 | AO18: =AN18/$AN$67 -> 0.25980392
A19: ='Conveyor Downtime (new)'!A19 -> 46036 | AN19: =SUM(B19:AM19) -> 0 | AO19: =AN19/$AN$67 -> 0
A20: ='Conveyor Downtime (new)'!A20 -> 46036 | B20: =2+2+4 -> 8 | F20: =3 -> 3 | AN20: =SUM(B20:AM20) -> 11 | AO20: =AN20/$AN$67 -> 0.053921569
A21: ='Conveyor Downtime (new)'!A21 -> 46037 | AN21: =SUM(B21:AM21) -> 0 | AO21: =AN21/$AN$67 -> 0
A22: ='Conveyor Downtime (new)'!A22 -> 46037 | AN22: =SUM(B22:AM22) -> 0 | AO22: =AN22/$AN$67 -> 0
A23: ='Conveyor Downtime (new)'!A23 -> 46038 | F23: =8 -> 8 | AN23: =SUM(B23:AM23) -> 8 | AO23: =AN23/$AN$67 -> 0.039215686
A24: ='Conveyor Downtime (new)'!A24 -> 46038 | M24: =11 -> 11 | AL24: 5 | AN24: =SUM(B24:AM24) -> 16 | AO24: =AN24/$AN$67 -> 0.078431373
A25: ='Conveyor Downtime (new)'!A25 -> 46041 | B25: =5 -> 5 | AN25: =SUM(B25:AM25) -> 5 | AO25: =AN25/$AN$67 -> 0.024509804
A26: ='Conveyor Downtime (new)'!A26 -> 46041 | B26: =3 -> 3 | F26: =6 -> 6 | AN26: =SUM(B26:AM26) -> 9 | AO26: =AN26/$AN$67 -> 0.044117647
A27: ='Conveyor Downtime (new)'!A27 -> 46042 | B27: =3 -> 3 | AN27: =SUM(B27:AM27) -> 3 | AO27: =AN27/$AN$67 -> 0.014705882
A28: ='Conveyor Downtime (new)'!A28 -> 46042 | C28: =3+14 -> 17 | AN28: =SUM(B28:AM28) -> 17 | AO28: =AN28/$AN$67 -> 0.083333333
A29: ='Conveyor Downtime (new)'!A29 -> 46043 | AN29: =SUM(B29:AM29) -> 0 | AO29: =AN29/$AN$67 -> 0
A30: ='Conveyor Downtime (new)'!A30 -> 46043 | AN30: =SUM(B30:AM30) -> 0 | AO30: =AN30/$AN$67 -> 0
A31: ='Conveyor Downtime (new)'!A31 -> 46043 | AN31: =SUM(B31:AM31) -> 0 | AO31: =AN31/$AN$67 -> 0
A32: ='Conveyor Downtime (new)'!A32 -> 46043 | AN32: =SUM(B32:AM32) -> 0 | AO32: =AN32/$AN$67 -> 0
A33: ='Conveyor Downtime (new)'!A33 -> 46044 | AN33: =SUM(B33:AM33) -> 0 | AO33: =AN33/$AN$67 -> 0
A34: ='Conveyor Downtime (new)'!A34 -> 46045 | AN34: =SUM(B34:AM34) -> 0 | AO34: =AN34/$AN$67 -> 0
A35: ='Conveyor Downtime (new)'!A35 -> 46045 | AN35: =SUM(B35:AM35) -> 0 | AO35: =AN35/$AN$67 -> 0
A36: ='Conveyor Downtime (new)'!A36 -> 46045 | AN36: =SUM(B36:AM36) -> 0 | AO36: =AN36/$AN$67 -> 0
A37: ='Conveyor Downtime (new)'!A37 -> 46045 | AN37: =SUM(B37:AM37) -> 0 | AO37: =AN37/$AN$67 -> 0
A38: ='Conveyor Downtime (new)'!A38 -> 46048 | AN38: =SUM(B38:AM38) -> 0 | AO38: =AN38/$AN$67 -> 0
A39: ='Conveyor Downtime (new)'!A39 -> 46048 | AN39: =SUM(B39:AM39) -> 0 | AO39: =AN39/$AN$67 -> 0
A40: ='Conveyor Downtime (new)'!A40 -> 46049 | B40: =4 -> 4 | R40: =5 -> 5 | AL40: =5 -> 5 | AN40: =SUM(B40:AM40) -> 14 | AO40: =AN40/$AN$67 -> 0.068627451
A41: ='Conveyor Downtime (new)'!A41 -> 46049 | AN41: =SUM(B41:AM41) -> 0 | AO41: =AN41/$AN$67 -> 0
A42: ='Conveyor Downtime (new)'!A42 -> 46050 | AN42: =SUM(B42:AM42) -> 0 | AO42: =AN42/$AN$67 -> 0
A43: ='Conveyor Downtime (new)'!A43 -> 46050 | D43: =3 -> 3 | AN43: =SUM(B43:AM43) -> 3 | AO43: =AN43/$AN$67 -> 0.014705882
A44: ='Conveyor Downtime (new)'!A44 -> 46050 | AN44: =SUM(B44:AM44) -> 0 | AO44: =AN44/$AN$67 -> 0
A45: ='Conveyor Downtime (new)'!A45 -> 46051 | AN45: =SUM(B45:AM45) -> 0 | AO45: =AN45/$AN$67 -> 0
A46: ='Conveyor Downtime (new)'!A46 -> 46051 | AN46: =SUM(B46:AM46) -> 0 | AO46: =AN46/$AN$67 -> 0
A47: ='Conveyor Downtime (new)'!A47 -> 46051 | AN47: =SUM(B47:AM47) -> 0 | AO47: =AN47/$AN$67 -> 0
A48: ='Conveyor Downtime (new)'!A48 -> 46051 | C48: =3 -> 3 | AN48: =SUM(B48:AM48) -> 3 | AO48: =AN48/$AN$67 -> 0.014705882
A49: ='Conveyor Downtime (new)'!A49 -> 46052 | D49: 3 | AN49: =SUM(B49:AM49) -> 3 | AO49: =AN49/$AN$67 -> 0.014705882
A50: ='Conveyor Downtime (new)'!A50 -> 46052 | AN50: =SUM(B50:AM50) -> 0 | AO50: =AN50/$AN$67 -> 0
A51: ='Conveyor Downtime (new)'!A51 -> 0 | AN51: =SUM(B51:AM51) -> 0 | AO51: =AN51/$AN$67 -> 0
A52: ='Conveyor Downtime (new)'!A52 -> 0 | AN52: =SUM(B52:AM52) -> 0 | AO52: =AN52/$AN$67 -> 0
A53: ='Conveyor Downtime (new)'!A53 -> 0 | AN53: =SUM(B53:AM53) -> 0 | AO53: =AN53/$AN$67 -> 0
A54: ='Conveyor Downtime (new)'!A54 -> 0 | AN54: =SUM(B54:AM54) -> 0 | AO54: =AN54/$AN$67 -> 0
A55: ='Conveyor Downtime (new)'!A55 -> 0 | AN55: =SUM(B55:AM55) -> 0 | AO55: =AN55/$AN$67 -> 0
A56: ='Conveyor Downtime (new)'!A56 -> 0 | AN56: =SUM(B56:AM56) -> 0 | AO56: =AN56/$AN$67 -> 0
A57: ='Conveyor Downtime (new)'!A57 -> 0 | AN57: =SUM(B57:AM57) -> 0 | AO57: =AN57/$AN$67 -> 0
A58: ='Conveyor Downtime (new)'!A58 -> 0 | AN58: =SUM(B58:AM58) -> 0 | AO58: =AN58/$AN$67 -> 0
AN59: =SUM(B59:AM59) -> 0 | AO59: =AN59/$AN$67 -> 0
AN60: =SUM(B60:AM60) -> 0 | AO60: =AN60/$AN$67 -> 0
AN61: =SUM(B61:AM61) -> 0 | AO61: =AN61/$AN$67 -> 0
AN62: =SUM(B62:AM62) -> 0 | AO62: =AN62/$AN$67 -> 0
AN63: =SUM(B63:AM63) -> 0 | AO63: =AN63/$AN$67 -> 0
AN64: =SUM(B64:AM64) -> 0 | AO64: =AN64/$AN$67 -> 0
AN65: =SUM(B65:AM65) -> 0 | AO65: =AN65/$AN$67 -> 0
AN66: =SUM(B66:AM66) -> 0 | AO66: =AN66/$AN$67 -> 0
A67: Total | B67: =SUM(B6:B49) -> 36 | C67: =SUM(C6:C49) -> 20 | D67: =SUM(D6:D49) -> 6 | E67: =SUM(E6:E49) -> 0 | F67: =SUM(F6:F49) -> 30 | G67: =SUM(G6:G49) -> 0 | H67: =SUM(H6:H49) -> 0 | I67: =SUM(I6:I49) -> 0 | ... AN67: =SUM(AN6:AN49) -> 204
A68: MTD | B68: =B67/$AN67 -> 0.17647059 | C68: =C67/$AN67 -> 0.098039216 | D68: =D67/$AN67 -> 0.029411765 | E68: =E67/$AN67 -> 0 | F68: =F67/$AN67 -> 0.14705882 | G68: =G67/$AN67 -> 0 | H68: =H67/$AN67 -> 0 | I68: =I67/$AN67 -> 0 | ... AM68: =AM67/$AN67 -> 0.18627451
A72: ='Conveyor Downtime (new)'!A67 -> 46055 | AN72: =SUM(B72:AM72) -> 0 | AO72: =AN72/$AN$121 -> 0
A73: ='Conveyor Downtime (new)'!A68 -> 46055 | AN73: =SUM(B73:AM73) -> 0 | AO73: =AN73/$AN$121 -> 0
A74: ='Conveyor Downtime (new)'!A69 -> 46056 | D74: =3 -> 3 | AN74: =SUM(B74:AM74) -> 3 | AO74: =AN74/$AN$121 -> 0.01744186
A75: ='Conveyor Downtime (new)'!A70 -> 46057 | F75: =3+3+3 -> 9 | AN75: =SUM(B75:AM75) -> 9 | AO75: =AN75/$AN$121 -> 0.052325581
A76: ='Conveyor Downtime (new)'!A71 -> 46057 | D76: =3 -> 3 | AN76: =SUM(B76:AM76) -> 3 | AO76: =AN76/$AN$121 -> 0.01744186
A77: ='Conveyor Downtime (new)'!A72 -> 46058 | AN77: =SUM(B77:AM77) -> 0 | AO77: =AN77/$AN$121 -> 0
A78: ='Conveyor Downtime (new)'!A73 -> 46058 | AN78: =SUM(B78:AM78) -> 0 | AO78: =AN78/$AN$121 -> 0
A79: ='Conveyor Downtime (new)'!A74 -> 46058 | AN79: =SUM(B79:AM79) -> 0 | AO79: =AN79/$AN$121 -> 0
A80: ='Conveyor Downtime (new)'!A75 -> 46059 | AN80: =SUM(B80:AM80) -> 0 | AO80: =AN80/$AN$121 -> 0
A81: ='Conveyor Downtime (new)'!A76 -> 46059 | AN81: =SUM(B81:AM81) -> 0 | AO81: =AN81/$AN$121 -> 0
A82: ='Conveyor Downtime (new)'!A77 -> 46062 | AN82: =SUM(B82:AM82) -> 0 | AO82: =AN82/$AN$121 -> 0
A83: ='Conveyor Downtime (new)'!A78 -> 46062 | AN83: =SUM(B83:AM83) -> 0 | AO83: =AN83/$AN$121 -> 0
A84: ='Conveyor Downtime (new)'!A79 -> 46062 | B84: =1 -> 1 | AN84: =SUM(B84:AM84) -> 1 | AO84: =AN84/$AN$121 -> 0.0058139535
A85: ='Conveyor Downtime (new)'!A80 -> 46063 | D85: =3 -> 3 | AN85: =SUM(B85:AM85) -> 3 | AO85: =AN85/$AN$121 -> 0.01744186
A86: ='Conveyor Downtime (new)'!A81 -> 46063 | AN86: =SUM(B86:AM86) -> 0 | AO86: =AN86/$AN$121 -> 0
A87: ='Conveyor Downtime (new)'!A82 -> 46063 | AN87: =SUM(B87:AM87) -> 0 | AO87: =AN87/$AN$121 -> 0
A88: ='Conveyor Downtime (new)'!A83 -> 46064 | AN88: =SUM(B88:AM88) -> 0 | AO88: =AN88/$AN$121 -> 0
A89: ='Conveyor Downtime (new)'!A84 -> 46064 | B89: =5 -> 5 | AN89: =SUM(B89:AM89) -> 5 | AO89: =AN89/$AN$121 -> 0.029069767
A90: ='Conveyor Downtime (new)'!A85 -> 46065 | B90: =10+9+5+4+5 -> 33 | C90: =7+7 -> 14 | Z90: =7+3+3+14+10 -> 37 | AN90: =SUM(B90:AM90) -> 84 | AO90: =AN90/$AN$121 -> 0.48837209
A91: ='Conveyor Downtime (new)'!A86 -> 46066 | AN91: =SUM(B91:AM91) -> 0 | AO91: =AN91/$AN$121 -> 0
A92: ='Conveyor Downtime (new)'!A87 -> 46066 | AN92: =SUM(B92:AM92) -> 0 | AO92: =AN92/$AN$121 -> 0
A93: ='Conveyor Downtime (new)'!A88 -> 46069 | C93: =2+4+11 -> 17 | AN93: =SUM(B93:AM93) -> 17 | AO93: =AN93/$AN$121 -> 0.098837209
A94: ='Conveyor Downtime (new)'!A89 -> 46070 | AN94: =SUM(B94:AM94) -> 0 | AO94: =AN94/$AN$121 -> 0
A95: ='Conveyor Downtime (new)'!A90 -> 46071 | AN95: =SUM(B95:AM95) -> 0 | AO95: =AN95/$AN$121 -> 0
A96: ='Conveyor Downtime (new)'!A91 -> 46072 | B96: =4 -> 4 | AN96: =SUM(B96:AM96) -> 4 | AO96: =AN96/$AN$121 -> 0.023255814
A97: ='Conveyor Downtime (new)'!A92 -> 46072 | B97: =4 -> 4 | AN97: =SUM(B97:AM97) -> 4 | AO97: =AN97/$AN$121 -> 0.023255814
A98: ='Conveyor Downtime (new)'!A93 -> 46072 | AN98: =SUM(B98:AM98) -> 0 | AO98: =AN98/$AN$121 -> 0
A99: ='Conveyor Downtime (new)'!A94 -> 46073 | AN99: =SUM(B99:AM99) -> 0 | AO99: =AN99/$AN$121 -> 0
A100: ='Conveyor Downtime (new)'!A95 -> 46073 | Q100: =17 -> 17 | AN100: =SUM(B100:AM100) -> 17 | AO100: =AN100/$AN$121 -> 0.098837209
A101: ='Conveyor Downtime (new)'!A96 -> 46076 | AN101: =SUM(B101:AM101) -> 0 | AO101: =AN101/$AN$121 -> 0
A102: ='Conveyor Downtime (new)'!A97 -> 46077 | AN102: =SUM(B102:AM102) -> 0 | AO102: =AN102/$AN$121 -> 0
A103: ='Conveyor Downtime (new)'!A98 -> 46077 | AN103: =SUM(B103:AM103) -> 0 | AO103: =AN103/$AN$121 -> 0
A104: ='Conveyor Downtime (new)'!A99 -> 46078 | C104: =2 -> 2 | F104: =2 -> 2 | AN104: =SUM(B104:AM104) -> 4 | AO104: =AN104/$AN$121 -> 0.023255814
A105: ='Conveyor Downtime (new)'!A100 -> 46079 | C105: =12 -> 12 | AN105: =SUM(B105:AM105) -> 12 | AO105: =AN105/$AN$121 -> 0.069767442
...

Sheet Packer Downtime Detail  
A4: Date | B4: Bent Fingers | C4: Motor | D4: Sensor Malfunction | E4: Packer head adjustments | F4: PLC | G4: Lift Mechanism | H4: Inverter Alarm | I4: Case Packer | J4: Fingers hitting crates edges | K4: Centering device | L4: Centering cup | M4: Bottles/ labels Block sensor | N4: Broken bottles inside Packer | O4: Sliding Arm | P4: Shuffler | Q4: Crate Stopper | R4: Bottle stop | S4: Bolts | T4: Air Leak | U4: Air regulator | V4: Bottle guide | W4: Crate guide | X4: Spring Adjustments | Y4: Suction Cups | Z4: Drive Belt | AA4: Coupling | AB4: Stuck crate/carton | AC4: Leaking Cups
A7: ='Conveyor Downtime (new)'!A6 -> 46024 | AD7: =SUM(B7:AC7) -> 0 | AE7: =AD7/$AD$65 -> 0
A8: ='Conveyor Downtime (new)'!A7 -> 46027 | AD8: =SUM(B8:AC8) -> 0 | AE8: =AD8/$AD$65 -> 0
A9: ='Conveyor Downtime (new)'!A8 -> 46028 | AD9: =SUM(B9:AC9) -> 0 | AE9: =AD9/$AD$65 -> 0
A10: ='Conveyor Downtime (new)'!A9 -> 46029 | AD10: =SUM(B10:AC10) -> 0 | AE10: =AD10/$AD$65 -> 0
A11: ='Conveyor Downtime (new)'!A10 -> 46030 | AD11: =SUM(B11:AC11) -> 0 | AE11: =AD11/$AD$65 -> 0
A12: ='Conveyor Downtime (new)'!A11 -> 46031 | K12: =3+5 -> 8 | AD12: =SUM(B12:AC12) -> 8 | AE12: =AD12/$AD$65 -> 0.10958904
A13: ='Conveyor Downtime (new)'!A12 -> 46031 | E13: =4+4+3 -> 11 | AD13: =SUM(B13:AC13) -> 11 | AE13: =AD13/$AD$65 -> 0.15068493
A14: ='Conveyor Downtime (new)'!A13 -> 46032 | AD14: =SUM(B14:AC14) -> 0 | AE14: =AD14/$AD$65 -> 0
A15: ='Conveyor Downtime (new)'!A14 -> 46034 | AD15: =SUM(B15:AC15) -> 0 | AE15: =AD15/$AD$65 -> 0
A16: ='Conveyor Downtime (new)'!A15 -> 46034 | B16: =8 -> 8 | AD16: =SUM(B16:AC16) -> 8 | AE16: =AD16/$AD$65 -> 0.10958904
A17: ='Conveyor Downtime (new)'!A16 -> 46034 | AD17: =SUM(B17:AC17) -> 0 | AE17: =AD17/$AD$65 -> 0
A18: ='Conveyor Downtime (new)'!A17 -> 46035 | AD18: =SUM(B18:AC18) -> 0 | AE18: =AD18/$AD$65 -> 0
A19: ='Conveyor Downtime (new)'!A18 -> 46035 | K19: =7 -> 7 | AD19: =SUM(B19:AC19) -> 7 | AE19: =AD19/$AD$65 -> 0.095890411
A20: ='Conveyor Downtime (new)'!A19 -> 46036 | AD20: =SUM(B20:AC20) -> 0 | AE20: =AD20/$AD$65 -> 0
A21: ='Conveyor Downtime (new)'!A20 -> 46036 | AD21: =SUM(B21:AC21) -> 0 | AE21: =AD21/$AD$65 -> 0
A22: ='Conveyor Downtime (new)'!A21 -> 46037 | K22: =29 -> 29 | AD22: =SUM(B22:AC22) -> 29 | AE22: =AD22/$AD$65 -> 0.39726027
A23: ='Conveyor Downtime (new)'!A22 -> 46037 | AD23: =SUM(B23:AC23) -> 0 | AE23: =AD23/$AD$65 -> 0
A24: ='Conveyor Downtime (new)'!A23 -> 46038 | AD24: =SUM(B24:AC24) -> 0 | AE24: =AD24/$AD$65 -> 0
A25: ='Conveyor Downtime (new)'!A24 -> 46038 | AD25: =SUM(B25:AC25) -> 0 | AE25: =AD25/$AD$65 -> 0
A26: ='Conveyor Downtime (new)'!A25 -> 46041 | AD26: =SUM(B26:AC26) -> 0 | AE26: =AD26/$AD$65 -> 0
A27: ='Conveyor Downtime (new)'!A26 -> 46041 | AD27: =SUM(B27:AC27) -> 0 | AE27: =AD27/$AD$65 -> 0
A28: ='Conveyor Downtime (new)'!A27 -> 46042 | AD28: =SUM(B28:AC28) -> 0 | AE28: =AD28/$AD$65 -> 0
A29: ='Conveyor Downtime (new)'!A28 -> 46042 | AD29: =SUM(B29:AC29) -> 0 | AE29: =AD29/$AD$65 -> 0
A30: ='Conveyor Downtime (new)'!A29 -> 46043 | AD30: =SUM(B30:AC30) -> 0 | AE30: =AD30/$AD$65 -> 0
A31: ='Conveyor Downtime (new)'!A30 -> 46043 | AD31: =SUM(B31:AC31) -> 0 | AE31: =AD31/$AD$65 -> 0
A32: ='Conveyor Downtime (new)'!A31 -> 46043 | AD32: =SUM(B32:AC32) -> 0 | AE32: =AD32/$AD$65 -> 0
A33: ='Conveyor Downtime (new)'!A32 -> 46043 | AD33: =SUM(B33:AC33) -> 0 | AE33: =AD33/$AD$65 -> 0
A34: ='Conveyor Downtime (new)'!A33 -> 46044 | AD34: =SUM(B34:AC34) -> 0 | AE34: =AD34/$AD$65 -> 0
... A41: ='Conveyor Downtime (new)'!A40 -> 46049 | AD41: =SUM(B41:AC41) -> 0 | AE41: =AD41/$AD$65 -> 0
A42: ='Conveyor Downtime (new)'!A41 -> 46049 | T42: =3 -> 3 | AD42: =SUM(B42:AC42) -> 3 | AE42: =AD42/$AD$65 -> 0.04109589
A43: ='Conveyor Downtime (new)'!A42 -> 46050 | D43: 7 | AD43: =SUM(B43:AC43) -> 7 | AE43: =AD43/$AD$65 -> 0.095890411
A44: ='Conveyor Downtime (new)'!A43 -> 46050 | AD44: =SUM(B44:AC44) -> 0 | AE44: =AD44/$AD$65 -> 0
A45: ='Conveyor Downtime (new)'!A44 -> 46050 | AD45: =SUM(B45:AC45) -> 0 | AE45: =AD45/$AD$65 -> 0
A46: ='Conveyor Downtime (new)'!A45 -> 46051 | AD46: =SUM(B46:AC46) -> 0 | AE46: =AD46/$AD$65 -> 0
A47: ='Conveyor Downtime (new)'!A46 -> 46051 | AD47: =SUM(B47:AC47) -> 0 | AE47: =AD47/$AD$65 -> 0
A48: ='Conveyor Downtime (new)'!A47 -> 46051 | AD48: =SUM(B48:AC48) -> 0 | AE48: =AD48/$AD$65 -> 0
A49: ='Conveyor Downtime (new)'!A48 -> 46051 | AD49: =SUM(B49:AC49) -> 0 | AE49: =AD49/$AD$65 -> 0
A50: ='Conveyor Downtime (new)'!A49 -> 46052 | AD50: =SUM(B50:AC50) -> 0 | AE50: =AD50/$AD$65 -> 0
A51: ='Conveyor Downtime (new)'!A50 -> 46052 | AD51: =SUM(B51:AC51) -> 0 | AE51: =AD51/$AD$65 -> 0
A52: ='Conveyor Downtime (new)'!A51 -> 0 | AD52: =SUM(B52:AC52) -> 0 | AE52: =AD52/$AD$65 -> 0
A53: ='Conveyor Downtime (new)'!A52 -> 0 | AD53: =SUM(B53:AC53) -> 0 | AE53: =AD53/$AD$65 -> 0
A54: ='Conveyor Downtime (new)'!A53 -> 0 | AD54: =SUM(B54:AC54) -> 0 | AE54: =AD54/$AD$65 -> 0
A55: ='Conveyor Downtime (new)'!A54 -> 0 | AD55: =SUM(B55:AC55) -> 0 | AE55: =AD55/$AD$65 -> 0
... A60: ='Conveyor Downtime (new)'!A59 -> 0 | AD60: =SUM(B60:AC60) -> 0 | AE60: =AD60/$AD$65 -> 0
AD61: =SUM(B61:AC61) -> 0 | AE61: =AD61/$AD$65 -> 0
AD62: =SUM(B62:AC62) -> 0 | AE62: =AD62/$AD$65 -> 0
AD63: =SUM(B63:AC63) -> 0 | AE63: =AD63/$AD$65 -> 0
AD64: =SUM(B64:AC64) -> 0 | AE64: =AD64/$AD$65 -> 0
A65: Total | B65: =SUM(B7:B64) -> 8 | C65: =SUM(C7:C64) -> 0 | D65: =SUM(D7:D64) -> 7 | E65: =SUM(E7:E64) -> 11 | F65: =SUM(F7:F64) -> 0 | G65: =SUM(G7:G64) -> 0 | H65: =SUM(H7:H64) -> 0 | I65: =SUM(I7:I64) -> 0 | ... AD65: =SUM(AD7:AD64) -> 73
A66: MTD | B66: =B65/$AD65 -> 0.10958904 | C66: =C65/$AD65 -> 0 | D66: =D65/$AD65 -> 0.095890411 | E66: =E65/$AD65 -> 0.15068493 | F66: =F65/$AD65 -> 0 | G66: =G65/$AD65 -> 0 | H66: =H65/$AD65 -> 0 | I66: =I65/$AD65 -> 0 | ... AC66: =AC65/$AD65 -> 0
A71: ='Conveyor Downtime (new)'!A67 -> 46055 | AD71: =SUM(B71:AC71) -> 0 | AE71: =AD71/$AD$120 -> 0
A72: ='Conveyor Downtime (new)'!A68 -> 46055 | AD72: =SUM(B72:AC72) -> 0 | AE72: =AD72/$AD$120 -> 0
A73: ='Conveyor Downtime (new)'!A69 -> 46056 | N73: =3 -> 3 | AD73: =SUM(B73:AC73) -> 3 | AE73: =AD73/$AD$120 -> 0.015873016
A74: ='Conveyor Downtime (new)'!A70 -> 46057 | D74: =4+3 -> 7 | AD74: =SUM(B74:AC74) -> 7 | AE74: =AD74/$AD$120 -> 0.037037037
A75: ='Conveyor Downtime (new)'!A71 -> 46057 | AD75: =SUM(B75:AC75) -> 0 | AE75: =AD75/$AD$120 -> 0
A76: ='Conveyor Downtime (new)'!A72 -> 46058 | AD76: =SUM(B76:AC76) -> 0 | AE76: =AD76/$AD$120 -> 0
A77: ='Conveyor Downtime (new)'!A73 -> 46058 | AD77: =SUM(B77:AC77) -> 0 | AE77: =AD77/$AD$120 -> 0
A78: ='Conveyor Downtime (new)'!A74 -> 46058 | AD78: =SUM(B78:AC78) -> 0 | AE78: =AD78/$AD$120 -> 0
A79: ='Conveyor Downtime (new)'!A75 -> 46059 | AD79: =SUM(B79:AC79) -> 0 | AE79: =AD79/$AD$120 -> 0
A80: ='Conveyor Downtime (new)'!A76 -> 46059 | AD80: =SUM(B80:AC80) -> 0 | AE80: =AD80/$AD$120 -> 0
A81: ='Conveyor Downtime (new)'!A77 -> 46062 | AD81: =SUM(B81:AC81) -> 0 | AE81: =AD81/$AD$120 -> 0
A82: ='Conveyor Downtime (new)'!A78 -> 46062 | E82: =5 -> 5 | AD82: =SUM(B82:AC82) -> 5 | AE82: =AD82/$AD$120 -> 0.026455026
A83: ='Conveyor Downtime (new)'!A79 -> 46062 | AD83: =SUM(B83:AC83) -> 0 | AE83: =AD83/$AD$120 -> 0
A84: ='Conveyor Downtime (new)'!A80 -> 46063 | AD84: =SUM(B84:AC84) -> 0 | AE84: =AD84/$AD$120 -> 0
A85: ='Conveyor Downtime (new)'!A81 -> 46063 | AD85: =SUM(B85:AC85) -> 0 | AE85: =AD85/$AD$120 -> 0
A86: ='Conveyor Downtime (new)'!A82 -> 46063 | AD86: =SUM(B86:AC86) -> 0 | AE86: =AD86/$AD$120 -> 0
A87: ='Conveyor Downtime (new)'!A83 -> 46064 | AD87: =SUM(B87:AC87) -> 0 | AE87: =AD87/$AD$120 -> 0
A88: ='Conveyor Downtime (new)'!A84 -> 46064 | AD88: =SUM(B88:AC88) -> 0 | AE88: =AD88/$AD$120 -> 0
A89: ='Conveyor Downtime (new)'!A85 -> 46065 | AC89: =5+8+3+2+21 -> 39 | AD89: =SUM(B89:AC89) -> 39 | AE89: =AD89/$AD$120 -> 0.20634921
A90: ='Conveyor Downtime (new)'!A86 -> 46066 | AD90: =SUM(B90:AC90) -> 0 | AE90: =AD90/$AD$120 -> 0
A91: ='Conveyor Downtime (new)'!A87 -> 46066 | Y91: =3+1 -> 4 | AD91: =SUM(B91:AC91) -> 4 | AE91: =AD91/$AD$120 -> 0.021164021
A92: ='Conveyor Downtime (new)'!A88 -> 46069 | E92: =3 -> 3 | AD92: =SUM(B92:AC92) -> 3 | AE92: =AD92/$AD$120 -> 0.015873016
A93: ='Conveyor Downtime (new)'!A89 -> 46070 | AC93: =10+5 -> 15 | AD93: =SUM(B93:AC93) -> 15 | AE93: =AD93/$AD$120 -> 0.079365079
A94: ='Conveyor Downtime (new)'!A90 -> 46071 | AD94: =SUM(B94:AC94) -> 0 | AE94: =AD94/$AD$120 -> 0
A95: ='Conveyor Downtime (new)'!A91 -> 46072 | AC95: =15+8 -> 23 | AD95: =SUM(B95:AC95) -> 23 | AE95: =AD95/$AD$120 -> 0.12169312
A96: ='Conveyor Downtime (new)'!A92 -> 46072 | AD96: =SUM(B96:AC96) -> 0 | AE96: =AD96/$AD$120 -> 0
A97: ='Conveyor Downtime (new)'!A93 -> 46072 | AD97: =SUM(B97:AC97) -> 0 | AE97: =AD97/$AD$120 -> 0
A98: ='Conveyor Downtime (new)'!A94 -> 46073 | AD98: =SUM(B98:AC98) -> 0 | AE98: =AD98/$AD$120 -> 0
A99: ='Conveyor Downtime (new)'!A95 -> 46073 | D99: =7 -> 7 | AC99: =30+37+3 -> 70 | AD99: =SUM(B99:AC99) -> 77 | AE99: =AD99/$AD$120 -> 0.40740741
A100: ='Conveyor Downtime (new)'!A96 -> 46076 | AC100: =10 -> 10 | AD100: =SUM(B100:AC100) -> 10 | AE100: =AD100/$AD$120 -> 0.052910053
A101: ='Conveyor Downtime (new)'!A97 -> 46077 | E101: =3 -> 3 | AD101: =SUM(B101:AC101) -> 3 | AE101: =AD101/$AD$120 -> 0.015873016
A102: ='Conveyor Downtime (new)'!A98 -> 46077 | AD102: =SUM(B102:AC102) -> 0 | AE102: =AD102/$AD$120 -> 0
A103: ='Conveyor Downtime (new)'!A99 -> 46078 | AD103: =SUM(B103:AC103) -> 0 | AE103: =AD103/$AD$120 -> 0
A104: ='Conveyor Downtime (new)'!A100 -> 46079 | AD104: =SUM(B104:AC104) -> 0 | AE104: =AD104/$AD$120 -> 0
A105: ='Conveyor Downtime (new)'!A101 -> 46079 | AD105: =SUM(B105:AC105) -> 0 | AE105: =AD105/$AD$120 -> 0
A106: ='Conveyor Downtime (new)'!A102 -> 46080 | AD106: =SUM(B106:AC106) -> 0 | AE106: =AD106/$AD$120 -> 0
A107: ='Conveyor Downtime (new)'!A103 -> 46080 | AD107: =SUM(B107:AC107) -> 0 | AE107: =AD107/$AD$120 -> 0
A108: ='Conveyor Downtime (new)'!A104 -> 46080 | AD108: =SUM(B108:AC108) -> 0 | AE108: =AD108/$AD$120 -> 0
A109: ='Conveyor Downtime (new)'!A105 -> 46081 | AD109: =SUM(B109:AC109) -> 0 | AE109: =AD109/$AD$120 -> 0
A110: ='Conveyor Downtime (new)'!A106 -> 46081 | AD110: =SUM(B110:AC110) -> 0 | AE110: =AD110/$AD$120 -> 0
A111: ='Conveyor Downtime (new)'!A107 -> 0 | AD111: =SUM(B111:AC111) -> 0 | AE111: =AD111/$AD$120 -> 0
A112: ='Conveyor Downtime (new)'!A108 -> 0 | AD112: =SUM(B112:AC112) -> 0 | AE112: =AD112/$AD$120 -> 0
A113: ='Conveyor Downtime (new)'!A109 -> 0 | AD113: =SUM(B113:AC113) -> 0 | AE113: =AD113/$AD$120 -> 0
... A119: ='Conveyor Downtime (new)'!A115 -> 0 | AD119: =SUM(B119:AC119) -> 0 | AE119: =AD119/$AD$120 -> 0
A120: Total | B120: =SUM(B71:B119) -> 0 | C120: =SUM(C71:C119) -> 0 | D120: =SUM(D71:D119) -> 14 | E120: =SUM(E71:E119) -> 11 | F120: =SUM(F71:F119) -> 0 | G120: =SUM(G71:G119) -> 0 | H120: =SUM(H71:H119) -> 0 | I120: =SUM(I71:I119) -> 0 | ... AD120: =SUM(AD71:AD119) -> 189
A121: MTD | B121: =B120/$AD120 -> 0 | C121: =C120/$AD120 -> 0 | D121: =D120/$AD120 -> 0.074074074 | E121: =E120/$AD120 -> 0.058201058 | F121: =F120/$AD120 -> 0 | G121: =G120/$AD120 -> 0 | H121: =H120/$AD120 -> 0 | I121: =I120/$AD120 -> 0 | ... AC121: =AC120/$AD120 -> 0.83068783
A129: ='Conveyor Downtime (new)'!A124 -> 46083 | E129: =14 -> 14 | AD129: =SUM(B129:AC129) -> 14 | AE129: =AD129/$AD$182 -> 0.023333333
A130: ='Conveyor Downtime (new)'!A125 -> 46083 | AD130: =SUM(B130:AC130) -> 0 | AE130: =AD130/$AD$182 -> 0
A131: ='Conveyor Downtime (new)'!A126 -> 46084 | AD131: =SUM(B131:AC131) -> 0 | AE131: =AD131/$AD$182 -> 0
...

Sheet Carton Errector-sealer Detail
A3: Date | B3: Not Taping Properly | C3: Glue | D3: creation | E3: Date Set up | F3: Suction Cup spring | G3: Moist boxes | H3: Programme Malfunction | I3: Destroying boxes | J3: Changing tape | K3: Bending flats | L3: jamming | M3: Sealing | N3: boxes not sliding in | O3: Malfunction
A4: 2026
A6: ='Conveyor Downtime (new)'!A6 -> 46024 | P6: =SUM(B6:O6) -> 0 | Q6: =P6/$P$52 -> 0
A7: ='Conveyor Downtime (new)'!A7 -> 46027 | P7: =SUM(B7:O7) -> 0 | Q7: =P7/$P$52 -> 0
A8: ='Conveyor Downtime (new)'!A8 -> 46028 | P8: =SUM(B8:O8) -> 0 | Q8: =P8/$P$52 -> 0
A9: ='Conveyor Downtime (new)'!A9 -> 46029 | P9: =SUM(B9:O9) -> 0 | Q9: =P9/$P$52 -> 0
A10: ='Conveyor Downtime (new)'!A10 -> 46030 | P10: =SUM(B10:O10) -> 0 | Q10: =P10/$P$52 -> 0
A11: ='Conveyor Downtime (new)'!A11 -> 46031 | P11: =SUM(B11:O11) -> 0 | Q11: =P11/$P$52 -> 0
A12: ='Conveyor Downtime (new)'!A12 -> 46031 | P12: =SUM(B12:O12) -> 0 | Q12: =P12/$P$52 -> 0
A13: ='Conveyor Downtime (new)'!A13 -> 46032 | P13: =SUM(B13:O13) -> 0 | Q13: =P13/$P$52 -> 0
A14: ='Conveyor Downtime (new)'!A14 -> 46034 | P14: =SUM(B14:O14) -> 0 | Q14: =P14/$P$52 -> 0
A15: ='Conveyor Downtime (new)'!A15 -> 46034 | P15: =SUM(B15:O15) -> 0 | Q15: =P15/$P$52 -> 0
A16: ='Conveyor Downtime (new)'!A16 -> 46034 | P16: =SUM(B16:O16) -> 0 | Q16: =P16/$P$52 -> 0
A17: ='Conveyor Downtime (new)'!A17 -> 46035 | P17: =SUM(B17:O17) -> 0 | Q17: =P17/$P$52 -> 0
A18: ='Conveyor Downtime (new)'!A18 -> 46035 | P18: =SUM(C18:O18) -> 0 | Q18: =P18/$P$52 -> 0
A19: ='Conveyor Downtime (new)'!A19 -> 46036 | P19: =SUM(B19:O19) -> 0 | Q19: =P19/$P$52 -> 0
A20: ='Conveyor Downtime (new)'!A20 -> 46036 | P20: =SUM(B20:O20) -> 0 | Q20: =P20/$P$52 -> 0
A21: ='Conveyor Downtime (new)'!A21 -> 46037 | P21: =SUM(B21:O21) -> 0 | Q21: =P21/$P$52 -> 0
A22: ='Conveyor Downtime (new)'!A22 -> 46037 | P22: =SUM(B22:O22) -> 0 | Q22: =P22/$P$52 -> 0
A23: ='Conveyor Downtime (new)'!A23 -> 46038 | P23: =SUM(B23:O23) -> 0 | Q23: =P23/$P$52 -> 0
A24: ='Conveyor Downtime (new)'!A24 -> 46038 | P24: =SUM(B24:O24) -> 0 | Q24: =P24/$P$52 -> 0
A25: ='Conveyor Downtime (new)'!A25 -> 46041 | P25: =SUM(B25:O25) -> 0 | Q25: =P25/$P$52 -> 0
A26: ='Conveyor Downtime (new)'!A26 -> 46041 | P26: =SUM(B26:O26) -> 0 | Q26: =P26/$P$52 -> 0
A27: ='Conveyor Downtime (new)'!A27 -> 46042 | P27: =SUM(B27:O27) -> 0 | Q27: =P27/$P$52 -> 0
A28: ='Conveyor Downtime (new)'!A28 -> 46042 | P28: =SUM(B28:O28) -> 0 | Q28: =P28/$P$52 -> 0
A29: ='Conveyor Downtime (new)'!A29 -> 46043 | P29: =SUM(B29:O29) -> 0 | Q29: =P29/$P$52 -> 0
A30: ='Conveyor Downtime (new)'!A30 -> 46043 | P30: =SUM(B30:O30) -> 0 | Q30: =P30/$P$52 -> 0
... A42: ='Conveyor Downtime (new)'!A42 -> 46050 | P42: =SUM(B42:O42) -> 0 | Q42: =P42/$P$52 -> 0
A43: ='Conveyor Downtime (new)'!A43 -> 46050 | O43: =2 -> 2 | P43: =SUM(B43:O43) -> 2 | Q43: =P43/$P$52 -> 1
A44: ='Conveyor Downtime (new)'!A44 -> 46050 | P44: =SUM(B44:O44) -> 0 | Q44: =P44/$P$52 -> 0
A45: ='Conveyor Downtime (new)'!A45 -> 46051 | P45: =SUM(B45:O45) -> 0 | Q45: =P45/$P$52 -> 0
A46: ='Conveyor Downtime (new)'!A46 -> 46051 | P46: =SUM(B46:O46) -> 0 | Q46: =P46/$P$52 -> 0
A47: ='Conveyor Downtime (new)'!A47 -> 46051 | P47: =SUM(B47:O47) -> 0 | Q47: =P47/$P$52 -> 0
A48: ='Conveyor Downtime (new)'!A48 -> 46051 | P48: =SUM(B48:O48) -> 0 | Q48: =P48/$P$52 -> 0
A49: ='Conveyor Downtime (new)'!A49 -> 46052 | P49: =SUM(B49:O49) -> 0 | Q49: =P49/$P$52 -> 0
A50: ='Conveyor Downtime (new)'!A50 -> 46052 | P50: =SUM(B50:O50) -> 0 | Q50: =P50/$P$52 -> 0
A52: Total MTD | B52: =SUM(B6:B51) -> 0 | C52: =SUM(C6:C51) -> 0 | D52: =SUM(D6:D51) -> 0 | E52: =SUM(E6:E51) -> 0 | F52: =SUM(F6:F51) -> 0 | G52: =SUM(G6:G51) -> 0 | H52: =SUM(H6:H51) -> 0 | I52: =SUM(I6:I51) -> 0 | ... P52: =SUM(P6:P51) -> 2
A53: MTD | B53: =B52/$P52 -> 0 | C53: =C52/$P52 -> 0 | D53: =D52/$P52 -> 0 | E53: =E52/$P52 -> 0 | F53: =F52/$P52 -> 0 | G53: =G52/$P52 -> 0 | H53: =H52/$P52 -> 0 | I53: =I52/$P52 -> 0 | ... O53: =O52/$P52 -> 1
A56: ='Conveyor Downtime (new)'!A67 -> 46055 | P56: =SUM(B56:O56) -> 0 | Q56: =P56/$P$107 -> 0
A57: ='Conveyor Downtime (new)'!A68 -> 46055 | P57: =SUM(B57:O57) -> 0 | Q57: =P57/$P$107 -> 0
A58: ='Conveyor Downtime (new)'!A69 -> 46056 | P58: =SUM(B58:O58) -> 0 | Q58: =P58/$P$107 -> 0
A59: ='Conveyor Downtime (new)'!A70 -> 46057 | B59: =5 -> 5 | O59: =5+8+6+6+22+25+10+2 -> 84 | P59: =SUM(B59:O59) -> 89 | Q59: =P59/$P$107 -> 0.44949495
A60: ='Conveyor Downtime (new)'!A71 -> 46057 | L60: =14+2+6 -> 22 | O60: =13+7+45+3+10 -> 78 | P60: =SUM(B60:O60) -> 100 | Q60: =P60/$P$107 -> 0.50505051
A61: ='Conveyor Downtime (new)'!A72 -> 46058 | B61: =9 -> 9 | P61: =SUM(B61:O61) -> 9 | Q61: =P61/$P$107 -> 0.045454545
A62: ='Conveyor Downtime (new)'!A73 -> 46058 | P62: =SUM(B62:O62) -> 0 | Q62: =P62/$P$107 -> 0
A63: ='Conveyor Downtime (new)'!A74 -> 46058 | P63: =SUM(B63:O63) -> 0 | Q63: =P63/$P$107 -> 0
A64: ='Conveyor Downtime (new)'!A75 -> 46059 | P64: =SUM(B64:O64) -> 0 | Q64: =P64/$P$107 -> 0
A65: ='Conveyor Downtime (new)'!A76 -> 46059 | P65: =SUM(B65:O65) -> 0 | Q65: =P65/$P$107 -> 0
A66: ='Conveyor Downtime (new)'!A77 -> 46062 | P66: =SUM(B66:O66) -> 0 | Q66: =P66/$P$107 -> 0
A67: ='Conveyor Downtime (new)'!A78 -> 46062 | P67: =SUM(B67:O67) -> 0 | Q67: =P67/$P$107 -> 0
A68: ='Conveyor Downtime (new)'!A79 -> 46062 | P68: =SUM(B68:O68) -> 0 | Q68: =P68/$P$107 -> 0
A69: ='Conveyor Downtime (new)'!A80 -> 46063 | P69: =SUM(B69:O69) -> 0 | Q69: =P69/$P$107 -> 0
A70: ='Conveyor Downtime (new)'!A81 -> 46063 | P70: =SUM(B70:O70) -> 0 | Q70: =P70/$P$107 -> 0
A71: ='Conveyor Downtime (new)'!A82 -> 46063 | P71: =SUM(B71:O71) -> 0 | Q71: =P71/$P$107 -> 0
A72: ='Conveyor Downtime (new)'!A83 -> 46064 | P72: =SUM(B72:O72) -> 0 | Q72: =P72/$P$107 -> 0
A73: ='Conveyor Downtime (new)'!A84 -> 46064 | P73: =SUM(B73:O73) -> 0 | Q73: =P73/$P$107 -> 0
... A103: ='Conveyor Downtime (new)'!A114 -> 0 | P103: =SUM(B103:O103) -> 0 | Q103: =P103/$P$107 -> 0
P104: =SUM(B104:O104) -> 0 | Q104: =P104/$P$107 -> 0
P105: =SUM(B105:O105) -> 0 | Q105: =P105/$P$107 -> 0
P106: =SUM(B106:O106) -> 0 | Q106: =P106/$P$107 -> 0
A107: Total MTD | B107: =SUM(B56:B106) -> 14 | C107: =SUM(C56:C106) -> 0 | D107: =SUM(D56:D106) -> 0 | E107: =SUM(E56:E106) -> 0 | F107: =SUM(F56:F106) -> 0 | G107: =SUM(G56:G106) -> 0 | H107: =SUM(H56:H106) -> 0 | I107: =SUM(I56:I106) -> 0 | ... P107: =SUM(P56:P106) -> 198
A108: MTD | B108: =B107/$P107 -> 0.070707071 | C108: =C107/$P107 -> 0 | D108: =D107/$P107 -> 0 | E108: =E107/$P107 -> 0 | F108: =F107/$P107 -> 0 | G108: =G107/$P107 -> 0 | H108: =H107/$P107 -> 0 | I108: =I107/$P107 -> 0 | ... O108: =O107/$P107 -> 0.81818182
A113: ='Conveyor Downtime (new)'!A124 -> 46083 | P113: =SUM(B113:O113) -> 0 | Q113: =P113/$P$169 -> 0
A114: ='Conveyor Downtime (new)'!A125 -> 46083 | P114: =SUM(B114:O114) -> 0 | Q114: =P114/$P$169 -> 0
A115: ='Conveyor Downtime (new)'!A126 -> 46084 | P115: =SUM(B115:O115) -> 0 | Q115: =P115/$P$169 -> 0
A116: ='Conveyor Downtime (new)'!A127 -> 46085 | P116: =SUM(B116:O116) -> 0 | Q116: =P116/$P$169 -> 0
A117: ='Conveyor Downtime (new)'!A128 -> 46085 | P117: =SUM(B117:O117) -> 0 | Q117: =P117/$P$169 -> 0
A118: ='Conveyor Downtime (new)'!A129 -> 46086 | P118: =SUM(B118:O118) -> 0 | Q118: =P118/$P$169 -> 0
A119: ='Conveyor Downtime (new)'!A130 -> 46086 | P119: =SUM(B119:O119) -> 0 | Q119: =P119/$P$169 -> 0
A120: ='Conveyor Downtime (new)'!A131 -> 46087 | P120: =SUM(B120:O120) -> 0 | Q120: =P120/$P$169 -> 0
A121: ='Conveyor Downtime (new)'!A132 -> 46087 | P121: =SUM(B121:O121) -> 0 | Q121: =P121/$P$169 -> 0
A122: ='Conveyor Downtime (new)'!A133 -> 46087 | P122: =SUM(B122:O122) -> 0 | Q122: =P122/$P$169 -> 0
A123: ='Conveyor Downtime (new)'!A134 -> 46089 | P123: =SUM(B123:O123) -> 0 | Q123: =P123/$P$169 -> 0
A124: ='Conveyor Downtime (new)'!A135 -> 46090 | P124: =SUM(B124:O124) -> 0 | Q124: =P124/$P$169 -> 0
A125: ='Conveyor Downtime (new)'!A136 -> 46091 | P125: =SUM(B125:O125) -> 0 | Q125: =P125/$P$169 -> 0
A126: ='Conveyor Downtime (new)'!A137 -> 46091 | B126: 5 | P126: =SUM(B126:O126) -> 5 | Q126: =P126/$P$169 -> 0.010869565
A127: ='Conveyor Downtime (new)'!A138 -> 46092 | P127: =SUM(B127:O127) -> 0 | Q127: =P127/$P$169 -> 0
A128: ='Conveyor Downtime (new)'!A139 -> 46092 | L128: =10+3 -> 13 | O128: 45 | P128: =SUM(B128:O128) -> 58 | Q128: =P128/$P$169 -> 0.12608696
A129: ='Conveyor Downtime (new)'!A140 -> 46092 | P129: =SUM(B129:O129) -> 0 | Q129: =P129/$P$169 -> 0
A130: ='Conveyor Downtime (new)'!A141 -> 46093 | P130: =SUM(B130:O130) -> 0 | Q130: =P130/$P$169 -> 0
A131: ='Conveyor Downtime (new)'!A142 -> 46093 | P131: =SUM(B131:O131) -> 0 | Q131: =P131/$P$169 -> 0
A132: ='Conveyor Downtime (new)'!A143 -> 46094 | P132: =SUM(B132:O132) -> 0 | Q132: =P132/$P$169 -> 0
A133: ='Conveyor Downtime (new)'!A144 -> 46094 | P133: =SUM(B133:O133) -> 0 | Q133: =P133/$P$169 -> 0
A134: ='Conveyor Downtime (new)'!A145 -> 46097 | P134: =SUM(B134:O134) -> 0 | Q134: =P134/$P$169 -> 0
A135: ='Conveyor Downtime (new)'!A146 -> 46098 | P135: =SUM(B135:O135) -> 0 | Q135: =P135/$P$169 -> 0
A136: ='Conveyor Downtime (new)'!A147 -> 46099 | P136: =SUM(B136:O136) -> 0 | Q136: =P136/$P$169 -> 0
A137: ='Conveyor Downtime (new)'!A148 -> 46099 | P137: =SUM(B137:O137) -> 0 | Q137: =P137/$P$169 -> 0
A138: ='Conveyor Downtime (new)'!A149 -> 46100 | P138: =SUM(B138:O138) -> 0 | Q138: =P138/$P$169 -> 0
A139: ='Conveyor Downtime (new)'!A150 -> 46100 | P139: =SUM(B139:O139) -> 0 | Q139: =P139/$P$169 -> 0
A140: ='Conveyor Downtime (new)'!A151 -> 46100 | P140: =SUM(B140:O140) -> 0 | Q140: =P140/$P$169 -> 0
... A149: ='Conveyor Downtime (new)'!A160 -> 46106 | P149: =SUM(B149:O149) -> 0 | Q149: =P149/$P$169 -> 0
A150: ='Conveyor Downtime (new)'!A161 -> 46106 | K150: =22 -> 22 | P150: =SUM(B150:O150) -> 22 | Q150: =P150/$P$169 -> 0.047826087
A151: ='Conveyor Downtime (new)'!A162 -> 46106 | I151: 11 | K151: =60+23+50+38+2 -> 173 | P151: =SUM(B151:O151) -> 184 | Q151: =P151/$P$169 -> 0.4
A152: ='Conveyor Downtime (new)'!A163 -> 46107 | K152: =10+60+50 -> 120 | P152: =SUM(B152:O152) -> 120 | Q152: =P152/$P$169 -> 0.26086957
A153: ='Conveyor Downtime (new)'!A164 -> 46107 | K153: =11+2+3+9 -> 25 | P153: =SUM(B153:O153) -> 25 | Q153: =P153/$P$169 -> 0.054347826
A154: ='Conveyor Downtime (new)'!A165 -> 46107 | O154: 22 | P154: =SUM(B154:O154) -> 22 | Q154: =P154/$P$169 -> 0.047826087
A155: ='Conveyor Downtime (new)'!A166 -> 46107 | P155: =SUM(B155:O155) -> 0 | Q155: =P155/$P$169 -> 0
A156: ='Conveyor Downtime (new)'!A167 -> 46108 | M156: =24 -> 24 | P156: =SUM(B156:O156) -> 24 | Q156: =P156/$P$169 -> 0.052173913
A157: ='Conveyor Downtime (new)'!A168 -> 46108 | P157: =SUM(B157:O157) -> 0 | Q157: =P157/$P$169 -> 0
A158: ='Conveyor Downtime (new)'!A169 -> 46111 | P158: =SUM(B158:O158) -> 0 | Q158: =P158/$P$169 -> 0
...

Sheet Conveyor Downtime (new)
A3: Date | B3: Uncaser Infeed | C3: Uncaser Combiner | D3: uncaser empty crates | E3: uncaser discharge 1 | F3: crate washer infeed | G3: crate rinser infeed 1 | H3: crate rinser infeed 2 | I3: crate rinser infeed 3 | J3: crate rinser discharge 1 | K3: crate rinser discharge 2 | L3: soft crates | M3: washer infeed | N3: washer discharge 1 | O3: washer discharge 2 | P3: washer discharge 3 | Q3: washer discharge 4 | R3: EBI infeed 1 | S3: EBI infeed (Shuffler) | T3: EBI infeed 2 | U3: EBI infeed 3 | V3: EBI discharge 1 | W3: EBI discharge 2 | X3: EBI discharge 3 | Y3: Filler Infeed 1 | Z3: Filler Discharge 1 | AA3: Filler Discharge 2 | AB3: Filler Discharge 3 | AC3: Pasteuriser Infeed | AD3: Pasteuriser Discharge 1 | AE3: Pasteuriser Discharge 2 | AF3: Pasteuriser Discharge 3 | AG3: Pasteuriser Discharge 4 | AH3: Labeler Infeed | AI3: Labeler Discharge 1 | AJ3: Labeler Discharge 2 | AK3: Packer Accumulation infeed 1 | AL3: Packer Accumulation infeed 2 | AM3: Packer Accumulation table | AN3: Packer Accumulation discharge | AO3: Packer Infeed | AP3: Packer Infeed (crates/cartons) | AQ3: Packer Infeed (guide rail) | AR3: Packer Crate Combiner | AS3: Packer discharge (roller) | AT3: Packer discharge (chain 1) | AU3: Packer discharge (chain 2)
A4: 2026
A6: 46024 | S6: =2+3 -> 5 | AV6: =SUM(B6:AU6) -> 5 | AW6: =AV6/$AV$63 -> 0.0008227744
A7: 46027 | V7: 1320 | AV7: =SUM(B7:AU7) -> 1320 | AW7: =AV7/$AV$63 -> 0.21721244
A8: 46028 | V8: 1440 | AV8: =SUM(B8:AU8) -> 1440 | AW8: =AV8/$AV$63 -> 0.23695903
A9: 46029 | V9: 1440 | AV9: =SUM(B9:AU9) -> 1440 | AW9: =AV9/$AV$63 -> 0.23695903
A10: 46030 | V10: =1180+6+5+26 -> 1217 | AV10: =SUM(B10:AU10) -> 1217 | AW10: =AV10/$AV$63 -> 0.20026329
A11: 46031 | AE11: =4 -> 4 | AH11: =2+3+2+3+3+2+2+3+6+57 -> 83 | AV11: =SUM(B11:AU11) -> 87 | AW11: =AV11/$AV$63 -> 0.014316274
A12: 46031 | S12: =2+2 -> 4 | AV12: =SUM(B12:AU12) -> 4 | AW12: =AV12/$AV$63 -> 0.00065821952
A13: 46032 | S13: =3+3+2+3 -> 11 | AD13: =4 -> 4 | AV13: =SUM(B13:AU13) -> 15 | AW13: =AV13/$AV$63 -> 0.0024683232
A14: 46034 | E14: =10 -> 10 | S14: 2 | T14: =2+1+2+2+3 -> 10 | AV14: =SUM(B14:AU14) -> 22 | AW14: =AV14/$AV$63 -> 0.0036202073
A15: 46034 | S15: =2+2+3+3+3+3 -> 16 | AV15: =SUM(B15:AU15) -> 16 | AW15: =AV15/$AV$63 -> 0.0026328781
A16: 46034 | S16: =2 -> 2 | AD16: =3 -> 3 | AV16: =SUM(B16:AU16) -> 5 | AW16: =AV16/$AV$63 -> 0.0008227744
A17: 46035 | S17: =2+3 -> 5 | V17: =3 -> 3 | AH17: =57+50+10 -> 117 | AV17: =SUM(B17:AU17) -> 125 | AW17: =AV17/$AV$63 -> 0.02056936
A18: 46035 | S18: =3+3 -> 6 | AH18: =7+7+33 -> 47 | AV18: =SUM(B18:AU18) -> 53 | AW18: =AV18/$AV$63 -> 0.0087214086
A19: 46036 | F19: =3 -> 3 | S19: =2+2 -> 4 | AV19: =SUM(B19:AU19) -> 7 | AW19: =AV19/$AV$63 -> 0.0011518842
A20: 46036 | R20: =5+11 -> 16 | S20: =2+1+1+2+3+2 -> 11 | AH20: =15+5 -> 20 | AV20: =SUM(B20:AU20) -> 47 | AW20: =AV20/$AV$63 -> 0.0077340793
A21: 46037 | R21: =2 -> 2 | S21: =2+1+2 -> 5 | AC21: 1 | AV21: =SUM(B21:AU21) -> 8 | AW21: =AV21/$AV$63 -> 0.001316439
A22: 46037 | S22: 2 | AV22: =SUM(B22:AU22) -> 2 | AW22: =AV22/$AV$63 -> 0.00032910976
A23: 46038 | S23: =2+2 -> 4 | AV23: =SUM(B23:AU23) -> 4 | AW23: =AV23/$AV$63 -> 0.00065821952
A24: 46038 | S24: =2+2+1+2+3+2 -> 12 | AD24: =2 -> 2 | AV24: =SUM(B24:AU24) -> 14 | AW24: =AV24/$AV$63 -> 0.0023037683
A25: 46041 | S25: =3+5+3+4+1+1+2+1+1+1+1+1+1+1+2+1+1+2+2 -> 34 | W25: 3 | Y25: =1 -> 1 | AV25: =SUM(B25:AU25) -> 38 | AW25: =AV25/$AV$63 -> 0.0062530854
A26: 46041 | S26: =2+1+2+1 -> 6 | AV26: =SUM(B26:AU26) -> 6 | AW26: =AV26/$AV$63 -> 0.00098732927
A27: 46042 | R27: =2 -> 2 | S27: =2+3+2+3+3+1+1 -> 15 | AD27: =5+3+3 -> 11 | AV27: =SUM(B27:AU27) -> 28 | AW27: =AV27/$AV$63 -> 0.0046075366
A28: 46042 | Z28: =3 -> 3 | AD28: =1 -> 1 | AV28: =SUM(B28:AU28) -> 4 | AW28: =AV28/$AV$63 -> 0.00065821952
A29: 46043 | AV29: =SUM(B29:AU29) -> 0 | AW29: =AV29/$AV$63 -> 0
A30: 46043 | AV30: =SUM(B30:AU30) -> 0 | AW30: =AV30/$AV$63 -> 0
A31: 46043 | AE31: 2 | AV31: =SUM(B31:AU31) -> 2 | AW31: =AV31/$AV$63 -> 0.00032910976
A32: 46043 | AV32: =SUM(B32:AU32) -> 0 | AW32: =AV32/$AV$63 -> 0
A33: 46044 | AV33: =SUM(B33:AU33) -> 0 | AW33: =AV33/$AV$63 -> 0
A34: 46045 | AV34: =SUM(B34:AU34) -> 0 | AW34: =AV34/$AV$63 -> 0
A35: 46045 | S35: =1 -> 1 | Z35: =2 -> 2 | AV35: =SUM(B35:AU35) -> 3 | AW35: =AV35/$AV$63 -> 0.00049366464
A36: 46045 | AV36: =SUM(B36:AU36) -> 0 | AW36: =AV36/$AV$63 -> 0
A37: 46045 | AV37: =SUM(B37:AU37) -> 0 | AW37: =AV37/$AV$63 -> 0
A38: 46048 | R38: 2 | AV38: =SUM(B38:AU38) -> 2 | AW38: =AV38/$AV$63 -> 0.00032910976
A39: 46048 | R39: =4 -> 4 | S39: =3+2+2+2 -> 9 | AV39: =SUM(B39:AU39) -> 13 | AW39: =AV39/$AV$63 -> 0.0021392134
A40: 46049 | S40: =2+1+3 -> 6 | AD40: 8 | AV40: =SUM(B40:AU40) -> 14 | AW40: =AV40/$AV$63 -> 0.0023037683
A41: 46049 | Z41: =2+2+2 -> 6 | AV41: =SUM(B41:AU41) -> 6 | AW41: =AV41/$AV$63 -> 0.00098732927
A42: 46050 | R42: =2+1+2+2+1+2+1+1+1+1+2+2+2+3 -> 23 | S42: =2+2+1 -> 5 | AV42: =SUM(B42:AU42) -> 28 | AW42: =AV42/$AV$63 -> 0.0046075366
A43: 46050 | S43: =3+3+4+4+4+3+4+3+2 -> 30 | AD43: =5+6 -> 11 | AV43: =SUM(B43:AU43) -> 41 | AW43: =AV43/$AV$63 -> 0.00674675
A44: 46050 | S44: =1+1 -> 2 | AV44: =SUM(B44:AU44) -> 2 | AW44: =AV44/$AV$63 -> 0.00032910976
A45: 46051 | AV45: =SUM(B45:AU45) -> 0 | AW45: =AV45/$AV$63 -> 0
A46: 46051 | AV46: =SUM(B46:AU46) -> 0 | AW46: =AV46/$AV$63 -> 0
A47: 46051 | F47: =15 -> 15 | S47: =2+1+2 -> 5 | AP47: =8 -> 8 | AV47: =SUM(B47:AU47) -> 28 | AW47: =AV47/$AV$63 -> 0.0046075366
A48: 46051 | AV48: =SUM(B48:AU48) -> 0 | AW48: =AV48/$AV$63 -> 0
A49: 46052 | S49: =1+2 -> 3 | AV49: =SUM(B49:AU49) -> 3 | AW49: =AV49/$AV$63 -> 0.00049366464
A50: 46052 | R50: =2 -> 2 | S50: =3+4+2+2+2+2 -> 15 | AT50: =11 -> 11 | AV50: =SUM(B50:AU50) -> 28 | AW50: =AV50/$AV$63 -> 0.0046075366
AV51: =SUM(B51:AU51) -> 0 | AW51: =AV51/$AV$63 -> 0
AV52: =SUM(B52:AU52) -> 0 | AW52: =AV52/$AV$63 -> 0
AV53: =SUM(B53:AU53) -> 0 | AW53: =AV53/$AV$63 -> 0
AV54: =SUM(B54:AU54) -> 0 | AW54: =AV54/$AV$63 -> 0
AV55: =SUM(B55:AU55) -> 0 | AW55: =AV55/$AV$63 -> 0
AV56: =SUM(B56:AU56) -> 0 | AW56: =AV56/$AV$63 -> 0
AV57: =SUM(B57:AU57) -> 0 | AW57: =AV57/$AV$63 -> 0
AV58: =SUM(B58:AU58) -> 0 | AW58: =AV58/$AV$63 -> 0
AV59: =SUM(B59:AU59) -> 0 | AW59: =AV59/$AV$63 -> 0
AV60: =SUM(B60:AU60) -> 0 | AW60: =AV60/$AV$63 -> 0
AV61: =SUM(B61:AU61) -> 0 | AW61: =AV61/$AV$63 -> 0
AV62: =SUM(B62:AU62) -> 0 | AW62: =AV62/$AV$63 -> 0
A63: Total MTD | B63: =SUM(B6:B62) -> 0 | C63: =SUM(C6:C62) -> 0 | D63: =SUM(D6:D62) -> 0 | E63: =SUM(E6:E62) -> 10 | F63: =SUM(F6:F62) -> 18 | G63: =SUM(G6:G62) -> 0 | H63: =SUM(H6:H62) -> 0 | I63: =SUM(I6:I62) -> 0 | ... AV63: =SUM(AV6:AV62) -> 6077
A64: MTD | B64: =B63/$AV63 -> 0 | C64: =C63/$AV63 -> 0 | D64: =D63/$AV63 -> 0 | E64: =E63/$AV63 -> 0.0016455488 | F64: =F63/$AV63 -> 0.0029619878 | G64: =G63/$AV63 -> 0 | H64: =H63/$AV63 -> 0 | I64: =I63/$AV63 -> 0 | ... AU64: =AU63/$AV63 -> 0
A67: 46055 | S67: =2+3+2 -> 7 | Z67: =1 -> 1 | AE67: =4+18 -> 22 | AV67: =SUM(B67:AU67) -> 30 | AW67: =AV67/$AV$118 -> 0.026292726
A68: 46055 | R68: =2 -> 2 | S68: =2+2+2+2+2 -> 10 | AV68: =SUM(B68:AU68) -> 12 | AW68: =AV68/$AV$118 -> 0.01051709
A69: 46056 | R69: =2 -> 2 | S69: =2+2 -> 4 | AD69: =2 -> 2 | AV69: =SUM(B69:AU69) -> 8 | AW69: =AV69/$AV$118 -> 0.0070113935
A70: 46057 | S70: =2+2 -> 4 | AV70: =SUM(B70:AU70) -> 4 | AW70: =AV70/$AV$118 -> 0.0035056968
A71: 46057 | B71: =8 -> 8 | AV71: =SUM(B71:AU71) -> 8 | AW71: =AV71/$AV$118 -> 0.0070113935
A72: 46058 | R72: =3 -> 3 | AD72: =4+2 -> 6 | AV72: =SUM(B72:AU72) -> 9 | AW72: =AV72/$AV$118 -> 0.0078878177
A73: 46058 | S73: =2+3 -> 5 | AV73: =SUM(B73:AU73) -> 5 | AW73: =AV73/$AV$118 -> 0.0043821209
A74: 46058 | S74: =2+2 -> 4 | AV74: =SUM(B74:AU74) -> 4 | AW74: =AV74/$AV$118 -> 0.0035056968
A75: 46059 | S75: =2+2+2+7 -> 13 | AV75: =SUM(B75:AU75) -> 13 | AW75: =AV75/$AV$118 -> 0.011393514
A76: 46059 | R76: =2 -> 2 | S76: =2+3 -> 5 | AV76: =SUM(B76:AU76) -> 7 | AW76: =AV76/$AV$118 -> 0.0061349693
A77: 46062 | R77: =2 -> 2 | S77: =3+2 -> 5 | AV77: =SUM(B77:AU77) -> 7 | AW77: =AV77/$AV$118 -> 0.0061349693
A78: 46062 | AV78: =SUM(B78:AU78) -> 0 | AW78: =AV78/$AV$118 -> 0
A79: 46062 | AV79: =SUM(B79:AU79) -> 0 | AW79: =AV79/$AV$118 -> 0
A80: 46063 | R80: =3+4+3+4+5+3+4+3+6 -> 35 | S80: =2+3+2 -> 7 | T80: =2 -> 2 | AV80: =SUM(B80:AU80) -> 44 | AW80: =AV80/$AV$118 -> 0.038562664
A81: 46063 | AV81: =SUM(B81:AU81) -> 0 | AW81: =AV81/$AV$118 -> 0
A82: 46063 | S82: =2 -> 2 | AV82: =SUM(B82:AU82) -> 2 | AW82: =AV82/$AV$118 -> 0.0017528484
A83: 46064 | R83: =2 -> 2 | S83: =3+2+4+2+3+2+3+3+3 -> 25 | V83: =2 -> 2 | AV83: =SUM(B83:AU83) -> 29 | AW83: =AV83/$AV$118 -> 0.025416301
A84: 46064 | S84: =3+2 -> 5 | AV84: =SUM(B84:AU84) -> 5 | AW84: =AV84/$AV$118 -> 0.0043821209
A85: 46065 | F85: 5 | R85: =20 -> 20 | V85: =3+2+2 -> 7 | Y85: =8+19+38+18 -> 83 | AV85: =SUM(B85:AU85) -> 115 | AW85: =AV85/$AV$118 -> 0.10078878
A86: 46066 | S86: =3+3+4 -> 10 | AV86: =SUM(B86:AU86) -> 10 | AW86: =AV86/$AV$118 -> 0.0087642419
A87: 46066 | AV87: =SUM(B87:AU87) -> 0 | AW87: =AV87/$AV$118 -> 0
A88: 46069 | S88: =2+2+2+2 -> 8 | W88: =15 -> 15 | AD88: =3+4 -> 7 | AG88: =2 -> 2 | AV88: =SUM(B88:AU88) -> 32 | AW88: =AV88/$AV$118 -> 0.028045574
A89: 46070 | S89: =2+2+1 -> 5 | W89: 2 | AV89: =SUM(B89:AU89) -> 7 | AW89: =AV89/$AV$118 -> 0.0061349693
A90: 46071 | AV90: =SUM(B90:AU90) -> 0 | AW90: =AV90/$AV$118 -> 0
A91: 46072 | R91: =5 -> 5 | S91: =2+1 -> 3 | AV91: =SUM(B91:AU91) -> 8 | AW91: =AV91/$AV$118 -> 0.0070113935
A92: 46072 | AV92: =SUM(B92:AU92) -> 0 | AW92: =AV92/$AV$118 -> 0
A93: 46072 | AV93: =SUM(B93:AU93) -> 0 | AW93: =AV93/$AV$118 -> 0
A94: 46073 | AV94: =SUM(B94:AU94) -> 0 | AW94: =AV94/$AV$118 -> 0
A95: 46073 | S95: =2 -> 2 | AV95: =SUM(B95:AU95) -> 2 | AW95: =AV95/$AV$118 -> 0.0017528484
A96: 46076 | R96: =60+60+30 -> 150 | S96: =4+2+2 -> 8 | V96: =2+3+1 -> 6 | X96: =60+60+60+60+60 -> 300 | AV96: =SUM(B96:AU96) -> 464 | AW96: =AV96/$AV$118 -> 0.40666082
A97: 46077 | S97: =1+2+3+3+2 -> 11 | AV97: =SUM(B97:AU97) -> 11 | AW97: =AV97/$AV$118 -> 0.0096406661
A98: 46077 | AH98: =42+30 -> 72 | AV98: =SUM(B98:AU98) -> 72 | AW98: =AV98/$AV$118 -> 0.063102542
A99: 46078 | R99: =7 -> 7 | S99: =2+3 -> 5 | V99: =3+2+3+2+3+3+2+2+2+8+2+3+1+2+3+6 -> 47 | X99: =2 -> 2 | AC99: =60+25 -> 85 | AV99: =SUM(B99:AU99) -> 146 | AW99: =AV99/$AV$118 -> 0.12795793
A100: 46079 | R100: =4+16 -> 20 | S100: =1+3 -> 4 | T100: =2+2+3 -> 7 | X100: 2 | AV100: =SUM(B100:AU100) -> 33 | AW100: =AV100/$AV$118 -> 0.028921998
A101: 46079 | S101: =3 -> 3 | AV101: =SUM(B101:AU101) -> 3 | AW101: =AV101/$AV$118 -> 0.0026292726
A102: 46080 | S102: =2 -> 2 | AV102: =SUM(B102:AU102) -> 2 | AW102: =AV102/$AV$118 -> 0.0017528484
A103: 46080 | S103: =2+3+2+1+2 -> 10 | AV103: =SUM(B103:AU103) -> 10 | AW103: =AV103/$AV$118 -> 0.0087642419
A104: 46080 | S104: =3+4 -> 7 | W104: =2+2+2+2 -> 8 | AV104: =SUM(B104:AU104) -> 15 | AW104: =AV104/$AV$118 -> 0.013146363
A105: 46081 | W105: =2+1+1 -> 4 | AV105: =SUM(B105:AU105) -> 4 | AW105: =AV105/$AV$118 -> 0.0035056968
...

Sheet Org & Tech Downtime
D1: =Feb!$I$60 -> 1096 | E1: =Mar!$I$62 -> 1252 | F1: =Apr!$I$54 -> 1313 | G1: =May!$I$63 -> 1330 | H1: =Jun!$I$57 -> 585 | I1: =Jul!$I$61 -> 1529 | J1: =Aug!$I$68 -> 1331 | K1: =Sept!$I$55 -> 1001 | L1: =Oct!$I$71 -> 0 | M1: =Nov!$I$56 -> 0 | N1: =Dec!$I$58 -> 0
B3: Downtime Losses (Mins.) | C3: 46023 | D3: 46054 | E3: 46082 | F3: 46113 | G3: 46143 | H3: 46174 | I3: 46204 | J3: 46235 | K3: 46266 | L3: 46296 | M3: 46327 | N3: 46357 | O3: YTD
B4: Change Over Downtime | C4: =Jan!I61 -> 1295 | D4: =Feb!I60 -> 1096 | E4: =Mar!I62 -> 1252 | F4: =Apr!I54 -> 1313 | G4: =May!I63 -> 1330 | H4: =Jun!I57 -> 585 | I4: =Jul!I61 -> 1529 | J4: =Aug!I68 -> 1331 | K4: =Sept!I55 -> 1001 | O4: =SUM(C4:N4) -> 10732 | P4: Organizational Loss | U4: =G4/60 -> 22.166667 | V4: =H4/60 -> 9.75
B5: External Downtime | C5: =Jan!H61+Jan!J61+Jan!K61+Jan!L61+Jan!M61+Jan!N61+Jan!Z61+Jan!AA61+Jan!AB61+Jan!AC61-C6 -> 3736 | D5: =Feb!H60+Feb!J60+Feb!K60+Feb!L60+Feb!M60+Feb!N60+Feb!Z60+Feb!AA60+Feb!AB60+Feb!AC60-D6 -> 2318 | E5: =Mar!H62+Mar!J62+Mar!K62+Mar!L62+Mar!M62+Mar!N62+Mar!Z62+Mar!AA62+Mar!AB62+Mar!AC62-'Org & Tech Downtime'!E6 -> 2822 | F5: =Apr!H54+Apr!J54+Apr!K54+Apr!L54+Apr!M54+Apr!N54+Apr!Z54+Apr!AA54+Apr!AB54+Apr!AC54-F6 -> 2055 | G5: =May!H63+May!J63+May!K63+May!L63+May!M63+May!N63+May!Z63+May!AA63+May!AB63+May!AC63-G6 -> 2217 | H5: =Jun!H57+Jun!J57+Jun!K57+Jun!L57+Jun!M57+Jun!N57+Jun!Z57+Jun!AA57+Jun!AB57+Jun!AC57-H6 -> 986 | I5: =Jul!H61+Jul!J61+Jul!K61+Jul!L61+Jul!M61+Jul!N61+Jul!Z61+Jul!AA61+Jul!AB61+Jul!AC61-I6 -> 5509 | J5: =Aug!H68+Aug!J68+Aug!K68+Aug!L68+Aug!M68+Aug!N68+Aug!Z68+Aug!AA68+Aug!AB68+Aug!AC68 -> 2611 | K5: =Sept!H55+Sept!J55+Sept!K55+Sept!L55+Sept!M55+Sept!N55+Sept!Z55+Sept!AA55+Sept!AB55+Sept!AC55 -> 2820 | O5: =SUM(C5:N5) -> 25074 | U5: =G5/60 -> 36.95 | V5: =H5/60 -> 16.433333
B6: Planned Downtime | C6: =8+36+15+30 -> 89 | D6: =675+120 -> 795 | E6: =10+27+60+60+60+30+29 -> 276 | F6: =15+15 -> 30 | G6: =180+15+6+12 -> 213 | H6: =9+10+60+24 -> 103 | I6: ='[4]July 2026 (w Utilization)'!$K$38 -> 1342 | J6: =30 -> 30 | K6: 20 | O6: =SUM(C6:N6) -> 2898 | U6: =G6/60 -> 3.55 | V6: =H6/60 -> 1.7166667
B7: Breakdown | C7: =6+6+10+5+32+5+7+5+6+6+60+60+30+6+5+26+7+11+10+5+6+57+37+11+10+5+7+18+6+5+5+6+9+6+5+6+10+8+5+7+6+6+5+5+8+6+7+5+29+6+11+5+6+5+5+6+6+57+50+10+7+5+15+7+7+33+7+30+18+5+11+9+24+15+5+5+16+5+11+10+5+5+6+5+6+7+9+5+5+11+8+5+6+6+6+29+5+9+5+5+6+5+7+15+5+5+14+6+5+6+9+8+6+10+26+6+12+5+5+6+6+5+11+5+5+5+7+5+5+5+16+5+5+6+5+8+5+18+5+50+9+14+6+6+5+5+6+5+5+5+7+25+60+60+30+8+8+5+15+25+33+9+25+8+6+5+7+6+12+60+25+51+60+60+480+60+60+21+15+18+60+55+7+6+5+14+6+5+5+5+5+14+5+7+5+5+8+10+7+36+21+7+7+9+15+5+6+5+5+6+11+6+5+5+5+10+10+5+5+10+5+5+8+5+6+15+8+6+10+6+35+6+10+5+5+6+11+10+9 -> 3452 | D7: =6+5+5+18+8+13+5+5+5+5+12+5+6+6+5+36+8+11+6+5+10+14+6+5+8+6+13+8+6+22+25+10+20+5+9+9+10+7+6+38+60+6+8+5+8+14+6+13+7+45+10+9+5+37+12+20+6+7+16+22+5+16+10+6+5+8+6+12+8+11+20+5+7+10+60+27+15+11+10+9+6+5+9+19+17+5+10+8+7+13+11+5+18+7+11+7+6+22+9+5+7+5+37+12+6+29+40+5+5+6+5+7+5+14+10+2+6+5+5+5+18+60+10+5+7+5+7+9+24+6+5+7+14+10+10+6+9+5+5+7+7+7+7+13+5+7+5+17+21+20+6+12+5+8+21+10+5+5+8+19+38+18+6+20+7+5+9+5+6+11+9+6+12+8+15+6+5+11+6+7+7+13+9+7+6+10+9+5+5+10+5+7+8+28+7+5+5+6+5+6+6+15+8+10+60+40+7+6+5+16+24+5+11+13+9+7+6+60+9+5+6+54+6+9+5+9+7+29+22+5+6+5+10+5+30+30+37+7+11+6+17+14+10+20+9+7+6+5+30+16+12+6+5+22+6+6+8+5+5+5+7+5+8+10+5+10+10+6+57+60+60+60+43+5+26+16+42+30+7+6+5+6+13+5+38+10+8+60+25+16+12+9+8+5+6+9+8+10+5+6+7+8+60+60+60+60+47+7+6+5+10+11+6+7+5+25+10+10+19+44+60+60+60+60+60+47+5+60+60+60+60+60+5+6+6+16+12+11+5+7+5+7+6+40+10+10+6+5+29+6+20+6+5+5+6+5+5+5+5+7+7+8+7+6+30+12+7+8+8+6+8+7+5+6+15+6+6+7+5+5+6 -> 5342 | E7: =7+14+8+6+7+15+7+37+11+21+13+10+26+9+14+5+5+8+8+6+15+12+6+5+5+10+5+11+5+14+12+15+23+60+18+11+7+14+7+8+6+18+20+23+5+5+5+6+5+15+7+8+10+14+45+5+9+9+60+6+6+6+10+5+40+47+60+60+27+30+52+5+5+6+10+8+17+6+6+9+6+5+5+5+6+5+8+26+5+6+5+43+45+60+37+5+6+5+6+5+12+6+15+20+5+5+12+38+9+5+6+13+6+10+6+6+23+5+5+6+20+8+8+5+5+5+10+6+5+6+5+5+24+30+5+12+40+5+6+5+6+7+5+7+5+6+12+5+31+9+5+5+22+8+42+17+5+5+6+30+45+10+5+10+50+25+8+13+8+10+10+5+5+8+6+6+5+5+5+7+9+5+13+60+5+5+7+5+11+8+12+6+5+7+6+5+20+9+5+5+23+60+30+5+32+8+5+6+5+7+5+5+23+8+8+5+7+5+6+9+8+6+7+8+5+6+6+5+9+7+9+8+15+11+7+5+5+6+12+7+5+6+5+12+5+8+6+6+30+30+15+60+60+22+6+30+60+60+22+16+7+6+10+5+7+7+5+7+6+6+60+20+5+13+60+8+22+60+8+23+23+20+50+52+38+11+5+6+6+8+11+9+22+5+10+24+18+60+54+10+5+5+5+5+30+8+5+5+6+26+7+5+5+9+11+15+17+5+9+5+6+8+6+9+11+5+5+5+5+6+36+24+50+10+60+23+5+8 -> 4745 | F7: =5+6+5+9+654+60+40+10+60+30+5+14+20+22+15+7+26+13+26+37+46+60+60+60+60+20+20+5+6+46+50+17+10+6+9+16+7+34+5+35+5+6+5+8+5+4+18+6+8+8+5+9+6+10+16+6+5+18+5+6+5+10+5+7+5+7+5+50+60+30+6+5+15+10+11+13+44+32+5+6+10+7+8+40+28+6+20+7+14+9+8+5+6+6+5+5+9+8+7+17+38+22+36+30+7+5+25+15+60+26+13+8+9+5+10+5+10+15+6+7+5+47+60+11+6+7+5+5+7+6+6+36+38+6+8+5+6+7+5+9+6+6+5+6+10+5+5+5+6+6+8+7+36+6+6+15+19+9+9+5+17+5+7+5+12+60+60+60+60+50+25+10+18+5+6+6+36+10+35+55+6+6+12+5+5+10+13+9+5+8+8+14+9+19+7+27+29+7+20+60+5+30+11+7+5+7+5+22+6+28+5+5+14+32+9+9+16+10+12+40+60+60+60+60+5+13+8+5+5+7+14+60+60+60+60+12+5+15+60+60+34+6+6+9+44+7+28+10+5+15+14+15+15+5+9+25+12+5+6+17+7+7+44+60+60+60+12+5+32+8+4+5+5+47+60+60+18+21+15+21+21+10+6+5+7+6+6+5+18+26+6+9+20+5+7+6+6+16+10+6+5+5+8+21+7+6+5+5+13+8+8+6+5+9 -> 6106 | G7: =5+15+10+32+39+5+20+20+10+5+6+6+5+10+19+9+8+11+5+7+5+42+45+15+60+12+7+24+60+60+60+60+49+6+18+11+30+18+7+5+11+8+5+49+18+5+5+5+15+7+14+10+5+10+5+6+6+6+6+17+5+6+10+6+5+7+22+9+8+8+15+21+9+10+5+9+9+5+11+10+20+15+7+15+6+5+60+7+6+22+56+5+5+5+5+5+7+5+6+48+34+6+28+8+5+77+28+7+5+8+5+5+69+5+6+17+5+9+11+5+5+5+5+5+6+9+6+6+5+9+26+12+6+6+5+10+5+5+5+6+6+11+6+20+5+11+6+6+5+21+6+5+5+13+7+13+5+6+9+10+33+5+5 -> 2263 | H7: =10+24+40+60+15+15+14+7+20+16+15+10+12+8+16+5+28+9+15+6+7+8+7+6+5+34+60+5+6+48+5+16+13+17+60+25+17+8+7+5+35+19+22+42+5+11+5+26+14+60+60+60+60+60+60+45+10+5+8+6+7+9+5+6+30+38+5+8+15+5+10+9+15+5+5+15+5+13+14+25+12+5+40+5+5+12+6+25+5+6+10+5+9+11+5+7+6+6+17+7+5+21+5+5+6+20+11+5+12+11+11+11+30+5+6+5+6 -> 1940 | I7: ='[4]July 2026 (w Utilization)'!$H$38 -> 4861 | J7: =6+5+7+5+5+5+9+26+60+17+12+20+8+20+28+7+11+8+7+5+21+6+11+6+10+6+8+15+5+8+5+5+7+5+11+6+13+7+10+25+6+12+5+9+6+15+29+5+8+15+60+60+60+60+60+5+5+5+6+6+10+6+40+6+13+11+16+5+7+6+5+5+6+7+5+9+11+17+7+6+6+9+6+9+6+8+5+22+5+15+5+10+14+10+5+5+10+5+21+42+10+5+5+5+5+10+5+9+16+6+5+6+6+5+5+5+8+5+8+5+5+5+22+16+5+5+6+12+7+15+5+22+26+51+8+18+11+6+13+11+7+34+14+12+10+10+60+15+24+5+5+8+10+10+6+5+5+5+7+7+7+9+7+8+30+60+28+7+5+6+7+5+6+9+13+5+5+20+6+20+12+10+8+5+7+10+17+19+5+37+5+32+13+10+9+7+15+22+13+24+8+6+7+5+6+5+5+13+18+6+37+7+6+5+5+10+13+5+13+5+5+5+5+5+5+29+5+10+8+11+28+18+20+5+5+15+7+5+17+26+19+14+35+7+7+6+5+10+33+6+11+15+6+60+50+60+16+43+7+6 -> 3354 | K7: =5+8+26+35+6+19+5+25+10+5+20+18+10+5+10+10+10+6+9+12+6+24+10+5+8+6+7+6+22+12+6+6+9+13+13+6+7+5+7+30+10+60+27+5+5+50+6+5+7+60+23+8+8+6+10+5+8+6+5+5+7+5+11+40+13+5+8+6+17+7+6+5+5+7+7+6+14+12+10+8+6+16+8+14+9+31+5+6+15+14+50+10+6+10+60+23+60+60+25+10+12+8+8+5+6+8+9+5+10+7+5+15+7+5+7+13+8+10+7+36+6+9+35+8+11+45+33+9+10+8+25+5+5+7+6+20+5+5+6+60+15+15+13+10+5+5+23+6+5+5+5+14+5+6+8+18+6+5+7 -> 2103 | O7: =SUM(C7:N7) -> 34166 | P7: Technical Loss | U7: =G7/60 -> 37.716667 | V7: =H7/60 -> 32.333333
B8: Minor Stops | C8: =Jan!Y61+Jan!X61+Jan!W61+Jan!V61+Jan!U61+Jan!T61+Jan!S61+Jan!R61+Jan!Q61+Jan!P61+Jan!O61-C7 -> 6450 | D8: =Feb!N60+Feb!O60+Feb!P60+Feb!Q60+Feb!R60+Feb!S60+Feb!T60+Feb!U60+Feb!V60+Feb!W60+Feb!X60+Feb!Y60-D7 -> 4895 | E8: =Mar!Y62+Mar!X62+Mar!W62+Mar!V62+Mar!U62+Mar!T62+Mar!S62+Mar!R62+Mar!Q62+Mar!P62+Mar!O62-'Org & Tech Downtime'!E7 -> 4537 | F8: =Apr!O54+Apr!P54+Apr!Q54+Apr!R54+Apr!S54+Apr!T54+Apr!U54+Apr!V54+Apr!W54+Apr!X54+Apr!Y54-F7 -> 2987 | G8: =May!O63+May!P63+May!Q63+May!R63+May!S63+May!T63+May!U63+May!V63+May!W63+May!X63+May!Y63-G7 -> 2451 | H8: =Jun!O57+Jun!P57+Jun!Q57+Jun!R57+Jun!S57+Jun!T57+Jun!U57+Jun!V57+Jun!W57+Jun!X57+Jun!Y57-H7 -> 2135 | I8: =Jul!O61+Jul!P61+Jul!Q61+Jul!R61+Jul!S61+Jul!T61+Jul!U61+Jul!V61+Jul!W61+Jul!X61+Jul!Y61-I7 -> 2630 | J8: =Aug!O68+Aug!P68+Aug!Q68+Aug!R68+Aug!S68+Aug!T68+Aug!U68+Aug!V68+Aug!W68+Aug!X68+Aug!Y68-J7 -> 2069 | K8: =Sept!O55+Sept!P55+Sept!Q55+Sept!R55+Sept!S55+Sept!T55+Sept!U55+Sept!V55+Sept!W55+Sept!X55+Sept!Y55-K7 -> 1854 | O8: =SUM(C8:N8) -> 30008 | U8: =G8/60 -> 40.85 | V8: =H8/60 -> 35.583333
B9: TOTAL | C9: =SUM(C4:C8) -> 15022 | D9: =SUM(D4:D8) -> 14446 | E9: =SUM(E4:E8) -> 13632 | F9: =SUM(F4:F8) -> 12491 | G9: =SUM(G4:G8) -> 8474 | H9: =SUM(H4:H8) -> 5749 | I9: =SUM(I4:I8) -> 15871 | J9: =SUM(J4:J8) -> 9395 | K9: =SUM(K4:K8) -> 7798 | L9: =SUM(L4:L6,L7:L8) -> 0 | M9: =SUM(M4:M6,M7:M8) -> 0 | N9: =SUM(N4:N6,N7:N8) -> 0 | O9: =SUM(O4:O6,O7:O8) -> 102878
B12: Downtime Losses (%) | C12: =C3 -> 46023 | D12: =D3 -> 46054 | E12: =E3 -> 46082 | F12: =F3 -> 46113 | G12: =G3 -> 46143 | H12: =H3 -> 46174 | I12: =I3 -> 46204 | J12: =J3 -> 46235 | ... N12: =N3 -> 46357 | O12: YTD
B13: Change Over Downtime % | C13: =C4/C$9 -> 0.086206897 | D13: =D4/D$9 -> 0.075868753 | E13: =E4/E$9 -> 0.091842723 | F13: =F4/F$9 -> 0.10511568 | G13: =G4/G$9 -> 0.15695067 | H13: =H4/H$9 -> 0.10175683 | I13: =I4/I$9 -> 0.096339235 | J13: =J4/J$9 -> 0.1416711 | K13: =K4/K$9 -> 0.12836625 | O13: =O4/O$9 -> 0.10431774 | P13: Organizational Loss
B14: External Downtime % | C14: =C5/C$9 -> 0.2487019 | D14: =D5/D$9 -> 0.16045964 | E14: =E5/E$9 -> 0.20701291 | F14: =F5/F$9 -> 0.16451845 | G14: =G5/G$9 -> 0.26162379 | H14: =H5/H$9 -> 0.17150809 | I14: =I5/I$9 -> 0.34711108 | J14: =J5/J$9 -> 0.27791378 | K14: =K5/K$9 -> 0.36163119 | O14: =O5/O$9 -> 0.24372558
B15: Planned Downtime % | C15: =C6/C$9 -> 0.0059246439 | D15: =D6/D$9 -> 0.055032535 | E15: =E6/E$9 -> 0.020246479 | F15: =F6/F$9 -> 0.0024017292 | G15: =G6/G$9 -> 0.025135709 | H15: =H6/H$9 -> 0.017916159 | I15: =I6/I$9 -> 0.084556739 | J15: =J6/J$9 -> 0.0031931879 | K15: =K6/K$9 -> 0.0025647602 | O15: =O6/O$9 -> 0.028169288
B16: Breakdown % | C16: =C7/C$9 -> 0.2297963 | D16: =D7/D$9 -> 0.36979095 | E16: =E7/E$9 -> 0.34807805 | F16: =F7/F$9 -> 0.48883196 | G16: =G7/G$9 -> 0.26705216 | H16: =H7/H$9 -> 0.33744999 | I16: =I7/I$9 -> 0.3062819 | J16: =J7/J$9 -> 0.3569984 | K16: =K7/K$9 -> 0.26968453 | O16: =O7/O$9 -> 0.3321021 | P16: Technical Loss
B17: Minor Stops % | C17: =C8/C$9 -> 0.42937026 | D17: =D8/D$9 -> 0.33884812 | E17: =E8/E$9 -> 0.33281984 | F17: =F8/F$9 -> 0.23913218 | G17: =G8/G$9 -> 0.28923767 | H17: =H8/H$9 -> 0.37136893 | I17: =I8/I$9 -> 0.16571105 | J17: =J8/J$9 -> 0.22022352 | K17: =K8/K$9 -> 0.23775327 | O17: =O8/O$9 -> 0.2916853

Sheet Sept
B2: Line Downtime for September 2026 | H2: Line Downtime for December 2014
D3: 0.29166667 | E3: 0.32638889
A4: Day | B4: Date | C4: Product | D4: Washer Start Time | E4: Filler Start Time | F4: Filler End Time | G4: Packer End Time | H4: Delays (Minutes)
H5: Operator Errors | I5: Change Over | J5: Product Delay | K5: Low Air Pressure | L5: Low/High CO2 Pressure | M5: Low Water Pressure | N5: Low Steam Pressure | O5: Uncaser | P5: Washer | Q5: EBI | R5: Filler | S5: Past-euriser | T5: Labeller | U5: VideoJet/ Coder | V5: Conveyors | W5: Packer | X5: Carton Errector/Box Sealer | Y5: Crate Washer | Z5: Other Explained | AA5: Other Unexplained | AB5: Logistics Supply (bottles, crowns) | AC5: Space Availability | AD5: Total Minutes | AE5: Total Available Bottling Time | AF5: Comments/info
AF6: on other section
AF7: etc.
A8: =[5]September_206!$C8 -> 1 | B8: =[5]September_206!$B8 -> 46266 | C8: =[5]September_206!$D8 -> STAG | D8: 1 | E8: 1.0555556 | F8: 1.6666667 | G8: 0.72361111 | H8: 2 | I8: =46+60 -> 106 | O8: ='Uncaser Downtime Detail '!AG493 -> 38 | P8: ='Washer Downtime Detail'!BH499 -> 32 | Q8: ='EBI Downtime Detail'!AI495 -> 6 | R8: ='Filler Downtime Detail'!AK493 -> 40 | S8: ='Pasteurizer Downtime Detail'!Z480 -> 29 | T8: ='Labeler Downtime Detail'!AN479 -> 5 | U8: ='Videojet Downtime Detail '!O488 -> 4 | V8: ='Conveyor Downtime (new)'!AV494 -> 17 | W8: ='Packer Downtime Detail '!AD484 -> 0 | X8: ='Carton Errector-sealer Detail'!P479 -> 0 | Z8: =12+40 -> 52 | AB8: =3+4+4 -> 11 | AD8: =SUM(H8:J8,K8:AC8) -> 342 | AE8: =G9-D8 -> 1.1111111
A9: =[5]September_206!$C9 -> 1 | B9: =[5]September_206!$B9 -> 46266 | C9: =[5]September_206!$D9 -> CARIB EXPORT | E9: 1.6944444 | F9: 2 | G9: 2.1111111 | I9: =20+35+10 -> 65 | J9: =5 -> 5 | L9: =10 -> 10 | O9: ='Uncaser Downtime Detail '!AG494 -> 0 | P9: ='Washer Downtime Detail'!BH500 -> 0 | Q9: ='EBI Downtime Detail'!AI496 -> 0 | R9: ='Filler Downtime Detail'!AK494 -> 5 | S9: ='Pasteurizer Downtime Detail'!Z481 -> 5 | T9: ='Labeler Downtime Detail'!AN480 -> 4 | U9: ='Videojet Downtime Detail '!O489 -> 0 | V9: ='Conveyor Downtime (new)'!AV495 -> 15 | W9: ='Packer Downtime Detail '!AD485 -> 29 | X9: ='Carton Errector-sealer Detail'!P480 -> 63 | Z9: =16+30+4+3 -> 53 | AB9: =5 -> 5 | AD9: =SUM(H9:J9,K9:AC9) -> 259
A10: =[5]September_206!$C10 -> 2 | B10: =[5]September_206!$B10 -> 46267 | C10: =[5]September_206!$D10 -> CARIB EXPORT | D10: 1 | E10: 1.0083333 | F10: 1.4152778 | H10: =1+3 -> 4 | J10: =2+3 -> 5 | O10: ='Uncaser Downtime Detail '!AG495 -> 7 | P10: ='Washer Downtime Detail'!BH501 -> 0 | Q10: ='EBI Downtime Detail'!AI497 -> 6 | R10: ='Filler Downtime Detail'!AK495 -> 7 | S10: ='Pasteurizer Downtime Detail'!Z482 -> 24 | T10: ='Labeler Downtime Detail'!AN481 -> 0 | U10: ='Videojet Downtime Detail '!O490 -> 0 | V10: ='Conveyor Downtime (new)'!AV496 -> 17 | W10: ='Packer Downtime Detail '!AD486 -> 12 | X10: ='Carton Errector-sealer Detail'!P481 -> 56 | Z10: =12+10+30+13 -> 65 | AA10: 4 | AD10: =SUM(H10:J10,K10:AC10) -> 207 | AE10: =G12-D10 -> 1.0479167
A11: =[5]September_206!$C11 -> 2 | B11: =[5]September_206!$B11 -> 46267 | C11: =[5]September_206!$D11 -> CARIB FLINT LOCAL | E11: 1.4340278 | F11: 1.7104167 | G11: 0.775 | H11: 2 | I11: =2+25 -> 27 | O11: ='Uncaser Downtime Detail '!AG496 -> 0 | P11: ='Washer Downtime Detail'!BH502 -> 0 | Q11: ='EBI Downtime Detail'!AI498 -> 6 | R11: ='Filler Downtime Detail'!AK496 -> 33 | S11: ='Pasteurizer Downtime Detail'!Z483 -> 0 | T11: ='Labeler Downtime Detail'!AN482 -> 0 | U11: ='Videojet Downtime Detail '!O491 -> 0 | V11: ='Conveyor Downtime (new)'!AV497 -> 9 | W11: ='Packer Downtime Detail '!AD487 -> 0 | X11: ='Carton Errector-sealer Detail'!P482 -> 0 | Z11: =30+15 -> 45 | AB11: =6+2+3+3+3 -> 17 | AD11: =SUM(H11:J11,K11:AC11) -> 139
A12: =[5]September_206!$C12 -> 2 | B12: =[5]September_206!$B12 -> 46267 | C12: =[5]September_206!$D12 -> CARIB AMBER | E12: 1.7152778 | F12: 2 | G12: 2.0479167 | H12: 3 | I12: =7+9 -> 16 | J12: 2 | O12: ='Uncaser Downtime Detail '!AG497 -> 0 | P12: ='Washer Downtime Detail'!BH503 -> 15 | Q12: ='EBI Downtime Detail'!AI499 -> 9 | R12: ='Filler Downtime Detail'!AK497 -> 4 | S12: ='Pasteurizer Downtime Detail'!Z484 -> 0 | T12: ='Labeler Downtime Detail'!AN483 -> 34 | U12: ='Videojet Downtime Detail '!O492 -> 0 | V12: ='Conveyor Downtime (new)'!AV498 -> 5 | W12: ='Packer Downtime Detail '!AD488 -> 0 | X12: ='Carton Errector-sealer Detail'!P483 -> 0 | Z12: =12 -> 12 | AD12: =SUM(H12:J12,K12:AC12) -> 100
A13: =[5]September_206!$C13 -> 3 | B13: =[5]September_206!$B13 -> 46268 | C13: =[5]September_206!$D13 -> CARIB AMBER | D13: 1 | E13: 1 | F13: 1.1388889 | H13: 2 | O13: ='Uncaser Downtime Detail '!AG498 -> 0 | P13: ='Washer Downtime Detail'!BH504 -> 0 | Q13: ='EBI Downtime Detail'!AI500 -> 11 | R13: ='Filler Downtime Detail'!AK498 -> 1 | S13: ='Pasteurizer Downtime Detail'!Z485 -> 0 | T13: ='Labeler Downtime Detail'!AN484 -> 0 | U13: ='Videojet Downtime Detail '!O493 -> 0 | V13: ='Conveyor Downtime (new)'!AV499 -> 9 | W13: ='Packer Downtime Detail '!AD489 -> 0 | X13: ='Carton Errector-sealer Detail'!P484 -> 0 | AD13: =SUM(H13:J13,K13:AC13) -> 23 | AE13: =G15-D13 -> 1.03125
A14: =[5]September_206!$C14 -> 3 | B14: =[5]September_206!$B14 -> 46268 | C14: =[5]September_206!$D14 -> STAG | E14: 1.1784722 | F14: 1.7479167 | G14: 1.8222222 | I14: 12 | J14: =3 -> 3 | O14: ='Uncaser Downtime Detail '!AG499 -> 0 | P14: ='Washer Downtime Detail'!BH505 -> 17 | Q14: ='EBI Downtime Detail'!AI501 -> 7 | R14: ='Filler Downtime Detail'!AK499 -> 4 | S14: ='Pasteurizer Downtime Detail'!Z486 -> 5 | T14: ='Labeler Downtime Detail'!AN485 -> 3 | U14: ='Videojet Downtime Detail '!O494 -> 44 | V14: ='Conveyor Downtime (new)'!AV500 -> 20 | W14: ='Packer Downtime Detail '!AD490 -> 11 | X14: ='Carton Errector-sealer Detail'!P485 -> 0 | Z14: =40+17+48 -> 105 | AA14: 2 | AB14: =6+4 -> 10 | AD14: =SUM(H14:J14,K14:AC14) -> 243
A15: =[5]September_206!$C15 -> 3 | B15: =[5]September_206!$B15 -> 46268 | C15: =[5]September_206!$D15 -> GINSENG UP ORIGINAL | E15: 1.9402778 | F15: 2 | G15: 2.03125 | I15: =60+15 -> 75 | J15: =45+60+60+30 -> 195 | N15: =13 -> 13 | P15: ='Washer Downtime Detail'!BH506 -> 0 | Q15: ='EBI Downtime Detail'!AI502 -> 9 | R15: ='Filler Downtime Detail'!AK500 -> 0 | S15: ='Pasteurizer Downtime Detail'!Z487 -> 0 | T15: ='Labeler Downtime Detail'!AN486 -> 0 | U15: ='Videojet Downtime Detail '!O495 -> 0 | V15: ='Conveyor Downtime (new)'!AV501 -> 0 | W15: ='Packer Downtime Detail '!AD491 -> 0 | X15: ='Carton Errector-sealer Detail'!P486 -> 0 | AB15: =1+2+2 -> 5 | AD15: =SUM(H15:J15,K15:AC15) -> 297
A16: =[5]September_206!$C16 -> 4 | B16: =[5]September_206!$B16 -> 46269 | C16: =[5]September_206!$D16 -> GINSENG UP ORIGINAL | D16: 1 | E16: 1 | F16: 1.1715278 | G16: 1.2722222 | N16: 45 | O16: ='Uncaser Downtime Detail '!AG501 -> 0 | P16: ='Washer Downtime Detail'!BH507 -> 0 | Q16: ='EBI Downtime Detail'!AI503 -> 0 | R16: ='Filler Downtime Detail'!AK501 -> 0 | S16: ='Pasteurizer Downtime Detail'!Z488 -> 4 | T16: ='Labeler Downtime Detail'!AN487 -> 0 | U16: ='Videojet Downtime Detail '!O496 -> 0 | V16: ='Conveyor Downtime (new)'!AV502 -> 0 | W16: ='Packer Downtime Detail '!AD492 -> 0 | X16: ='Carton Errector-sealer Detail'!P487 -> 0 | AB16: =2+2+1+1+2+1+3+2+2+2+1+1+2 -> 22 | AD16: =SUM(H16:J16,K16:AC16) -> 71 | AE16: =G16-D16 -> 0.27222222
A17: =[5]September_206!$C17 -> 5 | B17: =[5]September_206!$B17 -> 46273 | C17: =[5]September_206!$D17 -> CARIB AMBER | D17: 0.29166667 | E17: 0.38888889 | F17: 0.91666667 | G17: 0.96388889 | J17: =3 -> 3 | O17: ='Uncaser Downtime Detail '!AG502 -> 20 | P17: ='Washer Downtime Detail'!BH508 -> 2 | Q17: ='EBI Downtime Detail'!AI504 -> 3 | R17: ='Filler Downtime Detail'!AK502 -> 4 | S17: ='Pasteurizer Downtime Detail'!Z489 -> 181 | T17: ='Labeler Downtime Detail'!AN488 -> 5 | U17: ='Videojet Downtime Detail '!O497 -> 0 | V17: ='Conveyor Downtime (new)'!AV503 -> 90 | W17: ='Packer Downtime Detail '!AD493 -> 50 | X17: ='Carton Errector-sealer Detail'!P488 -> 0 | Z17: =60+8 -> 68 | AD17: =SUM(H17:J17,K17:AC17) -> 426 | AE17: =G17-D17 -> 0.67222222
A18: =[5]September_206!$C18 -> 6 | B18: =[5]September_206!$B18 -> 46274 | C18: =[5]September_206!$D18 -> CARIB AMBER | D18: 0.29236111 | E18: 0.34375 | F18: 0.90277778 | G18: 0.95763889 | H18: =1 -> 1 | J18: =2+3 -> 5 | N18: =30 -> 30 | O18: ='Uncaser Downtime Detail '!AG503 -> 10 | P18: ='Washer Downtime Detail'!BH509 -> 7 | Q18: ='EBI Downtime Detail'!AI505 -> 12 | R18: ='Filler Downtime Detail'!AK503 -> 9 | S18: ='Pasteurizer Downtime Detail'!Z490 -> 2 | T18: ='Labeler Downtime Detail'!AN489 -> 0 | U18: ='Videojet Downtime Detail '!O498 -> 0 | V18: ='Conveyor Downtime (new)'!AV504 -> 23 | W18: ='Packer Downtime Detail '!AD494 -> 4 | X18: ='Carton Errector-sealer Detail'!P489 -> 0 | Z18: =60+3+12 -> 75 | AD18: =SUM(H18:J18,K18:AC18) -> 178 | AE18: =G18-D18 -> 0.66527778
A19: =[5]September_206!$C19 -> 7 | B19: =[5]September_206!$B19 -> 46275 | C19: =[5]September_206!$D19 -> CARIB AMBER | D19: 1.2930556 | E19: 1.3472222 | F19: 1.9027778 | G19: 1.9520833 | J19: =2 -> 2 | O19: ='Uncaser Downtime Detail '!AG504 -> 11 | P19: ='Washer Downtime Detail'!BH510 -> 5 | Q19: ='EBI Downtime Detail'!AI506 -> 37 | R19: ='Filler Downtime Detail'!AK504 -> 3 | S19: ='Pasteurizer Downtime Detail'!Z491 -> 20 | T19: ='Labeler Downtime Detail'!AN490 -> 0 | U19: ='Videojet Downtime Detail '!O499 -> 0 | V19: ='Conveyor Downtime (new)'!AV505 -> 15 | W19: ='Packer Downtime Detail '!AD495 -> 0 | X19: ='Carton Errector-sealer Detail'!P490 -> 0 | Z19: =11+5+5+3 -> 24 | AD19: =SUM(H19:J19,K19:AC19) -> 117 | AE19: =G19-D19 -> 0.65902778
A20: =[5]September_206!$C20 -> 8 | B20: =[5]September_206!$B20 -> 46276 | C20: =[5]September_206!$D20 -> CARIB AMBER | D20: 0.29027778 | E20: 0.34583333 | F20: 0.42361111 | G20: 1.4715278 | O20: ='Uncaser Downtime Detail '!AG505 -> 0 | P20: ='Washer Downtime Detail'!BH511 -> 0 | Q20: ='EBI Downtime Detail'!AI507 -> 0 | R20: ='Filler Downtime Detail'!AK505 -> 1 | S20: ='Pasteurizer Downtime Detail'!Z492 -> 0 | T20: ='Labeler Downtime Detail'!AN491 -> 0 | U20: ='Videojet Downtime Detail '!O500 -> 0 | V20: ='Conveyor Downtime (new)'!AV506 -> 0 | W20: ='Packer Downtime Detail '!AD496 -> 0 | X20: ='Carton Errector-sealer Detail'!P491 -> 0 | Z20: =18+3 -> 21 | AD20: =SUM(H20:J20,K20:AC20) -> 22 | AE20: =G21-D20 -> 0.59375
A21: =[5]September_206!$C21 -> 8 | B21: =[5]September_206!$B21 -> 46276 | C21: =[5]September_206!$D21 -> MACKESON | E21: 0.51666667 | F21: 0.83472222 | G21: 0.88402778 | I21: =15 -> 15 | J21: =4+4 -> 8 | O21: ='Uncaser Downtime Detail '!AG506 -> 0 | P21: ='Washer Downtime Detail'!BH512 -> 4 | Q21: ='EBI Downtime Detail'!AI508 -> 22 | R21: ='Filler Downtime Detail'!AK506 -> 1 | S21: ='Pasteurizer Downtime Detail'!Z493 -> 83 | T21: ='Labeler Downtime Detail'!AN492 -> 3 | U21: ='Videojet Downtime Detail '!O501 -> 0 | V21: ='Conveyor Downtime (new)'!AV507 -> 4 | W21: ='Packer Downtime Detail '!AD497 -> 0 | X21: ='Carton Errector-sealer Detail'!P492 -> 0 | Z21: =9+35 -> 44 | AB21: =2+2+3+4+3 -> 14 | AD21: =SUM(H21:J21,K21:AC21) -> 198
A22: =[5]September_206!$C22 -> 9 | B22: =[5]September_206!$B22 -> 46279 | C22: =[5]September_206!$D22 -> MACKESON | D22: 1 | E22: 1.0833333 | F22: 1.4097222 | G22: 0.46319444 | J22: =3 -> 3 | O22: ='Uncaser Downtime Detail '!AG507 -> 0 | P22: ='Washer Downtime Detail'!BH513 -> 4 | Q22: ='EBI Downtime Detail'!AI509 -> 4 | R22: ='Filler Downtime Detail'!AK507 -> 86 | S22: ='Pasteurizer Downtime Detail'!Z494 -> 5 | T22: ='Labeler Downtime Detail'!AN493 -> 0 | U22: ='Videojet Downtime Detail '!O502 -> 0 | V22: ='Conveyor Downtime (new)'!AV508 -> 16 | W22: ='Packer Downtime Detail '!AD498 -> 0 | X22: ='Carton Errector-sealer Detail'!P493 -> 0 | Z22: =40+4+30+7+7+20 -> 108 | AD22: =SUM(H22:J22,K22:AC22) -> 226 | AE22: =G23-D22 -> 1.0486111
A23: =[5]September_206!$C23 -> 9 | B23: =[5]September_206!$B23 -> 46279 | C23: =[5]September_206!$D23 -> STAG | E23: 1.5 | F23: 2 | G23: 2.0486111 | I23: =10+40 -> 50 | O23: ='Uncaser Downtime Detail '!AG508 -> 11 | P23: ='Washer Downtime Detail'!BH514 -> 16 | Q23: ='EBI Downtime Detail'!AI510 -> 13 | R23: ='Filler Downtime Detail'!AK508 -> 47 | S23: ='Pasteurizer Downtime Detail'!Z495 -> 64 | T23: ='Labeler Downtime Detail'!AN494 -> 0 | U23: ='Videojet Downtime Detail '!O503 -> 0 | V23: ='Conveyor Downtime (new)'!AV509 -> 12 | W23: ='Packer Downtime Detail '!AD499 -> 0 | X23: ='Carton Errector-sealer Detail'!P494 -> 0 | Z23: =20+9 -> 29 | AD23: =SUM(H23:J23,K23:AC23) -> 242
A24: =[5]September_206!$C24 -> 10 | B24: =[5]September_206!$B24 -> 46280 | C24: =[5]September_206!$D24 -> STAG | D24: 1 | E24: 1.0069444 | F24: 1.1979167 | G24: 1.2430556 | J24: =2+2 -> 4 | O24: ='Uncaser Downtime Detail '!AG509 -> 4 | P24: ='Washer Downtime Detail'!BH515 -> 19 | Q24: ='EBI Downtime Detail'!AI511 -> 0 | R24: ='Filler Downtime Detail'!AK509 -> 5 | S24: ='Pasteurizer Downtime Detail'!Z496 -> 0 | T24: ='Labeler Downtime Detail'!AN495 -> 0 | U24: ='Videojet Downtime Detail '!O504 -> 0 | V24: ='Conveyor Downtime (new)'!AV510 -> 4 | W24: ='Packer Downtime Detail '!AD500 -> 0 | X24: ='Carton Errector-sealer Detail'!P495 -> 0 | Z24: =10+35+5 -> 50 | AD24: =SUM(H24:J24,K24:AC24) -> 86 | AE24: =G25-D24 -> 1.0694444
A25: =[5]September_206!$C25 -> 10 | B25: =[5]September_206!$B25 -> 46280 | C25: =[5]September_206!$D25 -> CARIB AMBER | E25: 1.2152778 | F25: 2 | G25: 2.0694444 | I25: =14 -> 14 | J25: =5+20+3+16+1+4 -> 49 | O25: ='Uncaser Downtime Detail '!AG510 -> 31 | P25: ='Washer Downtime Detail'!BH516 -> 17 | Q25: ='EBI Downtime Detail'!AI512 -> 2 | R25: ='Filler Downtime Detail'!AK510 -> 61 | S25: ='Pasteurizer Downtime Detail'!Z497 -> 0 | T25: ='Labeler Downtime Detail'!AN496 -> 6 | U25: ='Videojet Downtime Detail '!O505 -> 20 | V25: ='Conveyor Downtime (new)'!AV511 -> 21 | W25: ='Packer Downtime Detail '!AD501 -> 2 | X25: ='Carton Errector-sealer Detail'!P496 -> 0 | Y25: =4+14+9 -> 27 | Z25: =7+18+4+8 -> 37 | AB25: =4+2+2+3+3 -> 14 | AD25: =SUM(H25:J25,K25:AC25) -> 301
A26: =[5]September_206!$C26 -> 11 | B26: =[5]September_206!$B26 -> 46281 | C26: =[5]September_206!$D26 -> CARIB AMBER | D26: 1 | E26: 1.0069444 | F26: 1.3569444 | G26: 0.49166667 | O26: ='Uncaser Downtime Detail '!AG511 -> 3 | P26: ='Washer Downtime Detail'!BH517 -> 3 | Q26: ='EBI Downtime Detail'!AI513 -> 0 | R26: ='Filler Downtime Detail'!AK511 -> 39 | S26: ='Pasteurizer Downtime Detail'!Z498 -> 0 | T26: ='Labeler Downtime Detail'!AN497 -> 0 | U26: ='Videojet Downtime Detail '!O506 -> 0 | V26: ='Conveyor Downtime (new)'!AV512 -> 4 | W26: ='Packer Downtime Detail '!AD502 -> 0 | X26: ='Carton Errector-sealer Detail'!P497 -> 0 | Z26: =10+35 -> 45 | AB26: =5+3+2+9+2+22+12+10 -> 65 | AD26: =SUM(H26:J26,K26:AC26) -> 159 | AE26: =G27-D26 -> 1.1666667
A27: =[5]September_206!$C27 -> 11 | B27: =[5]September_206!$B27 -> 46281 | C27: =[5]September_206!$D27 -> PORNSTAR | E27: 1.8993056 | F27: 2 | G27: 2.1666667 | I27: =25+35 -> 60 | J27: =60+60+60+60+60+60+60+60+60+60+60+60+35 -> 755 | L27: =4+10 -> 14 | O27: ='Uncaser Downtime Detail '!AG512 -> 0 | P27: ='Washer Downtime Detail'!BH518 -> 0 | Q27: ='EBI Downtime Detail'!AI514 -> 4 | R27: ='Filler Downtime Detail'!AK512 -> 11 | S27: ='Pasteurizer Downtime Detail'!Z499 -> 0 | T27: ='Labeler Downtime Detail'!AN498 -> 0 | U27: ='Videojet Downtime Detail '!O507 -> 0 | V27: ='Conveyor Downtime (new)'!AV513 -> 0 | W27: ='Packer Downtime Detail '!AD503 -> 0 | X27: ='Carton Errector-sealer Detail'!P498 -> 14 | Z27: =25+15+3 -> 43 | AD27: =SUM(H27:J27,K27:AC27) -> 901
A28: =[5]September_206!$C28 -> 12 | B28: =[5]September_206!$B28 -> 46282 | C28: =[5]September_206!$D28 -> PORNSTAR | D28: 1 | E28: 1 | F28: 1.1777778 | J28: =4+4 -> 8 | O28: ='Uncaser Downtime Detail '!AG513 -> 0 | P28: ='Washer Downtime Detail'!BH519 -> 10 | Q28: ='EBI Downtime Detail'!AI515 -> 0 | R28: ='Filler Downtime Detail'!AK513 -> 2 | S28: ='Pasteurizer Downtime Detail'!Z500 -> 12 | T28: ='Labeler Downtime Detail'!AN499 -> 0 | U28: ='Videojet Downtime Detail '!O508 -> 103 | V28: ='Conveyor Downtime (new)'!AV514 -> 0 | X28: ='Carton Errector-sealer Detail'!P499 -> 50 | AD28: =SUM(H28:J28,K28:AC28) -> 185 | AE28: =G30-D28 -> 1.1055556
A29: =[5]September_206!$C29 -> 12 | B29: =[5]September_206!$B29 -> 46282 | C29: =[5]September_206!$D29 -> BELLINI | E29: 1.1944444 | F29: 1.5180556 | G29: 0.60555556 | H29: 5 | I29: =24 -> 24 | O29: ='Uncaser Downtime Detail '!AG514 -> 6 | P29: ='Washer Downtime Detail'!BH520 -> 14 | Q29: ='EBI Downtime Detail'!AI516 -> 149 | R29: ='Filler Downtime Detail'!AK514 -> 20 | S29: ='Pasteurizer Downtime Detail'!Z501 -> 0 | T29: ='Labeler Downtime Detail'!AN500 -> 12 | U29: ='Videojet Downtime Detail '!O509 -> 0 | V29: ='Conveyor Downtime (new)'!AV515 -> 0 | W29: ='Packer Downtime Detail '!AD505 -> 13 | X29: ='Carton Errector-sealer Detail'!P500 -> 6 | AB29: =2 -> 2 | AD29: =SUM(H29:J29,K29:AC29) -> 251
A30: =[5]September_206!$C30 -> 12 | B30: =[5]September_206!$B30 -> 46282 | C30: =[5]September_206!$D30 -> ROYALE | E30: 1.5305556 | F30: 1.9590278 | G30: 2.1055556 | I30: 36 | J30: =3 -> 3 | O30: ='Uncaser Downtime Detail '!AG515 -> 0 | P30: ='Washer Downtime Detail'!BH521 -> 5 | Q30: ='EBI Downtime Detail'!AI517 -> 22 | R30: ='Filler Downtime Detail'!AK515 -> 7 | S30: ='Pasteurizer Downtime Detail'!Z502 -> 23 | T30: ='Labeler Downtime Detail'!AN501 -> 7 | U30: ='Videojet Downtime Detail '!O510 -> 0 | V30: ='Conveyor Downtime (new)'!AV516 -> 9 | W30: ='Packer Downtime Detail '!AD506 -> 0 | X30: ='Carton Errector-sealer Detail'!P501 -> 157 | Z30: =25+5+38 -> 68 | AB30: =2 -> 2 | AD30: =SUM(H30:J30,K30:AC30) -> 339
A31: =[5]September_206!$C31 -> 13 | B31: =[5]September_206!$B31 -> 46283 | C31: =[5]September_206!$D31 -> CARIB AMBER | D31: 1 | E31: 1.1319444 | F31: 1.6527778 | G31: 1.7048611 | J31: =5 -> 5 | L31: =3 -> 3 | O31: ='Uncaser Downtime Detail '!AG516 -> 13 | P31: ='Washer Downtime Detail'!BH522 -> 6 | Q31: ='EBI Downtime Detail'!AI518 -> 13 | R31: ='Filler Downtime Detail'!AK516 -> 102 | S31: ='Pasteurizer Downtime Detail'!Z503 -> 55 | T31: ='Labeler Downtime Detail'!AN502 -> 0 | U31: ='Videojet Downtime Detail '!O511 -> 4 | V31: ='Conveyor Downtime (new)'!AV517 -> 23 | W31: ='Packer Downtime Detail '!AD507 -> 8 | X31: ='Carton Errector-sealer Detail'!P502 -> 0 | Z31: =60+50 -> 110 | AB31: =3 -> 3 | AD31: =SUM(H31:J31,K31:AC31) -> 345 | AE31: =G33-D31 -> 0.88888889
A32: =[5]September_206!$C32 -> 13 | B32: =[5]September_206!$B32 -> 46283 | C32: SHANDY LIME EXPORT/ LOCAL | E32: 1.6666667 | F32: 1.7402778 | G32: 1.8125 | I32: =20 -> 20 | O32: ='Uncaser Downtime Detail '!AG517 -> 0 | P32: ='Washer Downtime Detail'!BH523 -> 0 | Q32: ='EBI Downtime Detail'!AI519 -> 0 | R32: ='Filler Downtime Detail'!AK517 -> 4 | S32: ='Pasteurizer Downtime Detail'!Z504 -> 0 | T32: ='Labeler Downtime Detail'!AN503 -> 8 | U32: ='Videojet Downtime Detail '!O512 -> 0 | V32: ='Conveyor Downtime (new)'!AV518 -> 0 | W32: ='Packer Downtime Detail '!AD508 -> 0 | X32: ='Carton Errector-sealer Detail'!P503 -> 0 | AD32: =SUM(H32:J32,K32:AC32) -> 32
A33: =[5]September_206!$C33 -> 13 | B33: =[5]September_206!$B33 -> 46283 | C33: SHANDY GINGER EXPORT/ LOCAL | E33: 1.7527778 | F33: 1.8229167 | G33: 1.8888889 | I33: =14+4 -> 18 | O33: ='Uncaser Downtime Detail '!AG518 -> 0 | P33: ='Washer Downtime Detail'!BH524 -> 0 | Q33: ='EBI Downtime Detail'!AI520 -> 0 | R33: ='Filler Downtime Detail'!AK518 -> 3 | S33: ='Pasteurizer Downtime Detail'!Z505 -> 0 | T33: ='Labeler Downtime Detail'!AN504 -> 5 | U33: ='Videojet Downtime Detail '!O513 -> 0 | V33: ='Conveyor Downtime (new)'!AV519 -> 0 | W33: ='Packer Downtime Detail '!AD509 -> 0 | X33: ='Carton Errector-sealer Detail'!P504 -> 0 | AD33: =SUM(H33:J33,K33:AC33) -> 26
A34: =[5]September_206!$C36 -> 14 | B34: =[5]September_206!$B36 -> 46286 | C34: =[5]September_206!$D36 -> SHANDY SORREL EXPORT | D34: 0.29166667 | E34: 0.41666667 | F34: 0.55 | G34: 0.55 | H34: =11+6 -> 17 | O34: ='Uncaser Downtime Detail '!AG519 -> 0 | P34: ='Washer Downtime Detail'!BH525 -> 155 | Q34: ='EBI Downtime Detail'!AI521 -> 5 | R34: ='Filler Downtime Detail'!AK519 -> 4 | S34: ='Pasteurizer Downtime Detail'!Z506 -> 0 | T34: ='Labeler Downtime Detail'!AN505 -> 4 | U34: ='Videojet Downtime Detail '!O514 -> 0 | V34: ='Conveyor Downtime (new)'!AV520 -> 2 | W34: ='Packer Downtime Detail '!AD510 -> 0 | X34: ='Carton Errector-sealer Detail'!P505 -> 5 | AB34: =2+2 -> 4 | AD34: =SUM(H34:J34,K34:AC34) -> 196 | AE34: =G35-D34 -> 0.50694444
A35: =[5]September_206!$C37 -> 14 | B35: =[5]September_206!$B37 -> 46286 | C35: =[5]September_206!$D37 -> SHANDY SORREL LOCAL | E35: 0.56111111 | F35: 0.74583333 | G35: 0.79861111 | I35: 16 | J35: 4 | O35: ='Uncaser Downtime Detail '!AG520 -> 0 | P35: ='Washer Downtime Detail'!BH526 -> 0 | Q35: ='EBI Downtime Detail'!AI522 -> 0 | R35: ='Filler Downtime Detail'!AK520 -> 38 | S35: ='Pasteurizer Downtime Detail'!Z507 -> 7 | T35: ='Labeler Downtime Detail'!AN506 -> 0 | U35: ='Videojet Downtime Detail '!O515 -> 0 | V35: ='Conveyor Downtime (new)'!AV521 -> 0 | W35: ='Packer Downtime Detail '!AD511 -> 0 | X35: ='Carton Errector-sealer Detail'!P506 -> 0 | AB35: 6 | AD35: =SUM(H35:J35,K35:AC35) -> 71
A36: =[5]September_206!$C38 -> 15 | B36: =[5]September_206!$B38 -> 46287 | C36: =[5]September_206!$D38 -> STAG | D36: 0.29166667 | E36: 0.34027778 | F36: 0.89583333 | G36: 0.95208333 | H36: 2 | J36: =4 -> 4 | O36: ='Uncaser Downtime Detail '!AG521 -> 0 | P36: ='Washer Downtime Detail'!BH527 -> 45 | Q36: ='EBI Downtime Detail'!AI523 -> 6 | R36: ='Filler Downtime Detail'!AK521 -> 28 | S36: ='Pasteurizer Downtime Detail'!Z508 -> 0 | T36: ='Labeler Downtime Detail'!AN507 -> 0 | U36: ='Videojet Downtime Detail '!O516 -> 0 | V36: ='Conveyor Downtime (new)'!AV522 -> 11 | W36: ='Packer Downtime Detail '!AD512 -> 0 | X36: ='Carton Errector-sealer Detail'!P507 -> 0 | Z36: =10+10+40 -> 60 | AB36: 2 | AD36: =SUM(H36:J36,K36:AC36) -> 158 | AE36: =G36-D36 -> 0.66041667
A37: =[5]September_206!$C39 -> 16 | B37: =[5]September_206!$B39 -> 46288 | C37: =[5]September_206!$D39 -> STAG | D37: 0.29166667 | E37: 0.33333333 | F37: 0.49305556 | G37: 1.5486111 | O37: ='Uncaser Downtime Detail '!AG522 -> 0 | P37: ='Washer Downtime Detail'!BH528 -> 9 | Q37: ='EBI Downtime Detail'!AI524 -> 4 | R37: ='Filler Downtime Detail'!AK522 -> 3 | S37: ='Pasteurizer Downtime Detail'!Z509 -> 0 | T37: ='Labeler Downtime Detail'!AN508 -> 0 | U37: ='Videojet Downtime Detail '!O517 -> 4 | V37: ='Conveyor Downtime (new)'!AV523 -> 2 | W37: ='Packer Downtime Detail '!AD513 -> 0 | X37: ='Carton Errector-sealer Detail'!P508 -> 0 | Z37: 10 | AB37: 2 | AD37: =SUM(H37:J37,K37:AC37) -> 34 | AE37: =G38-D37 -> 0.66319444
A38: =[5]September_206!$C40 -> 16 | B38: =[5]September_206!$B40 -> 46288 | C38: =[5]September_206!$D40 -> CARIB FLINT EXPORT | E38: 0.51388889 | F38: 0.89236111 | G38: 0.95486111 | I38: =10+5+16 -> 31 | J38: =15+3 -> 18 | O38: ='Uncaser Downtime Detail '!AG523 -> 0 | P38: ='Washer Downtime Detail'!BH529 -> 0 | Q38: ='EBI Downtime Detail'!AI525 -> 0 | R38: ='Filler Downtime Detail'!AK523 -> 1 | S38: ='Pasteurizer Downtime Detail'!Z510 -> 5 | T38: ='Labeler Downtime Detail'!AN509 -> 13 | U38: ='Videojet Downtime Detail '!O518 -> 15 | V38: ='Conveyor Downtime (new)'!AV524 -> 13 | W38: ='Packer Downtime Detail '!AD514 -> 96 | X38: ='Carton Errector-sealer Detail'!P509 -> 0 | Z38: =30+8 -> 38 | AB38: 2 | AD38: =SUM(H38:J38,K38:AC38) -> 232
A39: =[5]September_206!$C41 -> 17 | B39: =[5]September_206!$B41 -> 46289 | C39: =[5]September_206!$D41 -> CARIB FLINT EXPORT | D39: 0.29166667 | E39: 0.36805556 | F39: 0.89027778 | G39: 0.95902778 | J39: =1 -> 1 | O39: ='Uncaser Downtime Detail '!AG524 -> 7 | P39: ='Washer Downtime Detail'!BH530 -> 7 | Q39: ='EBI Downtime Detail'!AI526 -> 14 | R39: ='Filler Downtime Detail'!AK524 -> 64 | S39: ='Pasteurizer Downtime Detail'!Z511 -> 19 | T39: ='Labeler Downtime Detail'!AN510 -> 14 | U39: ='Videojet Downtime Detail '!O519 -> 0 | V39: ='Conveyor Downtime (new)'!AV525 -> 5 | W39: ='Packer Downtime Detail '!AD515 -> 4 | X39: ='Carton Errector-sealer Detail'!P510 -> 43 | AB39: =12+14+2 -> 28 | AD39: =SUM(H39:J39,K39:AC39) -> 206 | AE39: =G39-D39 -> 0.66736111
