Workbook
Name Apr: [1]April!$A$1:$Q$35
Name Aug: [1]Aug!$A$1:$Q$35
Name Category: #REF!
Name Classification: #REF!
Name CO2MOR: #REF!
Name Company: #REF!
Name Date: #REF!
Name Dec: [1]Dec!$A$1:$Q$35
Name elc.beer: [2]Electricity!#REF!
Name Elec.beer: [2]Electricity!#REF!
Name elec.malt: [2]Electricity!#REF!
Name elec.oth: [2]Electricity!#REF!
Name ELECMOR: #REF!
Name Feb: [1]Feb!$A$1:$Q$35
Name FS_Area: #REF!
Name FUELMOR: #REF!
Name H20MOR: #REF!
Name IT: #REF!
Name Jan: '[1] Jan'!$A$1:$Q$35
Name July: [1]July!$A$1:$Q$35
Name June: [1]June!$A$1:$Q$35
Name Mar: [1]Mar!$A$1:$Q$35
Name May: [1]May!$A$1:$Q$35
Name MS: #REF!
Name Nov: [1]Nov!$A$1:$Q$35
Name Oct: [1]Oct!$A$1:$Q$35
Name RATIOS: #REF!
Name Reporting_body: #REF!
Name Risk: #REF!
Name Sector: #REF!
Name Sept: [1]Sept!$A$1:$Q$35
Name Status: #REF!
Name Summary: #REF!
Name TOTALMOR: #REF!

Sheet January_2026
B1: GRENADA BREWERIES LIMITED
B3: PRODUCTION DEPARTMENT
B4: 46023
B5: DATE | C5: DAY | D5: PRODUCT | E5: AVAIL. | F5: FILL | G5: CASES | H5: Line Rated | I5: Cases on Hold | J5: BBT | K5: BOTTLED | L5: Diff BBT Hls vs Hls in Package | M5: DOWNTIME (Mins) | N5: REJECTS (Cases) | O5: KEGS | P5: BOTTLED | Q5: AVERAGE | R5: AVERAGE | S5: YTD | T5: AVG
E6: TIME | F6: TIME | G6: BOTTLED | H6: Efficiency | J6: HLS | K6: HLS | P6: LOSS | Q6: CASE/HR | R6: CASE/HR | S6: Ave Case per hour | T6: CASE PER
F7: Mins | H7: % | Q7: Avail Time | R7: Fill Time | T7: DAY
B8: 46024 | C8: 1 | D8: CARIB AMBER | E8: 790 | F8: =[3]Jan!$N69 -> 559 | G8: 3360 | H8: =(G8)*24/(F8/60)/17000*100 -> 50.914448 | I8: 139 | J8: =SUM(52.3,59,65,50.9) -> 227.2 | K8: =(G8)*0.066 -> 221.76 | L8: =J8-K8 -> 5.44 | M8: =[3]Jan!$AD8 -> 276 | N8: 4 | P8: =(J8-K8)/J8*100 -> 2.3943662 | Q8: =(G8)/(E8/60) -> 255.18987 | R8: =(G8)/(F8/60) -> 360.64401 | S8: =((J9+J8)-(K9+K8))/(J9+J8)*100 -> 2.4146982
B9: 46027 | C9: 2 | D9: CARIB AMBER | E9: 1330 | F9: =[3]Jan!$N70 -> 160 | G9: 20 | H9: =(G9)*24/(F9/60)/17000*100 -> 1.0588235 | J9: =SUM(88.6)-73.2-14 -> 1.4 | K9: =(G9)*0.066 -> 1.32 | L9: =J9-K9 -> 0.08 | M9: =[3]Jan!$AD9 -> 1358 | P9: =(J9-K9)/J9*100 -> 5.7142857 | Q9: =(G9)/(E9/60) -> 0.90225564 | R9: =(G9)/(F9/60) -> 7.5
B10: 46028 | D10: EBI/FILLER COMMUNICATION BREAKDOWN | F10: =[3]Jan!$N71 -> 0 | H10: =(G10)*24/(F10/60)/17000*100 -> #DIV/0! | K10: =(G10)*0.066 -> 0 | L10: =J10-K10 -> 0 | M10: =[3]Jan!$AD10 -> 1440 | P10: =(J10-K10)/J10*100 -> #DIV/0! | Q10: =(G10)/(E10/60) -> #DIV/0! | R10: =(G10)/(F10/60) -> #DIV/0!
B11: 46029 | D11: EBI/FILLER COMMUNICATION BREAKDOWN | F11: =[3]Jan!$N72 -> 0 | H11: =(G11)*24/(F11/60)/17000*100 -> #DIV/0! | K11: =(G11)*0.066 -> 0 | L11: =J11-K11 -> 0 | M11: =[3]Jan!$AD11 -> 1440 | O11: 45 | P11: =(J11-K11)/J11*100 -> #DIV/0! | Q11: =(G11)/(E11/60) -> #DIV/0! | R11: =(G11)/(F11/60) -> #DIV/0!
B12: 46030 | C12: 3 | D12: CARIB AMBER | E12: 1440 | F12: =[3]Jan!$N73 -> 271 | G12: 1563 | H12: =(G12)*24/(F12/60)/17000*100 -> 48.854352 | J12: =SUM(98.8,64.65)-59.5 -> 103.95 | K12: =(G12)*0.066 -> 103.158 | L12: =J12-K12 -> 0.792 | M12: =[3]Jan!$AD12 -> 1264 | N12: 4 | P12: =(J12-K12)/J12*100 -> 0.76190476 | Q12: =(G12)/(E12/60) -> 65.125 | R12: =(G12)/(F12/60) -> 346.05166 | S12: =((J13+J12)-(K13+K12))/(J13+J12)*100 -> 2.8714468
B13: 46031 | C13: 4 | D13: CARIB AMBER | E13: 1185 | F13: =[3]Jan!$N74 -> 633 | G13: 3640 | H13: =(G13)*24/(F13/60)/17000*100 -> 48.709228 | J13: =SUM(93.9,59.5,96.2) -> 249.6 | K13: =(G13)*0.066 -> 240.24 | L13: =J13-K13 -> 9.36 | M13: =[3]Jan!$AD13 -> 304 | N13: =9+13 -> 22 | P13: =(J13-K13)/J13*100 -> 3.75 | Q13: =(G13)/(E13/60) -> 184.3038 | R13: =(G13)/(F13/60) -> 345.0237
B14: 46031 | C14: 4 | D14: STAR MALT | F14: =[3]Jan!$N75 -> 341 | G14: 2559 | H14: =(G14)*24/(F14/60)/17000*100 -> 63.566672 | J14: =SUM(98.4,101)-24.1 -> 175.3 | K14: =(G14)*0.066 -> 168.894 | L14: =J14-K14 -> 6.406 | M14: =[3]Jan!$AD14 -> 136 | N14: 7 | P14: =(J14-K14)/J14*100 -> 3.6543069 | Q14: =(G14)/(E13/60) -> 129.56962 | R14: =(G14)/(F14/60) -> 450.26393 | S14: =((J15+J14)-(K15+K14))/(J15+J14)*100 -> 3.4806378
B15: 46032 | C15: 5 | D15: STAR MALT | E15: 400 | F15: =[3]Jan!$N76 -> 331 | G15: 2577 | H15: =(G15)*24/(F15/60)/17000*100 -> 65.947752 | J15: =SUM(24.1,99,103.8)-51 -> 175.9 | K15: =(G15)*0.066 -> 170.082 | L15: =J15-K15 -> 5.818 | M15: =[3]Jan!$AD15 -> 107 | N15: 32 | P15: =(J15-K15)/J15*100 -> 3.3075611 | Q15: =(G15)/(E15/60) -> 386.55 | R15: =(G15)/(F15/60) -> 467.12991
B16: 46034 | C16: 6 | D16: VITA MALT ( CLASSIC) | E16: 1380 | F16: =[3]Jan!$N77 -> 375 | G16: 2656 | H16: =(G16)*24/(F16/60)/17000*100 -> 59.994353 | J16: =SUM(93.2,93.6,1.5) -> 188.3 | K16: =(G16)*0.0708 -> 188.0448 | L16: =J16-K16 -> 0.2552 | M16: =[3]Jan!$AD16 -> 191 | N16: 5 | P16: =(J16-K16)/J16*100 -> 0.13552841 | Q16: =(G16)/(E16/60) -> 115.47826 | R16: =(G16)/(F16/60) -> 424.96
B17: 46034 | C17: 6 | D17: STAR MALT | F17: =[3]Jan!$N78 -> 369 | G17: 2263 | H17: =(G17)*24/(F17/60)/17000*100 -> 51.94835 | I17: 1517 | J17: =SUM(51,102) -> 153 | K17: =(G17)*0.066 -> 149.358 | L17: =J17-K17 -> 3.642 | M17: =[3]Jan!$AD17 -> 273 | N17: =7+7 -> 14 | P17: =(J17-K17)/J17*100 -> 2.3803922 | Q17: =(G17)/(E16/60) -> 98.391304 | R17: =(G17)/(F17/60) -> 367.96748
B18: 46034 | C18: 6 | D18: STAG | F18: =[3]Jan!$N79 -> 78 | G18: 750 | H18: =(G18)*24/(F18/60)/17000*100 -> 81.447964 | J18: =SUM(94,101.5)-74.5-69 -> 52 | K18: =(G18)*0.066 -> 49.5 | L18: =J18-K18 -> 2.5 | M18: =[3]Jan!$AD18 -> 114 | N18: 2 | P18: =(J18-K18)/J18*100 -> 4.8076923 | Q18: =(G18)/(E16/60) -> 32.608696 | R18: =(G18)/(F18/60) -> 576.92308 | S18: =((J19+J18)-(K19+K18))/(J19+J18)*100 -> 2.1446625
B19: 46035 | C19: 7 | D19: STAG | E19: 1440 | F19: =[3]Jan!$N80 -> 861 | G19: 4764 | H19: =(G19)*24/(F19/60)/17000*100 -> 46.868621 | J19: =SUM(74.5,69,84.3,92.1) -> 319.9 | K19: =(G19)*0.066 -> 314.424 | L19: =J19-K19 -> 5.476 | M19: =[3]Jan!$AD19 -> 273 | N19: 11 | P19: =(J19-K19)/J19*100 -> 1.7117849 | Q19: =(G19)/(E19/60) -> 198.5 | R19: =(G19)/(F19/60) -> 331.98606
B20: 46035 | C20: 7 | D20: CARIB AMBER | F20: =[3]Jan!$N81 -> 496 | G20: 2780 | H20: =(G20)*24/(F20/60)/17000*100 -> 47.476281 | J20: =SUM(95,95)-1 -> 189 | K20: =(G20)*0.066 -> 183.48 | L20: =J20-K20 -> 5.52 | M20: =[3]Jan!$AD20 -> 181 | N20: 7 | P20: =(J20-K20)/J20*100 -> 2.9206349 | Q20: =(G20)/(E19/60) -> 115.83333 | R20: =(G20)/(F20/60) -> 336.29032 | S20: =((J21+J20)-(K21+K20))/(J21+J20)*100 -> 2.5274056
B21: 46036 | C21: 8 | D21: CARIB AMBER | E21: 1428 | F21: =[3]Jan!$N82 -> 278 | G21: 2070 | H21: =(G21)*24/(F21/60)/17000*100 -> 63.072366 | J21: =SUM(1,55.4,83) -> 139.4 | K21: =(G21)*0.066 -> 136.62 | L21: =J21-K21 -> 2.78 | M21: =[3]Jan!$AD21 -> 55 | N21: 10 | P21: =(J21-K21)/J21*100 -> 1.9942611 | Q21: =(G21)/(E19/60) -> 86.25 | R21: =(G21)/(F21/60) -> 446.76259
B22: 46036 | C22: 8 | D22: STAG | F22: =[3]Jan!$N83 -> 949 | G22: 5326 | H22: =(G22)*24/(F22/60)/17000*100 -> 47.538833 | J22: =SUM(80.8,75,50.8,72,79.8) -> 358.4 | K22: =(G22)*0.066+(10*0.19) -> 353.416 | L22: =J22-K22 -> 4.984 | M22: =[3]Jan!$AD22 -> 381 | N22: =1+10+8+1 -> 20 | O22: 10 | P22: =(J22-K22)/J22*100 -> 1.390625 | Q22: =(G22)/(E21/60) -> 223.78151 | R22: =(G22)/(F22/60) -> 336.7334
B23: 46037 | C23: 9 | D23: MACKESON | E23: 1408 | F23: =[3]Jan!$N84 -> 965 | G23: 5765 | H23: =(G23)*24/(F23/60)/17000*100 -> 50.604084 | J23: =SUM(95.2,93,98,100) -> 386.2 | K23: =(G23)*0.066 -> 380.49 | L23: =J23-K23 -> 5.71 | M23: =[3]Jan!$AD23 -> 268 | N23: =6+10+4 -> 20 | P23: =(J23-K23)/J23*100 -> 1.4785085 | Q23: =(G23)/(E23/60) -> 245.66761 | R23: =(G23)/(F23/60) -> 358.4456
B24: 46037 | C24: 9 | D24: SHANDY SORREL (LOC) | F24: =[3]Jan!$N85 -> 252 | G24: 1323 | H24: =(G24)*24/(F24/60)/17000*100 -> 44.470588 | J24: 90.6 | K24: =(G24)*0.066 -> 87.318 | L24: =J24-K24 -> 3.282 | M24: =[3]Jan!$AD24 -> 168 | N24: 10 | P24: =(J24-K24)/J24*100 -> 3.6225166 | Q24: =(G24)/(E23/60) -> 56.377841 | R24: =(G24)/(F24/60) -> 315
B25: 46038 | C25: 10 | D25: TING( GREEN) | E25: 1230 | F25: =[3]Jan!$N86 -> 311 | G25: 1792 | H25: =(G25)*24/(F25/60)/17000*100 -> 48.80802 | J25: =K25*1.02 -> 120.63744 | K25: =(G25)*0.066 -> 118.272 | L25: =J25-K25 -> 2.36544 | M25: =[3]Jan!$AD25 -> 188 | N25: 7 | P25: =(J25-K25)/J25*100 -> 1.9607843 | Q25: =(G25)/(E25/60) -> 87.414634 | R25: =(G25)/(F25/60) -> 345.72347
B26: 46038 | C26: 11 | D26: CARIB AMBER | F26: =[3]Jan!$N87 -> 731 | G26: 4642 | H26: =(G26)*24/(F26/60)/17000*100 -> 53.789973 | J26: =SUM(88,80,82.3,101.7)-39.6 -> 312.4 | K26: =(G26)*0.066 -> 306.372 | L26: =J26-K26 -> 6.028 | M26: =[3]Jan!$AD26 -> 242 | N26: =8+2 -> 10 | P26: =(J26-K26)/J26*100 -> 1.9295775 | Q26: =(G26)/(E23/60) -> 197.8125 | R26: =(G26)/(F26/60) -> 381.01231 | S26: =((J27+J26)-(K27+K26))/(J27+J26)*100 -> 1.7898116
B27: 46041 | C27: 12 | D27: CARIB AMBER | E27: 1380 | F27: =[3]Jan!$N88 -> 736 | G27: 5919 | H27: =(G27)*24/(F27/60)/17000*100 -> 68.121483 | J27: =SUM(100,77,93.5,39.6,94) -> 404.1 | K27: =(G27)*0.066+(35*0.19) -> 397.304 | L27: =J27-K27 -> 6.796 | M27: =[3]Jan!$AD27 -> 279 | N27: =6+2+4 -> 12 | O27: 35 | P27: =(J27-K27)/J27*100 -> 1.6817619 | Q27: =(G27)/(E27/60) -> 257.34783 | R27: =(G27)/(F27/60) -> 482.52717
B28: 46041 | C28: 12 | D28: STAG | F28: =[3]Jan!$N89 -> 295 | G28: 2049 | H28: =(G28)*24/(F28/60)/17000*100 -> 58.834696 | J28: =SUM(99.8,100.8)-63.3 -> 137.3 | K28: =(G28)*0.066 -> 135.234 | L28: =J28-K28 -> 2.066 | M28: =[3]Jan!$AD28 -> 86 | P28: =(J28-K28)/J28*100 -> 1.5047342 | Q28: =(G28)/(E27/60) -> 89.086957 | R28: =(G28)/(F28/60) -> 416.74576 | S28: =((J29+J28)-(K29+K28))/(J29+J28)*100 -> 1.2920354
B29: 46042 | C29: 13 | D29: STAG | E29: 1435 | F29: =[3]Jan!$N90 -> 588 | G29: 3528 | H29: =(G29)*24/(F29/60)/17000*100 -> 50.823529 | J29: =SUM( 73.3,63.3,99) -> 235.6 | K29: =(G29)*0.066 -> 232.848 | L29: =J29-K29 -> 2.752 | M29: =[3]Jan!$AD29 -> 147 | N29: =6+4 -> 10 | P29: =(J29-K29)/J29*100 -> 1.1680815 | Q29: =(G29)/(E29/60) -> 147.5122 | R29: =(G29)/(F29/60) -> 360
B30: 46042 | C30: 13 | D30: GINSENG UP (ORG) | F30: =[3]Jan!$N91 -> 572 | G30: 3008 | H30: =(G30)*24/(F30/60)/17000*100 -> 44.544632 | I30: 3 | J30: =SUM(99.3,103) -> 202.3 | K30: =(G30)*0.066 -> 198.528 | L30: =J30-K30 -> 3.772 | M30: =[3]Jan!$AD30 -> 184 | N30: =4+7 -> 11 | P30: =(J30-K30)/J30*100 -> 1.8645576 | Q30: =(G30)/(E29/60) -> 125.77003 | R30: =(G30)/(F30/60) -> 315.52448
B31: 46043 | C31: 14 | D31: SODA WATER | E31: 1440 | F31: =[3]Jan!$N92 -> 62 | G31: 417 | H31: =(G31)*24/(F31/60)/17000*100 -> 56.971537 | J31: =K31 -> 27.522 | K31: =(G31)*0.066 -> 27.522 | L31: =J31-K31 -> 0 | M31: =[3]Jan!$AD31 -> 199 | N31: 6 | P31: =(J31-K31)/J31*100 -> 0 | Q31: =(G31)/(E31/60) -> 17.375 | R31: =(G31)/(F31/60) -> 403.54839
B32: 46043 | C32: 14 | D32: KOLA CHAMP J.COOL | F32: =[3]Jan!$N93 -> 665 | G32: 1335 | H32: =(G32)*24/(F32/60)/17000*100 -> 17.004865 | J32: =(1400)*0.066 -> 92.4 | K32: =(G32)*0.066 -> 88.11 | L32: =J32-K32 -> 4.29 | M32: =[3]Jan!$AD32 -> 293 | N32: 14 | P32: =(J32-K32)/J32*100 -> 4.6428571 | Q32: =(G32)/(E31/60) -> 55.625 | R32: =(G32)/(F32/60) -> 120.45113
B33: 46043 | C33: 14 | D33: CREAM SODA | F33: =[3]Jan!$N94 -> 311 | G33: 1328 | H33: =(G33)*24/(F33/60)/17000*100 -> 36.170229 | J33: =(1400)*0.066 -> 92.4 | K33: =(G33)*0.066 -> 87.648 | L33: =J33-K33 -> 4.752 | M33: =[3]Jan!$AD33 -> 224 | N33: 10 | P33: =(J33-K33)/J33*100 -> 5.1428571 | Q33: =(G33)/(E31/60) -> 55.333333 | R33: =(G33)/(F33/60) -> 256.20579
B34: 46043 | C34: 14 | D34: BANANA | F34: =[3]Jan!$N95 -> 175 | G34: 455 | H34: =(G34)*24/(F34/60)/17000*100 -> 22.023529 | J34: =(500)*0.066 -> 33 | K34: =(G34)*0.066 -> 30.03 | L34: =J34-K34 -> 2.97 | M34: =[3]Jan!$AD34 -> 147 | N34: 16 | P34: =(J34-K34)/J34*100 -> 9 | Q34: =(G34)/(E31/60) -> 18.958333 | R34: =(G34)/(F34/60) -> 156
B35: 46044 | C35: 15 | D35: NO PRODUCTION- LOW WATER PRESSURE | H35: =(G35)*24/(F35/60)/17000*100 -> #DIV/0! | K35: =(G35)*0.066 -> 0 | L35: =J35-K35 -> 0 | M35: =[3]Jan!$AD35 -> 1440 | P35: =(J35-K35)/J35*100 -> #DIV/0! | Q35: =(G35)/(E35/60) -> #DIV/0! | R35: =(G35)/(F35/60) -> #DIV/0!
B36: 46045 | C36: 16 | D36: BANANA J.COOL | E36: 1221 | F36: =[3]Jan!$N97 -> 6 | G36: 13 | H36: =(G36)*24/(F36/60)/17000*100 -> 18.352941 | J36: =200*0.066 -> 13.2 | K36: =(G36)*0.066 -> 0.858 | L36: =J36-K36 -> 12.342 | M36: =[3]Jan!$AD36 -> 398 | N36: 12 | P36: =(J36-K36)/J36*100 -> 93.5 | Q36: =(G36)/(E36/60) -> 0.63882064 | R36: =(G36)/(F36/60) -> 130
B37: 46045 | C37: 16 | D37: j COOL GINGER | F37: =[3]Jan!$N98 -> 303 | G37: 1389 | H37: =(G37)*24/(F37/60)/17000*100 -> 38.830518 | J37: =1400*0.066 -> 92.4 | K37: =(G37)*0.066 -> 91.674 | L37: =J37-K37 -> 0.726 | M37: =[3]Jan!$AD37 -> 234 | N37: =1 -> 1 | P37: =(J37-K37)/J37*100 -> 0.78571429 | Q37: =(G37)/(E36/60) -> 68.255528 | R37: =(G37)/(F37/60) -> 275.0495
B38: 46045 | C38: 16 | D38: J COOL GRAPE | F38: =[3]Jan!$N99 -> 170 | G38: 798 | H38: =(G38)*24/(F38/60)/17000*100 -> 39.761938 | J38: =800*0.066 -> 52.8 | K38: =(G38)*0.066 -> 52.668 | L38: =J38-K38 -> 0.132 | M38: =[3]Jan!$AD38 -> 73 | N38: 6 | P38: =(J38-K38)/J38*100 -> 0.25 | Q38: =(G38)/(E36/60) -> 39.213759 | R38: =(G38)/(F38/60) -> 281.64706
B39: 46045 | C39: 16 | D39: J COOL SORREL | F39: =[3]Jan!$N100 -> 94 | G39: 637 | H39: =(G39)*24/(F39/60)/17000*100 -> 57.401752 | J39: =700*0.066 -> 46.2 | K39: =(G39)*0.066 -> 42.042 | L39: =J39-K39 -> 4.158 | M39: =[3]Jan!$AD39 -> 29 | N39: 2 | P39: =(J39-K39)/J39*100 -> 9 | Q39: =(G39)/(E36/60) -> 31.302211 | R39: =(G39)/(F39/60) -> 406.59574
B40: 46048 | C40: 17 | D40: J COOL SORREL | E40: 1380 | F40: =[3]Jan!$N101 -> 91 | G40: 586 | H40: =(G40)*24/(F40/60)/17000*100 -> 54.546865 | J40: =700*0.066 -> 46.2 | K40: =(G40)*0.066 -> 38.676 | L40: =J40-K40 -> 7.524 | M40: =[3]Jan!$AD40 -> 49 | N40: 14 | P40: =(J40-K40)/J40*100 -> 16.285714 | Q40: =(G40)/(E36/60) -> 28.796069 | R40: =(G40)/(F40/60) -> 386.37363
B41: 46048 | C41: 17 | D41: CARIB AMBER | F41: =[3]Jan!$N102 -> 1115 | G41: 1840 | H41: =(G41)*24/(F41/60)/17000*100 -> 13.97837 | J41: =SUM(100,95)-65.8 -> 129.2 | K41: =(G41)*0.066 -> 121.44 | L41: =J41-K41 -> 7.76 | M41: =[3]Jan!$AD41 -> 955 | N41: 1 | P41: =(J41-K41)/J41*100 -> 6.006192 | Q41: =(G41)/(E40/60) -> 80 | R41: =(G41)/(F41/60) -> 99.013453
B42: 46049 | C42: 18 | D42: CARIB AMBER | E42: 1435 | F42: =[3]Jan!$N103 -> 967 | G42: 6773 | H42: =(G42)*24/(F42/60)/17000*100 -> 59.329156 | J42: =SUM(65.8,94.8,100,89.3,100) -> 449.9 | K42: =(G42)*0.066 -> 447.018 | L42: =J42-K42 -> 2.882 | M42: =[3]Jan!$AD42 -> 189 | N42: =1+5 -> 6 | P42: =(J42-K42)/J42*100 -> 0.6405868 | Q42: =(G42)/(E40/60) -> 294.47826 | R42: =(G42)/(F42/60) -> 420.24819
B43: 46049 | C43: 18 | D43: CIDER PEARSECCO (EXPORT) | F43: =[3]Jan!$N104 -> 207 | G43: 933 | H43: =(G43)*24/(F43/60)/17000*100 -> 38.179028 | J43: =SUM(95)-26.4 -> 68.6 | K43: =(G43)*0.066 -> 61.578 | L43: =J43-K43 -> 7.022 | M43: =[3]Jan!$AD43 -> 268 | N43: 4 | P43: =(J43-K43)/J43*100 -> 10.236152 | Q43: =(G43)/(E40/60) -> 40.565217 | R43: =(G43)/(F43/60) -> 270.43478 | S43: =((J44+J43)-(K44+K43))/(J44+J43)*100 -> 4.6861702
B44: 46050 | C44: 19 | D44: CIDER PEARSECCO | E44: 1482 | F44: =[3]Jan!$N105 -> 400 | G44: 1782 | H44: =(G44)*24/(F44/60)/17000*100 -> 37.736471 | J44: =SUM(93,26.4) -> 119.4 | K44: =(G44)*0.066 -> 117.612 | L44: =J44-K44 -> 1.788 | M44: =[3]Jan!$AD44 -> 121 | N44: =3+1 -> 4 | P44: =(J44-K44)/J44*100 -> 1.4974874 | Q44: =(G44)/(E44/60) -> 72.145749 | R44: =(G44)/(F44/60) -> 267.3
B45: 46050 | C45: 19 | D45: CIDER ROSE (EXPORT) | F45: =[3]Jan!$N106 -> 530 | G45: 2284 | H45: =(G45+G46)*24/(F45/60)/17000*100 -> 46.092786 | J45: =SUM(97.2,99.9) -> 197.1 | K45: =(G45+G46)*0.066 -> 190.344 | L45: =J45-K45 -> 6.756 | M45: =[3]Jan!$AD45 -> 216 | N45: =2+1 -> 3 | P45: =(J45-K45)/J45*100 -> 3.4277017 | Q45: =(G45)/(E44/60) -> 92.469636 | R45: =(G45+G46)/(F45/60) -> 326.49057
B46: 46050 | C46: 19 | D46: CIDER ROSE | G46: 600 | Q46: =(G46)/(E44/60) -> 24.291498
B47: 46050 | C47: 19 | D47: VITA MALT ( CLASSIC) | F47: =[3]Jan!$N107 -> 296 | G47: 1533 | H47: =(G47)*24/(F47/60)/17000*100 -> 43.869634 | J47: =SUM(97,95)-82.8 -> 109.2 | K47: =(G47)*0.0708 -> 108.5364 | L47: =J47-K47 -> 0.6636 | M47: =[3]Jan!$AD46 -> 173 | N47: 3 | P47: =(J47-K47)/J47*100 -> 0.60769231 | Q47: =(G47)/(E44/60) -> 62.064777 | R47: =(G47)/(F47/60) -> 310.74324
B48: 46051 | C48: 20 | D48: VITA MALT ( CLASSIC) | E48: 1432 | F48: =[3]Jan!$N108 -> 495 | G48: 3171 | H48: =(G48)*24/(F48/60)/17000*100 -> 54.263102 | J48: =SUM(82.8,98.3,95)-50 -> 226.1 | K48: =(G48)*0.0708 -> 224.5068 | L48: =J48-K48 -> 1.5932 | M48: =[3]Jan!$AD47 -> 78 | N48: =1+3 -> 4 | P48: =(J48-K48)/J48*100 -> 0.70464396 | Q48: =(G48)/(E48/60) -> 132.86313 | R48: =(G48)/(F48/60) -> 384.36364
B49: 46051 | C49: 20 | D49: VITA MALT (GINGER) | F49: =[3]Jan!$N109 -> 114 | G49: 701 | H49: =(G49)*24/(F49/60)/17000*100 -> 52.086687 | J49: 50 | K49: =(G49)*0.0708 -> 49.6308 | L49: =J49-K49 -> 0.3692 | M49: =[3]Jan!$AD48 -> 24 | N49: 5 | P49: =(J49-K49)/J49*100 -> 0.7384 | Q49: =(G49)/(E48/60) -> 29.371508 | R49: =(G49)/(F49/60) -> 368.94737
B50: 46051 | C50: 20 | D50: GUINNESS | F50: =[3]Jan!$N110 -> 525 | G50: 2956 | H50: =(G50)*24/(F50/60)/17000*100 -> 47.693445 | J50: =SUM(95.4,100.1) -> 195.5 | K50: =G50*0.066 -> 195.096 | L50: =J50-K50 -> 0.404 | M50: =[3]Jan!$AD49 -> 204 | N50: =12 -> 12 | P50: =(J50-K50)/J50*100 -> 0.20664962 | Q50: =(G50)/(E48/60) -> 123.85475 | R50: =(G50)/(F50/60) -> 337.82857
B51: 46051 | C51: 20 | D51: CARIB AMBER | F51: =[3]Jan!$N111 -> 60 | G51: 389 | H51: =(G51)*24/(F51/60)/17000*100 -> 54.917647 | J51: =SUM(89,97.3)-75.3-84.5 -> 26.5 | K51: =G51*0.066 -> 25.674 | L51: =J51-K51 -> 0.826 | M51: =[3]Jan!$AD50 -> 72 | N51: 0 | P51: =(J51-K51)/J51*100 -> 3.1169811 | Q51: =(G51)/(E48/60) -> 16.298883 | R51: =(G51)/(F51/60) -> 389 | S51: =((J52+J51)-(K52+K51))/(J52+J51)*100 -> 2.3639291
B52: 46052 | C52: 21 | D52: CARIB AMBER | E52: 1250 | F52: =[3]Jan!$N112 -> 348 | G52: 2367 | H52: =(G52)*24/(F52/60)/17000*100 -> 57.614604 | J52: =SUM(75.3,84.5) -> 159.8 | K52: =G52*0.066 -> 156.222 | L52: =J52-K52 -> 3.578 | M52: =[3]Jan!$AD51 -> 57 | N52: 6 | P52: =(J52-K52)/J52*100 -> 2.2390488 | Q52: =(G52)/(E52/60) -> 113.616 | R52: =(G52)/(F52/60) -> 408.10345
B53: 46052 | C53: 21 | D53: STAG | F53: =[3]Jan!$N113 -> 746 | G53: 4470 | H53: =(G53)*24/(F53/60)/17000*100 -> 50.755401 | J53: =SUM(95.2,100.2,82,100)-77.3 -> 300.1 | K53: =G53*0.066 -> 295.02 | L53: =J53-K53 -> 5.08 | M53: =[3]Jan!$AD52 -> 224 | N53: =7+3 -> 10 | P53: =(J53-K53)/J53*100 -> 1.6927691 | Q53: =(G52)/(E52/60) -> 113.616 | R53: =(G53)/(F53/60) -> 359.51743
F54: =[3]Jan!$N114 -> 0 | H54: =(G54)*24/(F54/60)/17000*100 -> #DIV/0! | K54: =G54*0.066 -> 0 | L54: =J54-K54 -> 0 | M54: =[3]Jan!$AD53 -> 0 | P54: =(J54-K54)/J54*100 -> #DIV/0! | R54: =(G54)/(F54/60) -> #DIV/0!
H55: =(G55)*24/(F55/60)/17000*100 -> #DIV/0! | K55: =G55*0.066 -> 0 | L55: =J55-K55 -> 0 | P55: =(J55-K55)/J55*100 -> #DIV/0! | R55: =(G55)/(F55/60) -> #DIV/0!
H56: =(G56)*24/(F56/60)/17000*100 -> #DIV/0! | K56: =G56*0.066 -> 0 | L56: =J56-K56 -> 0 | P56: =(J56-K56)/J56*100 -> #DIV/0! | R56: =(G56)/(F56/60) -> #DIV/0!
H57: =(G57)*24/(F57/60)/17000*100 -> #DIV/0! | K57: =G57*0.066 -> 0 | L57: =J57-K57 -> 0 | P57: =(J57-K57)/J57*100 -> #DIV/0! | R57: =(G57)/(F57/60) -> #DIV/0!
H58: =(G58)*24/(F58/60)/17000*100 -> #DIV/0! | K58: =G58*0.066 -> 0 | L58: =J58-K58 -> 0 | P58: =(J58-K58)/J58*100 -> #DIV/0! | R58: =(G58)/(F58/60) -> #DIV/0!
H59: =(G59)*24/(F59/60)/17000*100 -> #DIV/0! | K59: =G59*0.066 -> 0 | L59: =J59-K59 -> 0 | P59: =(J59-K59)/J59*100 -> #DIV/0! | R59: =(G59)/(F59/60) -> #DIV/0!
H60: =(G60)*24/(F60/60)/17000*100 -> #DIV/0! | K60: =G60*0.066 -> 0 | L60: =J60-K60 -> 0 | P60: =(J60-K60)/J60*100 -> #DIV/0! | R60: =(G60)/(F60/60) -> #DIV/0!
H61: =(G61)*24/(F61/60)/17000*100 -> #DIV/0! | K61: =G61*0.066 -> 0 | L61: =J61-K61 -> 0 | P61: =(J61-K61)/J61*100 -> #DIV/0! | R61: =(G61)/(F61/60) -> #DIV/0!
H62: =(G62)*24/(F62/60)/17000*100 -> #DIV/0! | K62: =G62*0.066 -> 0 | L62: =J62-K62 -> 0 | P62: =(J62-K62)/J62*100 -> #DIV/0! | R62: =(G62)/(F62/60) -> #DIV/0!
H63: =(G63)*24/(F63/60)/17000*100 -> #DIV/0! | K63: =G63*0.066 -> 0 | L63: =J63-K63 -> 0 | P63: =(J63-K63)/J63*100 -> #DIV/0! | R63: =(G63)/(F63/60) -> #DIV/0! | T63: =AVERAGE(G8:G62) -> 2304.907
H64: =(G64)*24/(F64/60)/17000*100 -> #DIV/0! | K64: =G64*0.066 -> 0 | L64: =J64-K64 -> 0 | P64: =(J64-K64)/J64*100 -> #DIV/0! | R64: =(G64)/(F64/60) -> #DIV/0!
E65: =SUM(E8:E64) -> 24486 | F65: =SUM(F8:F64) -> 17831 | G65: =SUM(G8:G64) -> 99111 | H65: =(G65)*24/(F65/60)/17000*100 -> 47.082523 | I65: =SUM(I8:I35) -> 1659 | J65: =SUM(J8:J64) -> 6750.0094 | K65: =SUM(K8:K64) -> 6588.5688 | L65: =J65-K65 -> 161.44064 | M65: =SUM(M8:M64) -> 15022 | N65: =SUM(N8:N64) -> 357 | O65: =SUM(O8:O64) -> 90 | P65: =(J65-K65)/J65 -> 0.023917098 | Q65: =G65/(E65/60) -> 242.85959 | R65: =G65/(F65/60) -> 333.50121 | S65: =(G65)/((E65)/60) -> 242.85959 | T65: =AVERAGE(G8:G54) -> 2304.907
N66: KEGS
N67: TOTAL CASES | O67: =O65*2.75 -> 247.5
J68: Produced | K68: =G65+O67 -> 99358.5
N69: Stag
N70: Carib
N71: Bad Dog
N72: Total Kegs | O72: =SUM(O69:O71) -> 0

Sheet February_2026
B1: GRENADA BREWERIES LIMITED
B3: PRODUCTION DEPARTMENT
B4: 46071
B5: DATE | C5: DAY | D5: PRODUCT | E5: AVAIL. | F5: FILL | G5: CASES | H5: Line Rated | I5: Cases on Hold | J5: BBT | K5: BOTTLED | L5: Diff BBT | M5: DOWNTIME | N5: REJECTS | O5: KEGS | P5: BOTTLED2 | Q5: AVERAGE | R5: YTD | S5: Glue | T5: AVG
E6: TIME | F6: TIME | G6: BOTTLED | H6: Efficiency | J6: HLS | K6: HLS | L6: Hls vs Hls in Package | N6: (Cases) | P6: LOSS | Q6: CASE/HR | R6: Ave Case | S6: Usage | T6: CASE PER
F7: Mins | H7: % | M7: (Mins) | Q7: Avail Time | R7: per hour | S7: lbs/case | T7: DAY
B8: 46055 | C8: 1 | D8: STAG | E8: 1380 | F8: =[3]Feb!$N68 -> 354 | G8: 2653 | H8: =(G8)*24/(F8/60)/17000*100 -> 63.481555 | J8: =SUM(100.1,77.3) -> 177.4 | K8: =(G8)*0.066 -> 175.098 | L8: =J8-K8 -> 2.302 | M8: =[3]Feb!$AD8 -> 221 | N8: 5 | P8: =(J8-K8)/J8*100 -> 1.2976325 | Q8: =G8/(E8/60) -> 115.34783 | S8: ='[4]Daily glue FEB'!$H$2 -> 0.011221557
B9: 46055 | C9: 1 | D9: CARIB AMBER | F9: =[3]Feb!$N69 -> 724 | G9: 5267 | H9: =(G9)*24/(F9/60)/17000*100 -> 61.622359 | J9: =SUM(94,100.2,98,89.2)-26.8 -> 354.6 | K9: =(G9)*0.066 -> 347.622 | L9: =J9-K9 -> 6.978 | M9: =[3]Feb!$AD9 -> 166 | N9: 1 | P9: =(J9-K9)/J9*100 -> 1.9678511 | Q9: =E8/(F9/60) -> 114.36464 | S9: ='[4]Daily glue FEB'!$H$4 -> 0.015132429
B10: 46056 | C10: 2 | D10: CARIB AMBER | E10: 1440 | F10: =[3]Feb!$N70 -> 1147 | G10: 8556 | H10: =(G10)*24/(F10/60)/17000*100 -> 63.18601 | J10: =SUM(26.8,91,94,97.8,52.5,77.8,99.2,53,51)-12.8-56 -> 574.3 | K10: =(G10)*0.066 -> 564.696 | L10: =J10-K10 -> 9.604 | M10: =[3]Feb!$AD10 -> 433 | N10: =2+2+3 -> 7 | P10: =(J10-K10)/J10*100 -> 1.6722967 | Q10: =G10/(E10/60) -> 356.5 | S10: ='[4]Daily glue FEB'!$H$5+'[4]Daily glue FEB'!$H$7+'[4]Daily glue FEB'!$H$7 -> 0.045202835
B11: 46057 | C11: 3 | D11: CARIB FLINT ( EXP) | E11: 1422 | F11: =[3]Feb!$N71 -> 711 | G11: 2804 | H11: =(G11)*24/(F11/60)/17000*100 -> 33.405808 | J11: =SUM(12.8,56,101,17) -> 186.8 | K11: =(G11)*0.066 -> 185.064 | L11: =J11-K11 -> 1.736 | M11: =[3]Feb!$AD11 -> 342 | N11: =6+6 -> 12 | P11: =(J11-K11)/J11*100 -> 0.92933619 | Q11: =G11/(E11/60) -> 118.31224 | S11: =SUM('[4]Daily glue FEB'!$H$8,'[4]Daily glue FEB'!$H$9) -> 0.046256743
B12: 46057 | C12: 3 | D12: CARIBE ROSE | F12: =[3]Feb!$N72 -> 489 | G12: 1568 | H12: =(G12)*24/(F12/60)/17000*100 -> 27.161314 | J12: =SUM(70.8,91.4)-49.3 -> 112.9 | K12: =(G12)*0.066 -> 103.488 | L12: =J12-K12 -> 9.412 | M12: =[3]Feb!$AD12 -> 406 | N12: 0 | P12: =(J12-K12)/J12*100 -> 8.336581 | Q12: =G12/(E11/60) -> 66.160338 | R12: =((J13+J12)-(K13+K12))/(J13+J12)*100 -> 5.8828607 | S12: =SUM('[4]Daily glue FEB'!$H$10) -> 0.02154023
B13: 46058 | C13: 4 | D13: CARIBE ROSE | E13: 1430 | F13: =[3]Feb!$N73 -> 144 | G13: 745 | H13: =(G13)*24/(F13/60)/17000*100 -> 43.823529 | J13: 49.3 | K13: =(G13)*0.066 -> 49.17 | L13: =J13-K13 -> 0.13 | M13: =[3]Feb!$AD13 -> 68 | N13: =5+3 -> 8 | P13: =(J13-K13)/J13*100 -> 0.26369168 | Q13: =G13/(E13/60) -> 31.258741 | S13: =SUM('[4]Daily glue FEB'!$H$11) -> 0.016954162
B14: 46058 | C14: 4 | D14: GUINNESS | F14: =[3]Feb!$N74 -> 718 | G14: 2789 | H14: =(G14)*24/(F14/60)/17000*100 -> 32.903162 | J14: =SUM(94,92) -> 186 | K14: =(G14)*0.066 -> 184.074 | L14: =J14-K14 -> 1.926 | M14: =[3]Feb!$AD14 -> 312 | N14: =9+3 -> 12 | P14: =(J14-K14)/J14*100 -> 1.0354839 | Q14: =G14/(E13/60) -> 117.02098 | S14: =SUM('[4]Daily glue FEB'!$H$12) -> 0.023555866
B15: 46058 | C15: 4 | D15: CARIB AMBER | F15: =[3]Feb!$N75 -> 276 | G15: 1967 | H15: =(G15)*24/(F15/60)/17000*100 -> 60.368286 | J15: =SUM(97.5,99.8)-63.7 -> 133.6 | K15: =(G15)*0.066 -> 129.822 | L15: =J15-K15 -> 3.778 | M15: =[3]Feb!$AD15 -> 181 | N15: 2 | P15: =(J15-K15)/J15*100 -> 2.8278443 | Q15: =G15/(E13/60) -> 82.531469 | R15: =((J16+J15)-(K16+K15))/(J16+J15)*100 -> 1.5361674 | S15: =SUM('[4]Daily glue FEB'!$H$13) -> 0.012453482
B16: 46059 | C16: 5 | D16: CARIB AMBER | E16: 1250 | F16: =[3]Feb!$N76 -> 940 | G16: 4736 | H16: =(G16)*24/(F16/60)/17000*100 -> 42.677347 | J16: =SUM(63.7,88,100,92)-28 -> 315.7 | K16: =(G16)*0.066 -> 312.576 | L16: =J16-K16 -> 3.124 | M16: =[3]Feb!$AD16 -> 283 | N16: =3+1 -> 4 | P16: =(J16-K16)/J16*100 -> 0.98954704 | Q16: =G16/(E16/60) -> 227.328 | S16: =SUM('[4]Daily glue FEB'!$H$14:$H$15) -> 0.034392808
B17: 46059 | C17: 5 | D17: SHANDY GINGER | F17: =[3]Feb!$N77 -> 200 | G17: 1262 | H17: =(G17)*24/(F17/60)/17000*100 -> 53.449412 | I17: 8 | J17: =SUM(97.1,99.9)-51.6-57.9 -> 87.5 | K17: =(G17)*0.066 -> 83.292 | L17: =J17-K17 -> 4.208 | M17: =[3]Feb!$AD17 -> 76 | N17: 5 | P17: =(J17-K17)/J17*100 -> 4.8091429 | Q17: =G17/(E16/60) -> 60.576 | S17: =SUM('[4]Daily glue FEB'!$H$16) -> 0.017362569
B18: 46062 | C18: 6 | D18: SHANDY GINGER ( LOCAL) | E18: 1380 | F18: =[3]Feb!$N78 -> 165 | G18: 960 | H18: =(G18)*24/(F18/60)/17000*100 -> 49.283422 | J18: =SUM(51.6,57.8) -> 109.4 | K18: =(G18+G19)*0.066 -> 106.656 | L18: =J18-K18 -> 2.744 | M18: =[3]Feb!$AD18 -> 176 | N18: =4+3 -> 7 | P18: =(J18-K18)/J18*100 -> 2.5082267 | Q18: =G18/(E18/60) -> 41.73913 | S18: =SUM('[4]Daily glue FEB'!$H$17:$H$18) -> 0.037372016
B19: 46062 | C19: 6 | D19: SHANDY GINGER (EXPORT) | F19: =[3]Feb!$N79 -> 139 | G19: 656 | H19: =(G19)*24/(F19/60)/17000*100 -> 39.976301 | M19: =[3]Feb!$AD19 -> 36 | Q19: =G19/(E18/60) -> 28.521739
B20: 46062 | C20: 6 | D20: STAG | F20: =[3]Feb!$N80 -> 384 | G20: 2822 | H20: =(G20)*24/(F20/60)/17000*100 -> 62.25 | J20: =SUM(89.4,98.7) -> 188.1 | K20: =(G20)*0.066 -> 186.252 | L20: =J20-K20 -> 1.848 | M20: =[3]Feb!$AD20 -> 363 | N20: 1 | P20: =(J20-K20)/J20*100 -> 0.98245614 | Q20: =G20/(E18/60) -> 122.69565 | S20: =SUM('[4]Daily glue FEB'!$H$19) -> 0.023003273
B21: 46063 | C21: 7 | D21: PINK TING | E21: 1430 | F21: =[3]Feb!$N81 -> 429 | G21: 3371 | H21: =(G21)*24/(F21/60)/17000*100 -> 66.560263 | J21: =3400*0.066 -> 224.4 | K21: =(G21)*0.066 -> 222.486 | L21: =J21-K21 -> 1.914 | M21: =[3]Feb!$AD21 -> 294 | N21: 4 | P21: =(J21-K21)/J21*100 -> 0.85294118 | Q21: =G21/(E21/60) -> 141.44056 | S21: =SUM('[4]Daily glue FEB'!$H$20) -> 0.019419689
B22: 46063 | C22: 7 | D22: GREEN TING | F22: =[3]Feb!$N82 -> 272 | G22: 1790 | H22: =(G22)*24/(F22/60)/17000*100 -> 55.743945 | J22: =1800*0.066 -> 118.8 | K22: =(G22)*0.066 -> 118.14 | L22: =J22-K22 -> 0.66 | M22: =[3]Feb!$AD22 -> 190 | N22: =2+3 -> 5 | P22: =(J22-K22)/J22*100 -> 0.55555556 | Q22: =G22/(E21/60) -> 75.104895 | S22: =SUM('[4]Daily glue FEB'!$H$21) -> 0.022426999
B23: 46063 | C23: 7 | D23: CARIB AMBER | F23: =[3]Feb!$N83 -> 332 | G23: 1854 | H23: =(G23)*24/(F23/60)/17000*100 -> 47.302622 | J23: =SUM(95,97.2)-65 -> 127.2 | K23: =(G23)*0.066 -> 122.364 | L23: =J23-K23 -> 4.836 | M23: =[3]Feb!$AD23 -> 117 | N23: =1+2 -> 3 | P23: =(J23-K23)/J23*100 -> 3.8018868 | Q23: =G23/(E21/60) -> 77.79021 | R23: =((J24+J23)-(K24+K23))/(J24+J23)*100 -> 3.4779138 | S23: =SUM('[4]Daily glue FEB'!$H$22) -> 0.028641921
B24: 46064 | C24: 8 | D24: CARIB AMBER | E24: 1435 | F24: =[3]Feb!$N84 -> 557 | G24: 3521 | H24: =(G24)*24/(F24/60)/17000*100 -> 53.545675 | J24: =SUM(65,97,86.6) -> 248.6 | K24: =(G24)*0.066 +(42*0.19) -> 240.366 | L24: =J24-K24 -> 8.234 | M24: =[3]Feb!$AD24 -> 119 | N24: 4 | O24: 42 | P24: =(J24-K24)/J24*100 -> 3.312148 | Q24: =G24/(E24/60) -> 147.21951 | S24: =SUM('[4]Daily glue FEB'!$H$23) -> 0.015627085
B25: 46064 | C25: 8 | D25: STAG | F25: =[3]Feb!$N85 -> 659 | G25: 3377 | H25: =(G25)*24/(F25/60)/17000*100 -> 43.406945 | I25: 25 | J25: =SUM(98,92.8,90.4,86.4)-66.8-64.9 -> 235.9 | K25: =(G25)*0.066+(33*0.19) -> 229.152 | L25: =J25-K25 -> 6.748 | M25: =[3]Feb!$AD25 -> 401 | O25: 33 | P25: =(J25-K25)/J25*100 -> 2.8605341 | Q25: =G25/(E24/60) -> 141.19861 | R25: =((J26+J25)-(K26+K25))/(J26+J25)*100 -> 1.7583851 | S25: =SUM([4]!Table1456782[[#This Row],[Glue usage lb/ case]]) -> 0.034268548
B26: 46065 | C26: 9 | D26: STAG | E26: 1430 | F26: =[3]Feb!$N86 -> 1320 | G26: 6114 | H26: =(G26)*24/(F26/60)/17000*100 -> 39.234225 | J26: =SUM(66.8,64.9,101,90,88,90.1)-45-47.7 -> 408.1 | K26: =(G26)*0.066 -> 403.524 | L26: =J26-K26 -> 4.576 | M26: =[3]Feb!$AD26 -> 580 | N26: =21+6+5 -> 32 | P26: =(J26-K26)/J26*100 -> 1.1212938 | Q26: =G26/(E26/60) -> 256.53147 | S26: =SUM('[4]Daily glue FEB'!$H$26:$H$28) -> 0.068275709
B27: 46066 | C27: 10 | D27: STAG | E27: 1260 | F27: =[3]Feb!$N87 -> 236 | G27: 1392 | H27: =(G27)*24/(F27/60)/17000*100 -> 49.962114 | J27: =SUM(45,47.7) -> 92.7 | K27: =(G27)*0.066 -> 91.872 | L27: =J27-K27 -> 0.828 | M27: =[3]Feb!$AD27 -> 49 | N27: 2 | P27: =(J27-K27)/J27*100 -> 0.89320388 | Q27: =G27/(E27/60) -> 66.285714 | S27: =SUM('[4]Daily glue FEB'!$H$29) -> 0.024451983
B28: 46066 | C28: 10 | D28: SHANDY SORREL | F28: =[3]Feb!$N88 -> 229 | G28: 1464 | H28: =(G28)*24/(F28/60)/17000*100 -> 54.152582 | J28: =SUM(83.3,90.5)-75.5 -> 98.3 | K28: =(G28)*0.066 -> 96.624 | L28: =J28-K28 -> 1.676 | M28: =[3]Feb!$AD28 -> 794 | N28: 6 | P28: =(J28-K28)/J28*100 -> 1.7049847 | Q28: =G28/(E27/60) -> 69.714286
B29: 46069 | C29: 11 | D29: CARIB AMBER | E29: 1380 | F29: =[3]Feb!$N89 -> 711 | G29: 4596 | H29: =(G29)*24/(F29/60)/17000*100 -> 54.755026 | J29: =SUM(64,95.7,93.2,95.5)-35.4 -> 313 | K29: =(G29)*0.066+(25*0.19) -> 308.086 | L29: =J29-K29 -> 4.914 | M29: =[3]Feb!$AD29 -> 736 | N29: =5+5 -> 10 | O29: 25 | P29: =(J29-K29)/J29*100 -> 1.5699681 | Q29: =G29/(E29/60) -> 199.82609 | R29: =((J30+J29)-(K30+K29))/(J30+J29)*100 -> 2.0494505 | S29: =SUM('[4]Daily glue FEB'!$H$33:$H$34) -> 0.036233573
B30: 46070 | C30: 12 | D30: CARIB AMBER | E30: 1440 | F30: =[3]Feb!$N90 -> 528 | G30: 2895 | H30: =(G30)*24/(F30/60)/17000*100 -> 46.44385 | J30: =SUM(35.4,98,84.7,91.4)-56.5-56.4 -> 196.6 | K30: =(G30)*0.066 -> 191.07 | L30: =J30-K30 -> 5.53 | M30: =[3]Feb!$AD30 -> 1019 | N30: =7+6 -> 13 | P30: =(J30-K30)/J30*100 -> 2.8128179 | Q30: =G30/(E30/60) -> 120.625 | S30: =SUM('[4]Daily glue FEB'!$H$35:$H$36) -> 0.037881578
B31: 46071 | D31: WASHER BREAKDOWN | F31: =[3]Feb!$N91 -> 0 | H31: =(G31)*24/(F31/60)/17000*100 -> #DIV/0! | K31: =(G31)*0.066 -> 0 | L31: =J31-K31 -> 0 | M31: =[3]Feb!$AD31 -> 1440 | P31: =(J31-K31)/J31*100 -> #DIV/0! | Q31: =G31/(F31/60) -> #DIV/0!
B32: 46072 | C32: 13 | D32: CARIB AMBER | E32: 1440 | F32: =[3]Feb!$N92 -> 749 | G32: 3122 | H32: =(G32)*24/(F32/60)/17000*100 -> 35.307312 | J32: =SUM(56.4,56.5,98.8) -> 211.7 | K32: =(G32)*0.066+ (18*0.19) -> 209.472 | L32: =J32-K32 -> 2.228 | M32: =[3]Feb!$AD32 -> 461 | N32: =2+1 -> 3 | O32: 18 | P32: =(J32-K32)/J32*100 -> 1.0524327 | Q32: =G32/(E32/60) -> 130.08333 | S32: =SUM('[4]Daily glue FEB'!$H$42:$H$43) -> 0.038471951
B33: 46072 | C33: 13 | D33: SHANDY SORREL ( LOCAL ) | F33: =[3]Feb!$N93 -> 243 | G33: 1121 | H33: =(G33)*24/(F33/60)/17000*100 -> 39.076253 | J33: =75.5 -> 75.5 | K33: =(G33)*0.066 -> 73.986 | L33: =J33-K33 -> 1.514 | M33: =[3]Feb!$AD33 -> 116 | N33: 4 | P33: =(J33-K33)/J33*100 -> 2.005298 | Q33: =G33/(E32/60) -> 46.708333 | S33: =SUM('[4]Daily glue FEB'!$H$44)/2 -> 0.008957935
B34: 46072 | C34: 13 | D34: TING ORIGINAL | F34: =[3]Feb!$N94 -> 154 | G34: 437 | H34: =(G34)*24/(F34/60)/17000*100 -> 24.036669 | J34: =450*0.066 -> 29.7 | K34: =(G34)*0.066 -> 28.842 | L34: =J34-K34 -> 0.858 | M34: =[3]Feb!$AD34 -> 180 | N34: 3 | P34: =(J34-K34)/J34*100 -> 2.8888889 | Q34: =G34/(E32/60) -> 18.208333 | S34: =SUM('[4]Daily glue FEB'!$H$44)/2 -> 0.008957935
B35: 46073 | C35: 14 | D35: TING ORIGINAL | E35: 1260 | F35: =[3]Feb!$N95 -> 439 | G35: 1334 | H35: =(G35)*24/(F35/60)/17000*100 -> 25.739783 | J35: =1350*0.066 -> 89.1 | K35: =(G35)*0.066 -> 88.044 | L35: =J35-K35 -> 1.056 | M35: =[3]Feb!$AD35 -> 178 | N35: 1 | P35: =(J35-K35)/J35*100 -> 1.1851852 | Q35: =G35/(E35/60) -> 63.52381 | S35: =SUM('[4]Daily glue FEB'!$H$46) -> 0.017384045
B36: 46073 | C36: 14 | D36: CARIB AMBER | F36: =[3]Feb!$N96 -> 557 | G36: 2454 | H36: =(G36)*24/(F36/60)/17000*100 -> 37.319252 | J36: =SUM(99.5,94.9)-26.4 -> 168 | K36: =(G36)*0.066 -> 161.964 | L36: =J36-K36 -> 6.036 | M36: =[3]Feb!$AD36 -> 394 | N36: =3+2 -> 5 | P36: =(J36-K36)/J36*100 -> 3.5928571 | Q36: =G36/(E35/60) -> 116.85714 | S36: =SUM('[4]Daily glue FEB'!$H$47) -> 0.016099656
B37: 46076 | C37: 15 | D37: CARIB AMBER | E37: 1380 | F37: =[3]Feb!$N97 -> 703 | G37: 3491 | H37: =(G37)*24/(F37/60)/17000*100 -> 42.06376 | J37: =SUM(26.4,86,92.2,87.8)-56.8 -> 235.6 | K37: =(G37)*0.066 -> 230.406 | L37: =J37-K37 -> 5.194 | M37: =[3]Feb!$AD37 -> 876 | N37: =2+2 -> 4 | P37: =(J37-K37)/J37*100 -> 2.204584 | Q37: =G37/(E37/60) -> 151.78261 | S37: =SUM('[4]Daily glue FEB'!$H$49,'[4]Daily glue FEB'!$H$50) -> 0.042270613 | AE37: =18*0.19 -> 3.42
B38: 46077 | C38: 16 | D38: CARIB AMBER | E38: 1428 | F38: =[3]Feb!$N98 -> 335 | G38: 2250 | H38: =(G38)*24/(F38/60)/17000*100 -> 56.892011 | J38: =SUM(38.6,56.8,54.1) -> 149.5 | K38: =(G38)*0.066 -> 148.5 | L38: =J38-K38 -> 1 | M38: =[3]Feb!$AD38 -> 88 | N38: =8+3 -> 11 | P38: =(J38-K38)/J38*100 -> 0.66889632 | Q38: =G38/(E38/60) -> 94.537815 | S38: =SUM('[4]Daily glue FEB'!$H$51) -> 0.012021628 | AE38: =50-AE37 -> 46.58
B39: 46077 | C39: 16 | D39: GUINNESS | F39: =[3]Feb!$N99 -> 962 | G39: 2892 | H39: =(G39)*24/(F39/60)/17000*100 -> 25.464596 | J39: =SUM(90.2,98.9,2) -> 191.1 | K39: =(G39)*0.066 -> 190.872 | L39: =J39-K39 -> 0.228 | M39: =[3]Feb!$AD39 -> 550 | N39: 4 | P39: =(J39-K39)/J39*100 -> 0.11930926 | Q39: =G39/(E38/60) -> 121.51261 | S39: =SUM('[4]Daily glue FEB'!$H$53) -> 0.01688723
B40: 46078 | C40: 17 | D40: STAG | E40: 1440 | F40: =[3]Feb!$N100 -> 1415 | G40: 4008 | H40: =(G40)*24/(F40/60)/17000*100 -> 23.993016 | I40: 140 | J40: =SUM(97,93.8,90,93.3)-53.2-53.8 -> 267.1 | K40: =(G40)*0.066 -> 264.528 | L40: =J40-K40 -> 2.572 | M40: =[3]Feb!$AD40 -> 810 | N40: =5+5+2 -> 12 | P40: =(J40-K40)/J40*100 -> 0.96293523 | Q40: =G40/(E40/60) -> 167 | S40: =SUM('[4]Daily glue FEB'!$H$54:$H$56) -> 0.04864426
B41: 46079 | C41: 18 | D41: STAG | E41: 1440 | F41: =[3]Feb!$N101 -> 1027 | G41: 1613 | H41: =(G41)*24/(F41/60)/17000*100 -> 13.303855 | J41: =SUM(53.2,53.8) -> 107 | K41: =(G41)*0.066 -> 106.458 | L41: =J41-K41 -> 0.542 | M41: =[3]Feb!$AD41 -> 815 | N41: =2+4 -> 6 | P41: =(J41-K41)/J41*100 -> 0.50654206 | Q41: =G41/(E41/60) -> 67.208333 | S41: =SUM('[4]Daily glue FEB'!$H$57:$H$58) -> 0.061097819
B42: 46079 | C42: 18 | D42: CARIB AMBER | F42: =[3]Feb!$N102 -> 385 | G42: 1651 | H42: =(G42)*24/(F42/60)/17000*100 -> 36.324523 | J42: =SUM(100,101.6)-90.1 -> 111.5 | K42: =(G42)*0.066 -> 108.966 | L42: =J42-K42 -> 2.534 | M42: =[3]Feb!$AD42 -> 137 | N42: 1 | P42: =(J42-K42)/J42*100 -> 2.2726457 | Q42: =G42/(E41/60) -> 68.791667 | S42: ='[4]Daily glue FEB'!$H$59 -> 0.020498298
B43: 46080 | C43: 19 | D43: CARIB AMBER | E43: 1250 | F43: =[3]Feb!$N103 -> 211 | G43: 1327 | H43: =(G43)*24/(F43/60)/17000*100 -> 53.272372 | J43: 90.1 | K43: =(G43)*0.066 -> 87.582 | L43: =J43-K43 -> 2.518 | M43: =[3]Feb!$AD43 -> 54 | N43: 6 | P43: =(J43-K43)/J43*100 -> 2.7946726 | Q43: =G43/(E43/60) -> 63.696 | S43: =SUM('[4]Daily glue FEB'!$H$60) -> 0.017005445
B44: 46080 | C44: 19 | D44: STAR MALT | F44: =[3]Feb!$N104 -> 530 | G44: 2952 | H44: =(G44)*24/(F44/60)/17000*100 -> 47.179578 | I44: 7 | J44: =SUM(99.1,101) -> 200.1 | K44: =(G44)*0.066 -> 194.832 | L44: =J44-K44 -> 5.268 | M44: =[3]Feb!$AD44 -> 205 | N44: 1 | P44: =(J44-K44)/J44*100 -> 2.6326837 | Q44: =G44/(E43/60) -> 141.696 | S44: =SUM('[4]Daily glue FEB'!$H$61)/2 -> 0.0074331369
B45: 46080 | D45: CARIB AMBER | F45: =[3]Feb!$N105 -> 285 | G45: 1792 | H45: =(G45)*24/(F45/60)/17000*100 -> 53.260681 | J45: =SUM(80,101.3)-60.1 -> 121.2 | K45: =(G45)*0.066 -> 118.272 | L45: =J45-K45 -> 2.928 | M45: =[3]Feb!$AD45 -> 114 | N45: 0 | P45: =(J45-K45)/J45*100 -> 2.4158416 | Q45: =G45/(E43/60) -> 86.016 | S45: =SUM('[4]Daily glue FEB'!$H$61)/2 -> 0.0074331369
B46: 46081 | D46: STAR MALT | E46: 910 | F46: =[3]Feb!$N106 -> 255 | G46: 1476 | H46: =(G46)*24/(F46/60)/17000*100 -> 49.029758 | J46: 100 | K46: =(G46)*0.066 -> 97.416 | L46: =J46-K46 -> 2.584 | M46: =[3]Feb!$AD46 -> 97 | N46: 0 | P46: =(J46-K46)/J46*100 -> 2.584 | Q46: =G46/(E46/60) -> 97.318681
B47: 46081 | D47: CARIB AMBER | F47: =[3]Feb!$N107 -> 531 | G47: 2513 | H47: =(G47)*24/(F47/60)/17000*100 -> 40.087737 | J47: =SUM(95.6,100.3,60.1)-88 -> 168 | K47: =(G47)*0.066 -> 165.858 | L47: =J47-K47 -> 2.142 | M47: =[3]Feb!$AD47 -> 209 | N47: 2 | P47: =(J47-K47)/J47*100 -> 1.275 | Q47: =G47/(E46/60) -> 165.69231 | S47: =SUM('[4]Daily glue FEB'!$H$63) -> 0.016872749
F48: =[3]Feb!$N108 -> 0 | H48: =(G48)*24/(F48/60)/17000*100 -> #DIV/0! | K48: =(G48)*0.066 -> 0 | L48: =J48-K48 -> 0 | M48: =[3]Feb!$AD48 -> 0 | P48: =(J48-K48)/J48*100 -> #DIV/0! | Q48: =G48/(E48/60) -> #DIV/0!
F49: =[3]Feb!$N109 -> 0 | H49: =(G49)*24/(F49/60)/17000*100 -> #DIV/0! | K49: =(G49)*0.066 -> 0 | L49: =J49-K49 -> 0 | M49: =[3]Feb!$AD49 -> 0 | P49: =(J49-K49)/J49*100 -> #DIV/0! | Q49: =G49/(E49/60) -> #DIV/0!
F50: =[3]Feb!$N110 -> 0 | H50: =(G50)*24/(F50/60)/17000*100 -> #DIV/0! | K50: =(G50)*0.066 -> 0 | L50: =J50-K50 -> 0 | M50: =[3]Feb!$AD50 -> 0 | P50: =(J50-K50)/J50*100 -> #DIV/0! | Q50: =G50/(E50/60) -> #DIV/0!
F51: =[3]Feb!$N111 -> 0 | H51: =(G51)*24/(F51/60)/17000*100 -> #DIV/0! | K51: =(G51)*0.066 -> 0 | L51: =J51-K51 -> 0 | M51: =[3]Feb!$AD51 -> 0 | P51: =(J51-K51)/J51*100 -> #DIV/0! | Q51: =G51/(E51/60) -> #DIV/0!
F52: =[3]Feb!$N112 -> 0 | H52: =(G52)*24/(F52/60)/17000*100 -> #DIV/0! | K52: =(G52)*0.066 -> 0 | L52: =J52-K52 -> 0 | M52: =[3]Feb!$AD52 -> 0 | P52: =(J52-K52)/J52*100 -> #DIV/0! | Q52: =G52/(E52/60) -> #DIV/0!
F53: =[3]Feb!$N113 -> 0 | H53: =(G53)*24/(F53/60)/17000*100 -> #DIV/0! | K53: =(G53)*0.066 -> 0 | L53: =J53-K53 -> 0 | M53: =[3]Feb!$AD53 -> 0 | P53: =(J53-K53)/J53*100 -> #DIV/0! | Q53: =G53/(E53/60) -> #DIV/0!
F54: =[3]Feb!$N114 -> 0 | H54: =(G54)*24/(F54/60)/17000*100 -> #DIV/0! | K54: =(G54)*0.066 -> 0 | L54: =J54-K54 -> 0 | M54: =[3]Feb!$AD54 -> 0 | P54: =(J54-K54)/J54*100 -> #DIV/0! | Q54: =G54/(E54/60) -> #DIV/0!
F55: =[3]Feb!$N115 -> 0 | H55: =(G55)*24/(F55/60)/17000*100 -> #DIV/0! | K55: =(G55)*0.066 -> 0 | L55: =J55-K55 -> 0 | M55: =[3]Feb!$AD55 -> 0 | Q55: =G55/(E55/60) -> #DIV/0!
F56: =[3]Feb!$N116 -> 0 | H56: =(G56)*24/(F56/60)/17000*100 -> #DIV/0! | K56: =(G56)*0.066 -> 0 | L56: =J56-K56 -> 0 | M56: =[3]Feb!$AD56 -> 0 | P56: =(J56-K56)/J56*100 -> #DIV/0! | Q56: =G56/(E56/60) -> #DIV/0!
H57: =(G57)*24/(F57/60)/17000*100 -> #DIV/0! | K57: =(G57)*0.066 -> 0 | L57: =J57-K57 -> 0 | M57: =[3]Feb!$AD57 -> 0 | P57: =(J57-K57)/J57*100 -> #DIV/0! | Q57: =G57/(E57/60) -> #DIV/0!
H58: =(G58)*24/(F58/60)/17000*100 -> #DIV/0! | K58: =(G58)*0.066 -> 0 | L58: =J58-K58 -> 0 | M58: =[3]Feb!$AD58 -> 0 | P58: =(J58-K58)/J58*100 -> #DIV/0! | Q58: =G58/(E58/60) -> #DIV/0!
H59: =(G59)*24/(F59/60)/17000*100 -> #DIV/0! | K59: =(G59)*0.066 -> 0 | L59: =J59-K59 -> 0 | M59: =[3]Feb!$AD59 -> 0 | P59: =(J59-K59)/J59*100 -> #DIV/0! | Q59: =G59/(E59/60) -> #DIV/0!
H60: =(G60)*24/(F60/60)/17000*100 -> #DIV/0! | K60: =(G60)*0.066 -> 0 | L60: =J60-K60 -> 0 | P60: =(J60-K60)/J60*100 -> #DIV/0! | Q60: =G60/(E60/60) -> #DIV/0!
H61: =(G61)*24/(F61/60)/17000*100 -> #DIV/0! | K61: =(G61)*0.066 -> 0 | L61: =J61-K61 -> 0 | P61: =(J61-K61)/J61*100 -> #DIV/0! | Q61: =G61/(E61/60) -> #DIV/0!
H62: =(G62)*24/(F62/60)/17000*100 -> #DIV/0! | K62: =(G62)*0.066 -> 0 | L62: =J62-K62 -> 0 | P62: =(J62-K62)/J62*100 -> #DIV/0! | Q62: =G62/(E62/60) -> #DIV/0!
E63: =SUM(E8:E62) -> 27225 | F63: =SUM(F8:F62) -> 20445 | G63: =SUM(G8:G62) -> 101592 | H63: =(G63)*24/(F63/60)/17000*100 -> 42.090682 | I63: =SUM(I8:I62) -> 180 | J63: =SUM(J8:J62) -> 6854.4 | K63: =SUM(K8:K62) -> 6727.492 | L63: =J63-K63 -> 126.908 | M63: =SUM(M8:M62) -> 14086 | N63: =SUM(N8:N62) -> 206 | O63: =SUM(O8:O62) -> 118 | P63: =(J63-K63)/J63 -> 0.018514823 | Q63: =G63/(E63/60) -> 223.89421 | R63: =(G63+January_2026!G65)/((E63+January_2026!E65)/60) -> 232.87463 | T63: =AVERAGE(G8:G62) -> 2604.9231
N64: KEGS
K65: Produced | L65: =G63+O65 -> 101916.5 | N65: TOTAL CASES | O65: =O63*2.75 -> 324.5
L67: =January_2026!G65+February_2026!G63 -> 200703 | N67: Stag | O67: =O30 -> 0
L68: =January_2026!K68+February_2026!L65 -> 201275 | N68: Carib | O68: =SUM(O9+O18+O28+O34+O35) -> 0
N69: Bad Dog
N70: Total Kegs | O70: =O63 -> 118

Sheet March_2026
B1: GRENADA BREWERIES LIMITED
B3: PRODUCTION DEPARTMENT
B4: 46082
B5: DATE | C5: DAY | D5: PRODUCT | E5: AVAIL. | F5: FILL | G5: CASES | H5: Line Rated | I5: Cases on Hold | J5: BBT | K5: BOTTLED | L5: Diff BBT Hls vs Hls in Package | M5: DOWNTIME (Mins) | N5: REJECTS (Cases) | O5: KEGS | P5: BOTTLED | Q5: AVERAGE | R5: YTD | S5: Glue | T5: AVG
E6: TIME | F6: TIME | G6: BOTTLED | H6: Efficiency | J6: HLS | K6: HLS | P6: LOSS | Q6: CASE/HR | R6: Ave Case per hour | S6: Usage | T6: CASE PER
F7: Mins | H7: % | Q7: Avail Time | S7: lbs/case | T7: DAY
B8: 46083 | C8: 1 | D8: CARIB AMBER | E8: 1380 | F8: =[3]Mar!$N69 -> 297 | G8: 1308 | H8: =(G8)*24/(F8/60)/17000*100 -> 37.304813 | J8: =SUM(88) -> 88 | K8: =(G8)*0.066 -> 86.328 | L8: =J8-K8 -> 1.672 | M8: =[3]Mar!$AD8 -> 154 | N8: 8 | P8: =(J8-K8)/J8*100 -> 1.9 | Q8: =(G8)/(E8/60) -> 56.869565 | S8: ='[4]Daily glue MAR'!$H$2 -> 0.014283537
B9: 46083 | C9: 1 | D9: STAG | F9: =[3]Mar!$N70 -> 976 | G9: 5279 | H9: =(G9)*24/(F9/60)/17000*100 -> 45.815815 | J9: =SUM(88,94,57,60,101.8)-46.7 -> 354.1 | K9: =(G9)*0.066 -> 348.414 | L9: =J9-K9 -> 5.686 | M9: =[3]Mar!$AD9 -> 327 | N9: 1 | P9: =(J9-K9)/J9*100 -> 1.6057611 | Q9: =(G9)/(E8/60) -> 229.52174 | S9: =SUM('[4]Daily glue MAR'!$H$3:$H$4) -> 0.040099105
B10: 46084 | C10: 2 | D10: STAG | E10: 1440 | F10: =[3]Mar!$N71 -> 1338 | G10: 6137 | H10: =(G10)*24/(F10/60)/17000*100 -> 38.852018 | J10: =SUM(46.7,99.2,100.4,104,76,64)-75.3 -> 415 | K10: =(G10)*0.066+(21*0.19) -> 409.032 | L10: =J10-K10 -> 5.968 | M10: =[3]Mar!$AD10 -> 513 | N10: =4.5+2+8 -> 14.5 | O10: 21 | P10: =(J10-K10)/J10*100 -> 1.4380723 | Q10: =(G10)/(E10/60) -> 255.70833 | S10: =SUM('[4]Daily glue MAR'!$H$5,'[4]Daily glue MAR'!$H$7) -> 0.032425381
B11: 46085 | C11: 3 | D11: STAG | E11: 1440 | F11: =[3]Mar!$N72 -> 509 | G11: 2653 | H11: =(G11)*24/(F11/60)/17000*100 -> 44.150237 | J11: =SUM(75.3,101) -> 176.3 | K11: =(G11)*0.066 -> 175.098 | L11: =J11-K11 -> 1.202 | M11: =[3]Mar!$AD11 -> 187 | N11: 4 | P11: =(J11-K11)/J11*100 -> 0.6817924 | Q11: =(G11)/(E11/60) -> 110.54167 | S11: =SUM('[4]Daily glue MAR'!$H$8) -> 0.013019917
B12: 46085 | C12: 3 | D12: CARIB AMBER | F12: =[3]Mar!$N73 -> 751 | G12: 3701 | H12: =(G12)*24/(F12/60)/17000*100 -> 41.743871 | I12: =2*70 -> 140 | J12: =SUM(90,97.8,99)-32.1 -> 254.7 | K12: =(G12)*0.066+(27*0.19) -> 249.396 | L12: =J12-K12 -> 5.304 | M12: =[3]Mar!$AD12 -> 332 | O12: 27 | P12: =(J12-K12)/J12*100 -> 2.0824499 | Q12: =(G12)/(E11/60) -> 154.20833 | S12: =SUM('[4]Daily glue MAR'!$H$9) -> 0.0090400386
B13: 46086 | C13: 4 | D13: CARIB AMBER | E13: 1435 | F13: =[3]Mar!$N74 -> 96 | G13: 481 | H13: =(G13)*24/(F13/60)/17000*100 -> 42.441176 | J13: 32.1 | K13: =(G13)*0.066 -> 31.746 | L13: =J13-K13 -> 0.354 | M13: =[3]Mar!$AD13 -> 19 | N13: 4 | P13: =(J13-K13)/J13*100 -> 1.1028037 | Q13: =(G13)/(E13/60) -> 20.111498 | S13: =SUM('[4]Daily glue MAR'!$H$11) -> 0.013752446
B14: 46086 | C14: 4 | D14: VITA MALT CLASSIC | F14: =[3]Mar!$N75 -> 825 | G14: 3488 | H14: =(G14)*24/(F14/60)/17000*100 -> 35.81262 | J14: =SUM(99,98,75,100)-50-72.9 -> 249.1 | K14: =(G14)*0.0708 -> 246.9504 | L14: =J14-K14 -> 2.1496 | M14: =[3]Mar!$AD14 -> 710 | N14: =10+3 -> 13 | P14: =(J14-K14)/J14*100 -> 0.86294661 | Q14: =(G14)/(E13/60) -> 145.83972 | S14: =SUM('[4]Daily glue MAR'!$H$12,'[4]Daily glue MAR'!$H$13) -> 0.031214123 | T14: =((J14+J15+J16)-(K15+K14+K16))/(J14+J15+J16)*100 -> 0.89903226
B15: 46087 | C15: 5 | D15: VITA MALT CLASSIC | E15: 1260 | F15: =[3]Mar!$N76 -> 366 | G15: 1015 | H15: =(G15)*24/(F15/60)/17000*100 -> 23.490839 | J15: 72.9 | K15: =(G15)*0.0708 -> 71.862 | L15: =J15-K15 -> 1.038 | M15: =[3]Mar!$AD15 -> 194 | N15: 3 | P15: =(J15-K15)/J15*100 -> 1.4238683 | Q15: =(G15)/(E15/60) -> 48.333333 | S15: =SUM('[4]Daily glue MAR'!$H$14) -> 0.029232529
B16: 46087 | C16: 5 | D16: VITA MALT GINGER | F16: =[3]Mar!$N77 -> 163 | G16: 704 | H16: =(G16)*24/(F16/60)/17000*100 -> 36.584626 | J16: 50 | K16: =(G16)*0.0708 -> 49.8432 | L16: =J16-K16 -> 0.1568 | M16: =[3]Mar!$AD16 -> 80 | N16: 1 | P16: =(J16-K16)/J16*100 -> 0.3136 | Q16: =(G16)/(E15/60) -> 33.52381 | S16: =SUM('[4]Daily glue MAR'!$H$15) -> 0.021649723
B17: 46087 | C17: 6 | D17: GUINNESS | F17: =[3]Mar!$N78 -> 512 | G17: 2795 | H17: =(G17)*24/(F17/60)/17000*100 -> 46.240809 | J17: =SUM(90.6,94) -> 184.6 | K17: =(G17)*0.066 -> 184.47 | L17: =J17-K17 -> 0.13 | M17: =[3]Mar!$AD17 -> 229 | N17: 2 | P17: =(J17-K17)/J17*100 -> 0.070422535 | Q17: =(G17)/(E15/60) -> 133.09524 | S17: =SUM('[4]Daily glue MAR'!$H$16) -> 0.0097118574
B18: 46089 | C18: 7 | D18: CARIB AMBER | E18: 970 | F18: =[3]Mar!$N79 -> 621 | G18: 3630 | H18: =(G18)*24/(F18/60)/17000*100 -> 49.514066 | J18: =SUM(93,94.4,89.3,86.5)-89-26 -> 248.2 | K18: =(G18)*0.066 -> 239.58 | L18: =J18-K18 -> 8.62 | M18: =[3]Mar!$AD18 -> 417 | N18: =2+6 -> 8 | P18: =(J18-K18)/J18*100 -> 3.4730056 | Q18: =(G18)/(E18/60) -> 224.53608 | S18: =SUM('[4]Daily glue MAR'!$H$17:$H$18) -> 0.046600172
B19: 46090 | C19: 8 | D19: CARIB AMBER | E19: 1440 | F19: =[3]Mar!$N80 -> 936 | G19: 5423 | H19: =(G19)*24/(F19/60)/17000*100 -> 49.076923 | J19: =SUM(99.5,97.5,89,26,64.5,97.8)-7.8-101.1 -> 365.4 | K19: =(G19)*0.066 -> 357.918 | L19: =J19-K19 -> 7.482 | M19: =[3]Mar!$AD19 -> 682 | N19: =4+1 -> 5 | P19: =(J19-K19)/J19*100 -> 2.047619 | Q19: =(G19)/(E19/60) -> 225.95833 | S19: =SUM('[4]Daily glue MAR'!$H$19:$H$21) -> 0.068556182
B20: 46091 | C20: 9 | D20: CARIB AMBER | E20: 1429 | F20: =[3]Mar!$N81 -> 974 | G20: 5844 | H20: =(G20)*24/(F20/60)/17000*100 -> 50.823529 | J20: =SUM(101.1,7.8,90.5,95.3,93) -> 387.7 | K20: =(G20)*0.066 -> 385.704 | L20: =J20-K20 -> 1.996 | M20: =[3]Mar!$AD20 -> 235 | N20: =5+16 -> 21 | P20: =(J20-K20)/J20*100 -> 0.51483105 | Q20: =(G20)/(E20/60) -> 245.37439 | S20: =SUM('[4]Daily glue MAR'!$H$22:$H$23) -> 0.033044631
B21: 46091 | C21: 9 | D21: CARIBE PERSSECO (LOCAL ) | F21: =[3]Mar!$N82 -> 248 | G21: 1112 | H21: =(G21)*24/(F21/60)/17000*100 -> 37.981025 | J21: =SUM(78.8,76.2)-76 -> 79 | K21: =(G21)*0.066 -> 73.392 | L21: =J21-K21 -> 5.608 | M21: =[3]Mar!$AD21 -> 226 | N21: 1 | P21: =(J21-K21)/J21*100 -> 7.0987342 | Q21: =(G21)/(E20/60) -> 46.689993 | S21: ='[4]Daily glue MAR'!$H$24 -> 0.014531638
B22: 46092 | C22: 10 | D22: CARIBE PERSSECO (LOCAL ) | E22: 1440 | F22: =[3]Mar!$N83 -> 261 | G22: 1118 | H22: =(G22)*24/(F22/60)/17000*100 -> 36.283976 | J22: 76 | K22: =(G22)*0.066 -> 73.788 | L22: =J22-K22 -> 2.212 | M22: =[3]Mar!$AD22 -> 74 | P22: =(J22-K22)/J22*100 -> 2.9105263 | Q22: =(G22)/(E22/60) -> 46.583333 | S22: ='[4]Daily glue MAR'!$H$25 -> 0.024503138
B23: 46092 | C23: 10 | D23: CARIBE ROSE (LOCAL) | F23: =[3]Mar!$N84 -> 462 | G23: 2182 | H23: =(G23)*24/(F23/60)/17000*100 -> 40.006112 | J23: =SUM(78,72) -> 150 | K23: =(G23)*0.066 -> 144.012 | L23: =J23-K23 -> 5.988 | M23: =[3]Mar!$AD23 -> 178 | N23: 11 | P23: =(J23-K23)/J23*100 -> 3.992 | Q23: =(G23)/(E22/60) -> 90.916667 | S23: ='[4]Daily glue MAR'!$H$26 -> 0.037945464
B24: 46092 | C24: 10 | D24: STAG | F24: =[3]Mar!$N85 -> 493 | G24: 3015 | H24: =(G24)*24/(F24/60)/17000*100 -> 51.802887 | J24: =SUM(97.2,81,97.4,94.8)-74-90.5 -> 205.9 | K24: =(G24)*0.066+(19*0.19) -> 202.6 | L24: =J24-K24 -> 3.3 | M24: =[3]Mar!$AD24 -> 272 | O24: 19 | P24: =(J24-K24)/J24*100 -> 1.6027198 | Q24: =(G24)/(E22/60) -> 125.625 | S24: ='[4]Daily glue MAR'!$H$27 -> 0.014992 | T24: =((J25+J24)-(K25+K24))/(J25+J24)*100 -> 1.2998205
B25: 46093 | C25: 11 | D25: STAG | E25: 1428 | F25: =[3]Mar!$N86 -> 811 | G25: 5260 | H25: =(G25)*24/(F25/60)/17000*100 -> 54.93871 | J25: =SUM(86.8,74,99.8,90.5) -> 351.1 | K25: =(G25)*0.066 -> 347.16 | L25: =J25-K25 -> 3.94 | M25: =[3]Mar!$AD25 -> 152 | N25: =6+3 -> 9 | P25: =(J25-K25)/J25*100 -> 1.1221874 | Q25: =(G25)/(E25/60) -> 221.0084 | S25: =SUM('[4]Daily glue MAR'!$H$28:$H$29) -> 0.045389626
B26: 46093 | C26: 11 | D26: STAR MALT | F26: =[3]Mar!$N87 -> 480 | G26: 2548 | H26: =(G26)*24/(F26/60)/17000*100 -> 44.964706 | J26: =SUM(90.6,95.2,91.4)-99.8-7 -> 170.4 | K26: =(G26)*0.066 -> 168.168 | L26: =J26-K26 -> 2.232 | M26: =[3]Mar!$AD26 -> 218 | N26: 3 | P26: =(J26-K26)/J26*100 -> 1.3098592 | Q26: =(G26)/(E25/60) -> 107.05882 | S26: =SUM('[4]Daily glue MAR'!$H$30) -> 0.012930083 | T26: =((J27+J26)-(K27+K26))/(J27+J26)*100 -> 2.2347514
B27: 46094 | C27: 12 | D27: STAR MALT | E27: 1250 | F27: =[3]Mar!$N88 -> 665 | G27: 3232 | H27: =(G27)*24/(F27/60)/17000*100 -> 41.168333 | J27: =SUM(17.8,95.2,99.8,7) -> 219.8 | K27: =(G27)*0.066 -> 213.312 | L27: =J27-K27 -> 6.488 | M27: =[3]Mar!$AD27 -> 244 | N27: =5+2 -> 7 | P27: =(J27-K27)/J27*100 -> 2.9517743 | Q27: =(G27)/(E27/60) -> 155.136 | S27: =SUM('[4]Daily glue MAR'!$H$31) -> 0.011791107
B28: 46094 | C28: 12 | D28: GUINNESS | F28: =[3]Mar!$N89 -> 250 | G28: 1462 | H28: =(G28)*24/(F28/60)/17000*100 -> 49.536 | J28: =SUM(91,92.7)-10.1-77.1 -> 96.5 | K28: =(G28)*0.066 -> 96.492 | L28: =J28-K28 -> 0.008 | M28: =[3]Mar!$AD28 -> 350 | N28: 5 | P28: =(J28-K28)/J28*100 -> 0.0082901554 | Q28: =(G28)/(E27/60) -> 70.176 | S28: =SUM('[4]Daily glue MAR'!$H$33) -> 0.019227086
B29: 46097 | C29: 13 | D29: GUINNESS | E29: 1380 | F29: =[3]Mar!$N90 -> 286 | G29: 1735 | H29: =(G29)*24/(F29/60)/17000*100 -> 51.386261 | J29: =SUM(10.1,77.1,91,89)-77.6-75 -> 114.6 | K29: =(G29)*0.066 -> 114.51 | L29: =J29-K29 -> 0.09 | M29: =[3]Mar!$AD29 -> 1109 | N29: =5+1 -> 6 | P29: =(J29-K29)/J29*100 -> 0.078534031 | Q29: =(G29)/(E29/60) -> 75.434783 | S29: =SUM('[4]Daily glue MAR'!$H$34) -> 0.022578313
B30: 46098 | D30: WASHER BREAKDOWN | F30: =[3]Mar!$N91 -> 0 | H30: =(G30)*24/(F30/60)/17000*100 -> #DIV/0! | K30: =(G30)*0.066 -> 0 | L30: =J30-K30 -> 0 | M30: =[3]Mar!$AD30 -> 1440 | P30: =(J30-K30)/J30*100 -> #DIV/0! | Q30: =(G30)/(E30/60) -> #DIV/0!
B31: 46099 | C31: 14 | D31: GUINNESS | E31: 1440 | F31: =[3]Mar!$N92 -> 427 | G31: 2353 | H31: =(G31)*24/(F31/60)/17000*100 -> 46.677504 | J31: =SUM(77.6,75,3) -> 155.6 | K31: =(G31)*0.066 -> 155.298 | L31: =J31-K31 -> 0.302 | M31: =[3]Mar!$AD31 -> 605 | N31: =2+2 -> 4 | P31: =(J31-K31)/J31*100 -> 0.1940874 | Q31: =(G31)/(E31/60) -> 98.041667
B32: 46099 | C32: 14 | D32: CARIB AMBER | F32: =[3]Mar!$N93 -> 435 | G32: 3171 | H32: =(G32)*24/(F32/60)/17000*100 -> 61.747667 | J32: =SUM(77,99,88.5,99)-70.5-79 -> 214 | K32: =(G32)*0.066 -> 209.286 | L32: =J32-K32 -> 4.714 | M32: =[3]Mar!$AD32 -> 133 | N32: 6 | O32: =61+39 -> 100 | P32: =(J32-K32)/J32*100 -> 2.2028037 | Q32: =(G32)/(E31/60) -> 132.125 | S32: ='[4]Daily glue MAR'!$H$42 -> 0.015865222
B33: 46100 | C33: 15 | D33: CARIB AMBER | E33: 1430 | F33: =[3]Mar!$N94 -> 938 | G33: 7581 | H33: =(G33)*24/(F33/60)/17000*100 -> 68.460053 | J33: =SUM(81,70.5,79,93.5,95.7,98.4,95.8,94,91.6)-61.3 -> 738.2 | K33: =(G33+G34+G35)*0.066 -> 726.528 | L33: =J33-K33 -> 11.672 | M33: =[3]Mar!$AD33 -> 129 | N33: =8+2+2 -> 12 | P33: =(J33-K33)/J33*100 -> 1.5811433 | Q33: =(G33)/(E33/60) -> 318.08392 | S33: =SUM('[4]Daily glue MAR'!$H$43) -> 0.011107745
B34: 46100 | C34: 15 | D34: CARIB FLINT (LOC) | F34: =[3]Mar!$N95 -> 190 | G34: 1529 | H34: =(G34)*24/(F34/60)/17000*100 -> 68.165944 | M34: =[3]Mar!$AD34 -> 58 | Q34: =(G34)/(E33/60) -> 64.153846 | S34: =SUM('[4]Daily glue MAR'!$H$45) -> 0.021760929
B35: 46100 | C35: 15 | D35: CARIB AMBER | F35: =[3]Mar!$N96 -> 221 | G35: 1898 | H35: =(G35)*24/(F35/60)/17000*100 -> 72.747405 | M35: =[3]Mar!$AD35 -> 53 | Q35: =(G35)/(E33/60) -> 79.636364
B36: 46101 | C36: 16 | D36: CARIB AMBER | E36: 1250 | F36: =[3]Mar!$N97 -> 696 | G36: 5065 | H36: =(G36)*24/(F36/60)/17000*100 -> 61.643002 | J36: =SUM(61.3,85.2,73.7,74,43.5) -> 337.7 | K36: =(G36)*0.066 -> 334.29 | L36: =J36-K36 -> 3.41 | M36: =[3]Mar!$AD36 -> 160 | N36: =4+3 -> 7 | P36: =(J36-K36)/J36*100 -> 1.009772 | Q36: =(G36)/(E36/60) -> 243.12 | S36: =SUM('[4]Daily glue MAR'!$H$46:$H$47) -> 0.046303006
B37: 46101 | C37: 16 | D37: STAG | F37: =[3]Mar!$N98 -> 322 | G37: 2325 | H37: =(G37)*24/(F37/60)/17000*100 -> 61.161856 | I37: =350+48 -> 398 | J37: =SUM(72,76,28.6)-20.8 -> 155.8 | K37: =(G37)*0.066 -> 153.45 | L37: =J37-K37 -> 2.35 | M37: =[3]Mar!$AD37 -> 163 | N37: 11 | P37: =(J37-K37)/J37*100 -> 1.508344 | Q37: =(G37)/(E36/60) -> 111.6 | S37: =SUM('[4]Daily glue MAR'!$H$48) -> 0.026426269
B38: 46104 | C38: 17 | D38: STAG | E38: 1380 | F38: =[3]Mar!$N99 -> 533 | G38: 4172 | H38: =(G38)*24/(F38/60)/17000*100 -> 66.302616 | J38: =SUM(96.3,86.3,103) -> 285.6 | K38: =(G38)*0.066+(20*0.19) -> 279.152 | L38: =J38-K38 -> 6.448 | M38: =[3]Mar!$AD38 -> 127 | N38: =7+3 -> 10 | O38: 20 | P38: =(J38-K38)/J38*100 -> 2.2577031 | Q38: =(G38)/(E38/60) -> 181.3913 | S38: =SUM('[4]Daily glue MAR'!$H$49) -> 0.024631966
B39: 46104 | C39: 17 | D39: CARIB AMBER | F39: =[3]Mar!$N100 -> 378 | G39: 2915 | H39: =(G39)*24/(F39/60)/17000*100 -> 65.322129 | J39: =SUM(94,89.6,96,96)-14 -> 361.6 | K39: =(G39+G40)*0.066+(79*0.19) -> 352.732 | L39: =J39-K39 -> 8.868 | M39: =[3]Mar!$AD39 -> 72 | N39: 15 | O39: 79 | P39: =(J39-K39)/J39*100 -> 2.4524336 | Q39: =(G39)/(E38/60) -> 126.73913
B40: 46104 | C40: 17 | D40: CARIB FLINT (LOC) | F40: =[3]Mar!$N101 -> 312 | G40: 2202 | H40: =(G40)*24/(F40/60)/17000*100 -> 59.782805 | M40: =[3]Mar!$AD40 -> 74 | N40: 5 | Q40: =(G40)/(E38/60) -> 95.73913
B41: 46105 | C41: 18 | D41: SHANDY CARIB GINGER (EXPORT) | E41: 1440 | F41: =[3]Mar!$N102 -> 243 | G41: 230 | H41: =(G41+G42)*24/(F41/60)/17000*100 -> 49.010893 | J41: =SUM(96.5) -> 96.5 | K41: =(G41+G42)*0.066 -> 92.796 | L41: =J41-K41 -> 3.704 | M41: =[3]Mar!$AD41 -> 356 | N41: 10 | P41: =(J41-K41)/J41*100 -> 3.838342 | Q41: =(G41)/(E41/60) -> 9.5833333 | S41: =SUM('[4]Daily glue MAR'!$H$52:$H$53) -> 0.049230065
B42: 46105 | C42: 18 | D42: SHANDY CARIB GINGER LOCAL | G42: 1176 | Q42: =(G42)/(E41/60) -> 49
B43: 46105 | C43: 18 | D43: STAR MALT | F43: =[3]Mar!$N103 -> 617 | G43: 4537 | H43: =(G43)*24/(F43/60)/17000*100 -> 62.286967 | J43: =SUM(98.5,96,103.1,105.5)-94.4 -> 308.7 | K43: =(G43)*0.066 -> 299.442 | L43: =J43-K43 -> 9.258 | M43: =[3]Mar!$AD42 -> 370 | N43: 6 | P43: =(J43-K43)/J43*100 -> 2.9990282 | Q43: =(G43)/(E41/60) -> 189.04167 | S43: =SUM('[4]Daily glue MAR'!$H$54) -> 0.022309524
B44: 46106 | C44: 19 | D44: STAR MALT | E44: 1440 | F44: =[3]Mar!$N104 -> 382 | G44: 2779 | H44: =(G44)*24/(F44/60)/17000*100 -> 61.622421 | J44: =SUM(92,94.4) -> 186.4 | K44: =(G44)*0.066 -> 183.414 | L44: =J44-K44 -> 2.986 | M44: =[3]Mar!$AD43 -> 142 | N44: 9 | P44: =(J44-K44)/J44*100 -> 1.6019313 | Q44: =(G44)/(E44/60) -> 115.79167 | S44: ='[4]Daily glue MAR'!$H$55 -> 0.013623586
B45: 46106 | C45: 19 | D45: CLUB SODA | F45: =[3]Mar!$N105 -> 30 | G45: 146 | H45: =(G45)*24/(F45/60)/17000*100 -> 41.223529 | J45: =K45 -> 9.636 | K45: =(G45)*0.066 -> 9.636 | L45: =J45-K45 -> 0 | M45: =[3]Mar!$AD44 -> 200 | P45: =(J45-K45)/J45*100 -> 0 | Q45: =(G45)/(E44/60) -> 6.0833333 | S45: ='[4]Daily glue MAR'!$H$57 -> 0.015774411
B46: 46106 | C46: 19 | D46: KOLA CHAMPAGNE (EXPORT) | F46: =[3]Mar!$N106 -> 191 | G46: 642 | H46: =(G46)*24/(F46/60)/17000*100 -> 28.47182 | J46: =(700)*0.066 -> 46.2 | K46: =(G46)*0.066 -> 42.372 | L46: =J46-K46 -> 3.828 | M46: =[3]Mar!$AD45 -> 73 | N46: 12 | P46: =(J46-K46)/J46*100 -> 8.2857143 | Q46: =(G46)/(E44/60) -> 26.75
B47: 46106 | C47: 19 | D47: CREAM SODA (EXPORT) | F47: =[3]Mar!$N107 -> 466 | G47: 1369 | H47: =(G47)*24/(F47/60)/17000*100 -> 24.884625 | J47: =(1400)*0.066 -> 92.4 | K47: =(G47)*0.066 -> 90.354 | L47: =J47-K47 -> 2.046 | M47: =[3]Mar!$AD46 -> 359 | N47: 2 | P47: =(J47-K47)/J47*100 -> 2.2142857 | Q47: =(G47)/(E44/60) -> 57.041667
B48: 46107 | C48: 20 | D48: BANANA (EXPORT) | E48: 1440 | F48: =[3]Mar!$N108 -> 314 | G48: 1337 | H48: =(G48)*24/(F48/60)/17000*100 -> 36.067441 | J48: =(1400)*0.066 -> 92.4 | K48: =(G48)*0.066 -> 88.242 | L48: =J48-K48 -> 4.158 | M48: =[3]Mar!$AD47 -> 360 | N48: 3 | P48: =(J48-K48)/J48*100 -> 4.5 | Q48: =(G48)/(E48/60) -> 55.708333 | S48: ='[4]Daily glue MAR'!$H$58 -> 0.023523013
B49: 46107 | C49: 20 | D49: GINGER (EXPORT) | F49: =[3]Mar!$N109 -> 264 | G49: 1453 | H49: =(G49)*24/(F49/60)/17000*100 -> 46.620321 | J49: =(1400)*0.066 -> 92.4 | K49: =(G49)*0.066 -> 95.898 | L49: =J49-K49 -> -3.498 | M49: =[3]Mar!$AD48 -> 107 | P49: =(J49-K49)/J49*100 -> -3.7857143 | Q49: =(G49)/(E48/60) -> 60.541667
B50: 46107 | C50: 20 | D50: GRAPE (EXPORT) | F50: =[3]Mar!$N110 -> 266 | G50: 1369 | H50: =(G50)*24/(F50/60)/17000*100 -> 43.59487 | J50: =(1400)*0.066 -> 92.4 | K50: =(G50)*0.066 -> 90.354 | L50: =J50-K50 -> 2.046 | M50: =[3]Mar!$AD49 -> 97 | P50: =(J50-K50)/J50*100 -> 2.2142857 | Q50: =(G50)/(E48/60) -> 57.041667
B51: 46107 | C51: 20 | D51: JUICY COOL SORREL (EXPORT) | F51: =[3]Mar!$N111 -> 178 | G51: 959 | H51: =(G51)*24/(F51/60)/17000*100 -> 45.636484 | J51: =(960)*0.066 -> 63.36 | K51: =(G51)*0.066 -> 63.294 | L51: =J51-K51 -> 0.066 | M51: =[3]Mar!$AD50 -> 109 | P51: =(J51-K51)/J51*100 -> 0.10416667 | Q51: =(G51)/(E48/60) -> 39.958333
B52: 46108 | C52: 21 | D52: JUICY COOL SORREL (EXPORT) | E52: 1255 | F52: =[3]Mar!$N112 -> 78 | G52: 331 | H52: =(G52)*24/(F52/60)/17000*100 -> 35.945701 | J52: =(340)*0.066 -> 22.44 | K52: =(G52)*0.066 -> 21.846 | L52: =J52-K52 -> 0.594 | M52: =[3]Mar!$AD51 -> 79 | N52: 13 | P52: =(J52-K52)/J52*100 -> 2.6470588 | Q52: =(G52)/(E52/60) -> 15.824701 | S52: =SUM('[4]Daily glue MAR'!$H$61) -> 0.014814229
B53: 46108 | C53: 21 | D53: STAG | F53: =[3]Mar!$N113 -> 830 | G53: 5696 | H53: =(G53)*24/(F53/60)/17000*100 -> 58.130687 | I53: 10 | J53: =SUM(92.12,97.2,94.7,96.4) -> 380.42 | K53: =(G53)*0.066 -> 375.936 | L53: =J53-K53 -> 4.484 | M53: =[3]Mar!$AD52 -> 311 | N53: =12+6+3 -> 21 | O53: 22 | P53: =(J53-K53)/J53*100 -> 1.1786972 | Q53: =(G53)/(E52/60) -> 272.31873 | S53: =SUM('[4]Daily glue MAR'!$H$62:$H$63) -> 0.038919925
B54: 46111 | C54: 22 | D54: CARIB AMBER | E54: 1380 | F54: =[3]Mar!$N114 -> 919 | G54: 6785 | H54: =(G54)*24/(F54/60)/17000*100 -> 62.538565 | J54: =SUM(94,90,100,87.1,97,92.3)-43.7-62.5 -> 454.2 | K54: =(G54)*0.066 -> 447.81 | L54: =J54-K54 -> 6.39 | M54: =[3]Mar!$AD53 -> 571 | N54: =4+15 -> 19 | P54: =(J54-K54)/J54*100 -> 1.4068692 | Q54: =(G54)/(E54/60) -> 295 | S54: =SUM('[4]Daily glue MAR'!$H$65) -> 0.018620827
B55: 46112 | C55: 23 | D55: CARIB AMBER | E55: 1440 | F55: =[3]Mar!$N115 -> 232 | G55: 1596 | H55: =(G55)*24/(F55/60)/17000*100 -> 58.271805 | J55: =SUM(43.7,62.5,97,90.4) -> 293.6 | K55: =(G55+G56+G57)*0.066 -> 288.618 | L55: =J55-K55 -> 4.982 | M55: =[3]Mar!$AD54 -> 73 | N55: 2 | P55: =(J55-K55)/J55*100 -> 1.6968665 | Q55: =(G55)/(E55/60) -> 66.5 | S55: =SUM('[4]Daily glue MAR'!$H$67) -> 0.020007117
B56: 46112 | C56: 23 | D56: CARIB FLINT (LOC) | F56: =[3]Mar!$N116 -> 145 | G56: 816 | H56: =(G56)*24/(F56/60)/17000*100 -> 47.668966 | L56: =J56-K56 -> 0 | M56: =[3]Mar!$AD55 -> 48 | N56: 1 | Q56: =(G56)/(E55/60) -> 34 | S56: =SUM('[4]Daily glue MAR'!$H$67) -> 0.020007117
B57: 46112 | C57: 23 | D57: CARIB AMBER | F57: =[3]Mar!$N117 -> 338 | G57: 1961 | H57: =(G57)*24/(F57/60)/17000*100 -> 49.144448 | L57: =J57-K57 -> 0 | M57: =[3]Mar!$AD56 -> 185 | N57: 10 | Q57: =(G57)/(E55/60) -> 81.708333
B58: 46112 | C58: 23 | D58: VITA MALT (CLASSIC | F58: =[3]Mar!$N118 -> 346 | G58: 2239 | H58: =(G58)*24/(F58/60)/17000*100 -> 54.814009 | J58: =SUM(86.3,100,100,98.5)-80.7-50-95.2 -> 158.9 | K58: =(G58)*0.0708 -> 158.5212 | L58: =J58-K58 -> 0.3788 | M58: =[3]Mar!$AD57 -> 276 | N58: 0 | P58: =(J58-K58)/J58*100 -> 0.23838892 | Q58: =(G58)/(E55/60) -> 93.291667 | S58: ='[4]Daily glue MAR'!$H$69 -> 0.012248366
H59: =(G59)*24/(F59/60)/17000*100 -> #DIV/0! | K59: =(G59)*0.066 -> 0 | L59: =J59-K59 -> 0 | P59: =(J59-K59)/J59*100 -> #DIV/0! | Q59: =(G59)/(E58/60) -> #DIV/0!
H60: =(G60)*24/(F60/60)/17000*100 -> #DIV/0! | K60: =(G60)*0.066 -> 0 | L60: =J60-K60 -> 0 | P60: =(J60-K60)/J60*100 -> #DIV/0! | Q60: =(G60)/(E59/60) -> #DIV/0!
H61: =(G61)*24/(F61/60)/17000*100 -> #DIV/0! | K61: =(G61)*0.066 -> 0 | L61: =J61-K61 -> 0 | P61: =(J61-K61)/J61*100 -> #DIV/0! | Q61: =(G61)/(F61/60) -> #DIV/0!
E62: =SUM(E8:E61) -> 30187 | F62: =SUM(F8:F61) -> 22611 | G62: =SUM(G8:G59) -> 132754 | H62: =(G62)*24/(F62/60)/17000*100 -> 49.732629 | I62: =SUM(I8:I61) -> 548 | J62: =SUM(J8:J61) -> 8979.856 | K62: =SUM(K8:K61) -> 8829.0448 | L62: =J62-K62 -> 150.8112 | M62: =SUM(M8:M61) -> 13632 | N62: =SUM(N8:N61) -> 304.5 | O62: =SUM(O8:O61) -> 288 | P62: =(J62-K62)/J62 -> 0.01679439 | Q62: =(G62)/(E62/60) -> 263.86325 | R62: =(G62+January_2026!G65+February_2026!G63)/((E62+January_2026!E65+February_2026!E63)/60) -> 244.29681 | T62: =AVERAGE(G8:G61) -> 2655.08
N63: KEGS
K64: Produced | L64: =G62+O64 -> 133546 | N64: TOTAL CASES | O64: =O62*2.75 -> 792

Sheet April_2026 
B1: GRENADA BREWERIES LIMITED
B3: PRODUCTION DEPARTMENT
B4: 46113
B5: DATE | C5: DAY | D5: PRODUCT | E5: AVAIL. | F5: FILL | G5: CASES | H5: Line Rated | I5: Cases on Hold | J5: BBT | K5: BOTTLED | L5: Diff BBT Hls vs Hls in Package | M5: DOWNTIME (Mins) | N5: REJECTS (Cases) | O5: KEGS | P5: BOTTLED | Q5: AVERAGE | R5: YTD | S5: Glue | T5: AVG
E6: TIME | F6: TIME | G6: BOTTLED | H6: Efficiency | J6: HLS | K6: HLS | P6: LOSS | Q6: CASE/HR | R6: Ave Case per hour | S6: Usage | T6: CASE PER
F7: Mins | H7: % | S7: lbs/case | T7: DAY
B8: 46113 | C8: 1 | D8: VITAMALT CLASSIC | E8: 1440 | F8: =[3]Apr!$P62 -> 324 | G8: 2482 | H8: =(G8)*24/(F8/60)/17000*100 -> 64.888889 | J8: =SUM(80.7,95.2) -> 175.9 | K8: =(G8)*0.0708 -> 175.7256 | L8: =J8-K8 -> 0.1744 | M8: =[3]Apr!AD8 -> 50 | P8: =(J8-K8)/J8*100 -> 0.099147243 | Q8: =(G8)/(E8/60) -> 103.41667 | S8: ='[4]Daily glue APR'!$H$2 -> 0.013222013
B9: 46113 | C9: 1 | D9: VITAMALT GINGER | F9: =[3]Apr!$P63 -> 116 | G9: 693 | H9: =(G9)*24/(F9/60)/17000*100 -> 50.604462 | J9: 50 | K9: =(G9)*0.0708 -> 49.0644 | L9: =J9-K9 -> 0.9356 | M9: =[3]Apr!AD9 -> 27 | P9: =(J9-K9)/J9*100 -> 1.8712 | Q9: =(G9)/(E8/60) -> 28.875
B10: 46113 | C10: 1 | D10: PEARSECCO | F10: =[3]Apr!$P64 -> 0 | G10: 0 | H10: =(G10)*24/(F10/60)/17000*100 -> #DIV/0! | K10: =(G10)*0.066 -> 0 | L10: =J10-K10 -> 0 | M10: =[3]Apr!AD10 -> 974 | P10: =(J10-K10)/J10*100 -> #DIV/0! | Q10: =(G10)/(E10/60) -> #DIV/0!
B11: 46114 | C11: 2 | D11: PEARSECCO | E11: 1440 | F11: =[3]Apr!$P65 -> 180 | G11: 166 | H11: =(G11)*24/(F11/60)/17000*100 -> 7.8117647 | J11: =SUM(92)-80.5 -> 11.5 | K11: =(G11)*0.066 -> 10.956 | L11: =J11-K11 -> 0.544 | M11: =[3]Apr!AD11 -> 690 | N11: 14 | P11: =(J11-K11)/J11*100 -> 4.7304348 | Q11: =(G11)/(E11/60) -> 6.9166667 | S11: =SUM('[4]Daily glue APR'!$H$6) -> 0.04685
B12: 46114 | C12: 2 | D12: CARIB AMBER | F12: =[3]Apr!$P66 -> 550 | G12: 2702 | H12: =(G12)*24/(F12/60)/17000*100 -> 41.61369 | I12: 3 | J12: =SUM(94,92,91)-82 -> 195 | K12: =(G12)*0.066+(75*0.19) -> 192.582 | L12: =J12-K12 -> 2.418 | M12: =[3]Apr!AD12 -> 339 | N12: =3+11 -> 14 | O12: 75 | P12: =(J12-K12)/J12*100 -> 1.24 | Q12: =(G12)/(E11/60) -> 112.58333 | S12: =SUM('[4]Daily glue APR'!$H$7) -> 0.017084684
B13: 46119 | C13: 3 | D13: PEARSECCO | E13: 1380 | F13: =[3]Apr!$P67 -> 517 | G13: 1078 | H13: =(G13)*24/(F13/60)/17000*100 -> 17.662078 | I13: =1075+3 -> 1078 | J13: 76 | K13: =(G13)*0.066 -> 71.148 | L13: =J13-K13 -> 4.852 | M13: =[3]Apr!AD13 -> 1047 | N13: 37 | P13: =(J13-K13)/J13*100 -> 6.3842105 | Q13: =(G13)/(E13/60) -> 46.869565 | S13: ='[4]Daily glue APR'!$H$10 -> 0.017384045
B14: 46119 | C14: 3 | D14: CARIB AMBER | F14: =[3]Apr!$P68 -> 10 | G14: 0 | H14: =(G14)*24/(F14/60)/17000*100 -> 0 | K14: =(G14)*0.066 -> 0 | L14: =J14-K14 -> 0 | M14: =[3]Apr!AD14 -> 223 | O14: 43 | P14: =(J14-K14)/J14*100 -> #DIV/0! | Q14: =(G14)/(E14/60) -> #DIV/0!
B15: 46120 | C15: 4 | D15: CARIB AMBER | E15: 1440 | F15: =[3]Apr!$P69 -> 1158 | G15: 8044 | H15: =(G15)*24/(F15/60)/17000*100 -> 58.840597 | J15: =SUM(82,95.4,97,100.3,85.43,92)-14 -> 538.13 | K15: =(G15)*0.066 -> 530.904 | L15: =J15-K15 -> 7.226 | M15: =[3]Apr!AD15 -> 281 | N15: =42+12+5 -> 59 | P15: =(J15-K15)/J15*100 -> 1.3427982 | Q15: =(G15)/(E15/60) -> 335.16667 | S15: =SUM('[4]Daily glue APR'!$H$11:$H$12) -> 0.045436648
B16: 46120 | C16: 4 | D16: STAG | F16: =[3]Apr!$P70 -> 177 | G16: 1089 | H16: =(G16)*24/(F16/60)/17000*100 -> 52.115653 | J16: =SUM(89.8,96.5)-11.2-102 -> 73.1 | K16: =(G16)*0.066 -> 71.874 | L16: =J16-K16 -> 1.226 | M16: =[3]Apr!AD16 -> 110 | N16: 0 | P16: =(J16-K16)/J16*100 -> 1.6771546 | Q16: =(G16)/(E15/60) -> 45.375 | S16: =SUM('[4]Daily glue APR'!$H$13) -> 0.02232588
B17: 38451 | C17: 5 | D17: STAG | E17: 1440 | F17: =[3]Apr!$P71 -> 1399 | G17: 9870 | H17: =(G17)*24/(F17/60)/17000*100 -> 59.760333 | J17: =SUM(69,99.4,11.2,102,90.3,99.5,90,99.9) -> 661.3 | K17: =(G17)*0.066 -> 651.42 | L17: =J17-K17 -> 9.88 | M17: =[3]Apr!AD17 -> 264 | N17: =9+8 -> 17 | P17: =(J17-K17)/J17*100 -> 1.4940269 | Q17: =(G17)/(E17/60) -> 411.25 | S17: =SUM('[4]Daily glue APR'!$H$14,'[4]Daily glue APR'!$H$16) -> 0.042004425
B18: 46122 | C18: 6 | D18: CARIB AMBER | E18: 1260 | F18: =[3]Apr!$P72 -> 1009 | G18: 6477 | H18: =(G18)*24/(F18/60)/17000*100 -> 54.374628 | J18: =SUM(90,97.1,92.5,95,85)-14-11 -> 434.6 | K18: =(G18)*0.066 -> 427.482 | L18: =J18-K18 -> 7.118 | M18: =[3]Apr!AD18 -> 367 | N18: =19+11+4 -> 34 | P18: =(J18-K18)/J18*100 -> 1.6378279 | Q18: =(G18)/(E18/60) -> 308.42857 | S18: =SUM('[4]Daily glue APR'!$H$17,'[4]Daily glue APR'!$H$19) -> 0.047319579
B19: 46125 | C19: 7 | D19: CARIBE ROSE' | E19: 1380 | F19: =[3]Apr!$P73 -> 555 | G19: 2504 | H19: =(G19)*24/(F19/60)/17000*100 -> 38.216852 | J19: =SUM(87,87) -> 174 | K19: =(G19)*0.066 -> 165.264 | L19: =J19-K19 -> 8.736 | M19: =[3]Apr!AD19 -> 324 | N19: 5 | P19: =(J19-K19)/J19*100 -> 5.0206897 | Q19: =(G19)/(E19/60) -> 108.86957 | S19: =SUM('[4]Daily glue APR'!$H$20:$H$21) -> 0.072694995
B20: 46125 | C20: 7 | D20: CARIB AMBER | F20: =[3]Apr!$P74 -> 600 | G20: 3830 | H20: =(G20)*24/(F20/60)/17000*100 -> 54.070588 | J20: =SUM(103.8,91.4,93,97.9)-14-21-92.5 -> 258.6 | K20: =(G20)*0.066 -> 252.78 | L20: =J20-K20 -> 5.82 | M20: =[3]Apr!AD20 -> 245 | N20: =3+2 -> 5 | P20: =(J20-K20)/J20*100 -> 2.25058 | Q20: =(G20)/(E19/60) -> 166.52174
B21: 46126 | C21: 8 | D21: CARIB AMBER | E21: 1440 | F21: =[3]Apr!$P75 -> 477 | G21: 2898 | H21: =(G21)*24/(F21/60)/17000*100 -> 51.462819 | J21: =SUM(95.4,21,92.5)-14 -> 194.9 | K21: =(G21)*0.066 -> 191.268 | L21: =J21-K21 -> 3.632 | M21: =[3]Apr!AD21 -> 141 | N21: =3+4 -> 7 | P21: =(J21-K21)/J21*100 -> 1.8635198 | Q21: =(G21)/(E21/60) -> 120.75 | S21: ='[4]Daily glue APR'!$H23 -> 0.022402869
B22: 46126 | C22: 8 | D22: SHANDY LIME ( LOC ) | F22: =[3]Apr!$P76 -> 367 | G22: 1761 | H22: =(G22)*24/(F22/60)/17000*100 -> 40.644975 | J22: =SUM(96,102) -> 198 | K22: =(G22+G23)*0.066 -> 190.938 | L22: =J22-K22 -> 7.062 | M22: =[3]Apr!AD22 -> 170 | P22: =(J22-K22)/J22*100 -> 3.5666667 | Q22: =(G22)/(E21/60) -> 73.375 | S22: ='[4]Daily glue APR'!$H24 -> 0.021436197
B23: 46126 | C23: 8 | D23: SHANDY LIME( EXP) | F23: =[3]Apr!$P77 -> 455 | G23: 1132 | H23: =(G23)*24/(F23/60)/17000*100 -> 21.074079 | L23: =J23-K23 -> 0 | M23: =[3]Apr!AD23 -> 312 | Q23: =(G23)/(E21/60) -> 47.166667 | S23: ='[4]Daily glue APR'!$H25 -> 0.03966604
B24: 46126 | C24: 8 | D24: SHANDY SORREL(EXP | F24: =[3]Apr!$P78 -> 30 | G24: 242 | H24: =(G24)*24/(F24/60)/17000*100 -> 68.329412 | J24: =SUM(89.5,93)-81-85.5 -> 16 | K24: =(G24)*0.066 -> 15.972 | L24: =J24-K24 -> 0.028 | M24: =[3]Apr!AD24 -> 30 | N24: 2 | P24: =(J24-K24)/J24*100 -> 0.175 | Q24: =(G24)/(E21/60) -> 10.083333 | S24: ='[4]Daily glue APR'!$H26 -> 0.039896594
B25: 46127 | C25: 9 | D25: SHANDY SORREL(EXP | E25: 1435 | F25: =[3]Apr!$P79 -> 114 | G25: 700 | H25: =(G25)*24/(F25/60)/17000*100 -> 52.012384 | J25: =SUM(81,85.5) -> 166.5 | K25: =(G25+G26)*0.066 -> 164.01 | L25: =J25-K25 -> 2.49 | M25: =[3]Apr!AD25 -> 38 | N25: 2 | P25: =(J25-K25)/J25*100 -> 1.4954955 | Q25: =(G25)/(E25/60) -> 29.268293 | S25: ='[4]Daily glue APR'!$H$27 -> 0.026112401
B26: 46127 | C26: 9 | D26: SHANDY SOREL (LOC) | F26: =[3]Apr!$P80 -> 323 | G26: 1785 | H26: =(G26)*24/(F26/60)/17000*100 -> 46.811146 | L26: =J26-K26 -> 0 | M26: =[3]Apr!AD26 -> 104 | Q26: =(G26)/(E25/60) -> 74.634146 | S26: ='[4]Daily glue APR'!$H$26 -> 0.039896594
B27: 46127 | C27: 9 | D27: STAG | F27: =[3]Apr!$P81 -> 845 | G27: 4936 | H27: =(G27)*24/(F27/60)/17000*100 -> 49.480265 | J27: =SUM(99,90,95,90)-34 -> 340 | K27: =(G27)*0.066+(35*0.19) -> 332.426 | L27: =J27-K27 -> 7.574 | M27: =[3]Apr!AD27 -> 314 | N27: 2 | O27: 35 | P27: =(J27-K27)/J27*100 -> 2.2276471 | Q27: =(G27)/(E25/60) -> 206.38328 | S27: ='[4]Daily glue APR'!$H$28 -> 0.029212783
B28: 46128 | C28: 10 | D28: STAG | E28: 1432 | F28: =[3]Apr!$P82 -> 509 | G28: 3351 | H28: =(G28)*24/(F28/60)/17000*100 -> 55.766093 | J28: =SUM(97.4,92.8,34) -> 224.2 | K28: =(G28)*0.066 -> 221.166 | L28: =J28-K28 -> 3.034 | M28: =[3]Apr!AD28 -> 173 | N28: 23 | P28: =(J28-K28)/J28*100 -> 1.353256 | Q28: =(G28)/(E28/60) -> 140.40503 | S28: ='[4]Daily glue APR'!$H$30 -> 0.022424521
B29: 46128 | C29: 10 | D29: CARIB AMBER | F29: =[3]Apr!$P83 -> 840 | G29: 6081 | H29: =(G29)*24/(F29/60)/17000*100 -> 61.321008 | I29: 21 | J29: =SUM(88,90,91,95.4,100.9,105.2)-80.5-82 -> 408 | K29: =(G29)*0.066 -> 401.346 | L29: =J29-K29 -> 6.654 | M29: =[3]Apr!AD29 -> 137 | N29: =1+2 -> 3 | P29: =(J29-K29)/J29*100 -> 1.6308824 | Q29: =(G29)/(E28/60) -> 254.7905 | S29: ='[4]Daily glue APR'!$H$31 -> 0.023917417
B30: 46129 | C30: 11 | D30: CARIB AMBER | E30: 1198 | F30: =[3]Apr!$P84 -> 355 | G30: 2420 | H30: =(G30)*24/(F30/60)/17000*100 -> 57.743165 | J30: =SUM(80.5,82) -> 162.5 | K30: =(G30)*0.066 -> 159.72 | L30: =J30-K30 -> 2.78 | M30: =[3]Apr!AD30 -> 142 | N30: 11 | P30: =(J30-K30)/J30*100 -> 1.7107692 | Q30: =(G30)/(E30/60) -> 121.202 | S30: ='[4]Daily glue APR'!$H$32 -> 0.021775116
B31: 46129 | C31: 11 | D31: GINSENG APPLE | F31: =[3]Apr!$P85 -> 517 | G31: 2589 | H31: =(G31)*24/(F31/60)/17000*100 -> 42.418478 | J31: =SUM(99.2,106)-30.6 -> 174.6 | K31: =(G31)*0.066 -> 170.874 | L31: =J31-K31 -> 3.726 | M31: =[3]Apr!AD31 -> 414 | N31: 1 | P31: =(J31-K31)/J31*100 -> 2.1340206 | Q31: =(G31)/(E30/60) -> 129.66611 | S31: ='[4]Daily glue APR'!$H$34 -> 0.031851051
B32: 46132 | C32: 12 | D32: GINSENG APPLE (medium) | E32: 1380 | F32: =[3]Apr!$P86 -> 495 | G32: 2693 | H32: =(G32+F33)*24/(F32/60)/17000*100 -> 50.207487 | I32: 239 | J32: =SUM(30.6,50.5,99) -> 180.1 | K32: =(G32)*0.066 -> 177.738 | L32: =J32-K32 -> 2.362 | M32: =[3]Apr!AD32 -> 522 | N32: 5 | P32: =(J32-K32)/J32*100 -> 1.3114936 | Q32: =(G32)/(E32/60) -> 117.08696 | S32: ='[4]Daily glue APR'!$H35 -> 0.054057692
B33: 46132 | C33: 12 | D33: GINSENG APPLE (SHORT) | F33: =[3]Apr!$P87 -> 241 | L33: =J33-K33 -> 0 | M33: =[3]Apr!AD33 -> 58 | S33: ='[4]Daily glue APR'!$H36 -> 0.022352099
B34: 46132 | C34: 12 | D34: CARIB AMBER | F34: =[3]Apr!$P88 -> 213 | G34: 1192 | H34: =(G34)*24/(F34/60)/17000*100 -> 47.40348 | J34: =SUM(94.8,95.2)-21-90.2 -> 78.8 | K34: =(G34)*0.066 -> 78.672 | L34: =J34-K34 -> 0.128 | M34: =[3]Apr!AD34 -> 216 | N34: 4 | P34: =(J34-K34)/J34*100 -> 0.16243655 | Q34: =(G34)/(E32/60) -> 51.826087 | S34: ='[4]Daily glue APR'!$H37 -> 0.0085130224
B35: 46133 | C35: 13 | D35: CARIB AMBER | E35: 1435 | F35: =[3]Apr!$P89 -> 726 | G35: 4590 | H35: =(G35)*24/(F35/60)/17000*100 -> 53.553719 | I35: 5.2 | J35: =SUM(21,94.6,90.2,100) -> 305.8 | K35: =(G35)*0.066 -> 302.94 | L35: =J35-K35 -> 2.86 | M35: =[3]Apr!AD35 -> 207 | N35: =8+5 -> 13 | P35: =(J35-K35)/J35*100 -> 0.9352518 | Q35: =(G35)/(E35/60) -> 191.91638 | S35: ='[4]Daily glue APR'!$H$38 -> 0.034119254
B36: 46133 | C36: 13 | D36: STAG | F36: =[3]Apr!$P90 -> 667 | G36: 3311 | H36: =(G36)*24/(F36/60)/17000*100 -> 42.048152 | J36: =SUM(95.2,97,96,84.8)-65.2-86.3 -> 221.5 | K36: =(G36)*0.066 -> 218.526 | L36: =J36-K36 -> 2.974 | M36: =[3]Apr!AD36 -> 309 | N36: =1+10 -> 11 | P36: =(J36-K36)/J36*100 -> 1.3426637 | Q36: =(G36)/(E35/60) -> 138.43902 | S36: ='[4]Daily glue APR'!$H$40 -> 0.022406522
B37: 46134 | C37: 14 | D37: STAG | E37: 1436 | F37: =[3]Apr!$P91 -> 290 | G37: =2256+2 -> 2258 | H37: =(G37)*24/(F37/60)/17000*100 -> 65.953753 | I37: 368 | J37: =SUM(65.2,86.3) -> 151.5 | K37: =(G37)*0.066 -> 149.028 | L37: =J37-K37 -> 2.472 | M37: =[3]Apr!AD37 -> 84 | N37: 10 | P37: =(J37-K37)/J37*100 -> 1.6316832 | Q37: =(G37)/(E37/60) -> 94.345404 | S37: ='[4]Daily glue APR'!$H$41 -> 0.024266753
B38: 46134 | C38: 14 | D38: GUINNESS | F38: =[3]Apr!$P92 -> 1046 | G38: 5582 | H38: =(G38)*24/(F38/60)/17000*100 -> 45.203464 | J38: =SUM(93.9,92,8,93.8,86) -> 373.7 | K38: =(G38)*0.066 -> 368.412 | L38: =J38-K38 -> 5.288 | M38: =[3]Apr!AD38 -> 398 | N38: =2+3 -> 5 | P38: =(J38-K38)/J38*100 -> 1.4150388 | Q38: =(G38)/(E37/60) -> 233.2312 | S38: ='[4]Daily glue APR'!$H$42 -> 0.024174407
B39: 46135 | C39: 15 | D39: CARIB EXPORT (explorer) | E39: 1440 | F39: =[3]Apr!$P93 -> 727 | G39: 2102 | H39: =(G39)*24/(F39/60)/17000*100 -> 24.491302 | J39: =SUM(78,99,92)-23.8 -> 245.2 | K39: =(G39+G40)*0.066 -> 241.692 | L39: =J39-K39 -> 3.508 | M39: =[3]Apr!AD39 -> 524 | N39: =10+2+3 -> 15 | P39: =(J39-K39)/J39*100 -> 1.4306688 | Q39: =(G39)/(E39/60) -> 87.583333 | S39: ='[4]Daily glue APR'!$H$45 -> 0.031513453
B40: 46135 | C40: 15 | D40: CARIB AMBER (SHORT) | F40: =[3]Apr!$P94 -> 560 | G40: 1560 | H40: =(G40)*24/(F40/60)/17000*100 -> 23.596639 | M40: =[3]Apr!AD40 -> 363 | Q40: =(G40)/(E39/60) -> 65 | S40: ='[4]Daily glue APR'!$H46 -> 0.023994878
B41: 46136 | C41: 16 | D41: CARIB AMBER (SHORT) | E41: 1260 | F41: =[3]Apr!$P95 -> 58 | G41: =2620 -> 2620 | H41: =(G41)*24/(F41/60)/17000*100 -> 382.63692 | J41: =SUM(99,23.8,103) -> 225.8 | K41: =(G41+G42)*0.066 -> 224.334 | L41: =J41-K41 -> 1.466 | M41: =[3]Apr!AD41 -> 84 | N41: =13+2 -> 15 | P41: =(J41-K41)/J41*100 -> 0.64924712 | Q41: =(G41)/(E41/60) -> 124.7619 | S41: ='[4]Daily glue APR'!$H47 -> 0.034630412
B42: 46136 | C42: 16 | D42: CARIB AMBER | F42: =[3]Apr!$P96 -> 582 | G42: 779 | H42: =(G42)*24/(F42/60)/17000*100 -> 11.33778 | M42: =[3]Apr!AD42 -> 807 | Q42: =(G42)/(E41/60) -> 37.095238 | S42: ='[4]Daily glue APR'!$H48 -> 0.02814753
B43: 46139 | C43: 17 | D43: STAR MALT | E43: 1380 | F43: =[3]Apr!$P97 -> 1078 | G43: 5916 | H43: =(G43)*24/(F43/60)/17000*100 -> 46.486085 | J43: =SUM(100,94,100.5,106) -> 400.5 | K43: =(G43)*0.066 -> 390.456 | L43: =J43-K43 -> 10.044 | M43: =[3]Apr!AD43 -> 549 | N43: =7+2+8 -> 17 | P43: =(J43-K43)/J43*100 -> 2.5078652 | Q43: =(G43)/(E43/60) -> 257.21739 | S43: ='[4]Daily glue APR'!$H$51 -> 0.01704325
B44: 46140 | C44: 18 | D44: CARIB | E44: 1436 | F44: =[3]Apr!$P98 -> 1412 | G44: 6856 | H44: =(G44)*24/(F44/60)/17000*100 -> 41.129145 | J44: =SUM(97.1,97.8,98,93.5,87.7,98.4)-98.9 -> 473.6 | K44: =(G44)*0.066+(40*0.19) -> 460.096 | L44: =J44-K44 -> 13.504 | M44: =[3]Apr!AD44 -> 659 | N44: =3+10 -> 13 | O44: 40 | P44: =(J44-K44)/J44*100 -> 2.8513514 | Q44: =(G44)/(E44/60) -> 286.4624 | S44: =SUM('[4]Daily glue APR'!$H$52:$H$54) -> 0.083160606
B45: 46141 | C45: 19 | D45: CARIB AMBER | E45: 1427 | F45: =[3]Apr!$P99 -> 909 | G45: 5627 | H45: =(G45)*24/(F45/60)/17000*100 -> 52.435644 | J45: =SUM(98.9,88,95.2,97) -> 379.1 | K45: =(G45)*0.066 -> 371.382 | L45: =J45-K45 -> 7.718 | M45: =[3]Apr!AD45 -> 174 | N45: =16+4 -> 20 | P45: =(J45-K45)/J45*100 -> 2.0358744 | Q45: =(G45)/(E45/60) -> 236.59425 | S45: ='[4]Daily glue APR'!$H$55 -> 0.016473277
B46: 46141 | C46: 19 | D46: STAG | F46: =[3]Apr!$P100 -> 430 | G46: 3012 | H46: =(G46)*24/(F46/60)/17000*100 -> 59.333516 | J46: =SUM(95,96.5,86.8,89.8)-70.2-93.9 -> 204 | K46: =(G46)*0.066+(12*0.19) -> 201.072 | L46: =J46-K46 -> 2.928 | M46: =[3]Apr!AD46 -> 166 | N46: 4 | O46: 12 | P46: =(J46-K46)/J46*100 -> 1.4352941 | Q46: =(G46)/(E45/60) -> 126.64331 | S46: ='[4]Daily glue APR'!$H$57 -> 0.022609445
B47: 46142 | C47: 20 | D47: STAG | E47: 1320 | F47: =[3]Apr!$P101 -> 362 | G47: 2445 | H47: =(G47)*24/(F47/60)/17000*100 -> 57.21157 | I47: 3 | J47: =SUM(70.2,93.9) -> 164.1 | K47: =(G47)*0.066 -> 161.37 | L47: =J47-K47 -> 2.73 | M47: =[3]Apr!AD47 -> 109 | N47: 17 | P47: =(J47-K47)/J47*100 -> 1.6636197 | Q47: =(G47)/(E47/60) -> 111.13636 | S47: ='[4]Daily glue APR'!$H$58 -> 0.020369565
B48: 46142 | C48: 21 | D48: GINSENG ORIGINAL | F48: =[3]Apr!$P102 -> 814 | G48: 3733 | H48: =(G48)*24/(F48/60)/17000*100 -> 38.846076 | I48: =1697+6 -> 1703 | J48: =SUM(98,101,102.88)-49.5 -> 252.38 | K48: =(G48)*0.066 -> 246.378 | L48: =J48-K48 -> 6.002 | M48: =[3]Apr!AD48 -> 346 | N48: =24+17 -> 41 | P48: =(J48-K48)/J48*100 -> 2.3781599 | Q48: =(G48)/(E47/60) -> 169.68182 | S48: ='[4]Daily glue APR'!$H$60 -> 0.026394366
H49: =(G49)*24/(F49/60)/17000*100 -> #DIV/0! | K49: =(G49)*0.066 -> 0 | L49: =J49-K49 -> 0 | M49: =[3]Apr!AD49 -> 0 | P49: =(J49-K49)/J49*100 -> #DIV/0! | Q49: =(G49)/(E49/60) -> #DIV/0!
H50: =(G50)*24/(F50/60)/17000*100 -> #DIV/0! | K50: =(G50)*0.066 -> 0 | L50: =J50-K50 -> 0 | M50: =[3]Apr!AD50 -> 0 | P50: =(J50-K50)/J50*100 -> #DIV/0! | Q50: =(G50)/(E50/60) -> #DIV/0!
H51: =(G51)*24/(F51/60)/17000*100 -> #DIV/0! | K51: =(G51)*0.066 -> 0 | L51: =J51-K51 -> 0 | M51: =[3]Apr!AD51 -> 0 | P51: =(J51-K51)/J51*100 -> #DIV/0! | Q51: =(G51)/(E51/60) -> #DIV/0!
H52: =(G52)*24/(F52/60)/17000*100 -> #DIV/0! | K52: =(G52)*0.066 -> 0 | L52: =J52-K52 -> 0 | M52: =[3]Apr!AD52 -> 0 | P52: =(J52-K52)/J52*100 -> #DIV/0! | Q52: =(G52)/(E52/60) -> #DIV/0!
H53: =(G53)*24/(F53/60)/17000*100 -> #DIV/0! | K53: =(G53)*0.066 -> 0 | L53: =J53-K53 -> 0 | P53: =(J53-K53)/J53*100 -> #DIV/0! | Q53: =(G53)/(E53/60) -> #DIV/0!
E54: =SUM(E8:E53) -> 27799 | F54: =SUM(F8:F53) -> 22037 | G54: =SUM(G8:G53) -> 121106 | H54: =(G54)*24/(F54/60)/17000*100 -> 46.550758 | I54: =SUM(I8:I53) -> 3420.2 | J54: =SUM(J8:J53) -> 8188.91 | K54: =SUM(K8:K53) -> 8039.016 | L54: =J54-K54 -> 149.894 | M54: =SUM(M8:M53) -> 12491 | N54: =SUM(N8:N53) -> 426 | O54: =SUM(O8:O53) -> 205 | P54: =(J54-K54)/J54 -> 0.018304512 | Q54: =G54/(E54/60) -> 261.38926 | R54: =(G54+January_2026!G65+February_2026!G63+March_2026!G62)/((E54+January_2026!E65+February_2026!E63+March_2026!E62)/60) -> 248.62831 | T54: =AVERAGE(G8:G53) -> 3027.65
N55: KEGS
K56: Produced | L56: =G54+O56 -> 121669.75 | N56: TOTAL CASES | O56: =O54*2.75 -> 563.75
N59: Carib | O59: =O43+O29+O17+O23 -> 0
N60: Stag | O60: =O14+O40 -> 43

Sheet May_2026
B1: GRENADA BREWERIES LIMITED
B3: PRODUCTION DEPARTMENT
B4: 46143
B5: DATE | C5: DAY | D5: PRODUCT | E5: AVAIL. | F5: FILL | G5: CASES | H5: Line Rated | I5: Cases on Hold | J5: GROSS | K5: BBT | L5: BOTTLED | M5: Diff BBT Hls vs Hls in Package | N5: DOWNTIME (Mins) | O5: REJECTS (Cases) | P5: KEGS | Q5: BOTTLED | R5: AVERAGE | S5: YTD | T5: Glue
E6: TIME | F6: TIME | G6: BOTTLED | H6: Efficiency | J6: EFFICIENCY | K6: HLS | L6: HLS | Q6: LOSS | R6: CASE/HR | S6: Ave Case per hour | T6: Usage | U6: AVG
F7: Mins | H7: % | J7: % | T7: lbs/case | U7: CASE PER
B8: 46146 | C8: 1 | D8: GINSENG ORIGINAL | E8: 1382 | F8: =[3]May!$N71 -> 222 | G8: 733 | H8: =(G8)*24/(F8/60)/17000*100 -> 27.968203 | K8: 49.5 | L8: =(G8)*0.066 -> 48.378 | M8: =K8-L8 -> 1.122 | N8: =[3]May!$AD8 -> 254 | O8: 15 | Q8: =(K8-L8)/K8*100 -> 2.2666667 | R8: =(G8)/(E8/60) -> 31.823444 | T8: ='[4]Daily glue MAY'!$H$2 -> 0.030422078 | U8: DAY
B9: 46146 | C9: 1 | D9: VITA MALT ( CLASSIC ) | F9: =[3]May!$N72 -> 737 | G9: 4662 | H9: =(G9)*24/(F9/60)/17000*100 -> 53.58193 | I9: 276 | K9: =SUM(94.1,100.4,100,37.8) -> 332.3 | L9: =(G9)*0.0708 -> 330.0696 | M9: =K9-L9 -> 2.2304 | N9: =[3]May!$AD9 -> 386 | O9: =8+9 -> 17 | Q9: =(K9-L9)/K9*100 -> 0.67120072 | R9: =(G9)/(E8/60) -> 202.40232 | T9: =SUM('[4]Daily glue MAY'!$H$3:$H$4) -> 0.060046593
B10: 46147 | C10: 2 | D10: CARIB FLINT (LOCAL) | E10: 1440 | F10: =[3]May!$N73 -> 1063 | G10: 2128 | H10: =(G10)*24/(F10/60)/17000*100 -> 16.957114 | K10: =SUM(95,98)-10 -> 183 | L10: =(G10+G11)*0.066 -> 182.028 | M10: =K10-L10 -> 0.972 | N10: =[3]May!$AD10 -> 939 | O10: =33+15 -> 48 | Q10: =(K10-L10)/K10*100 -> 0.53114754 | R10: =(G10)/(E10/60) -> 88.666667 | T10: ='[4]Daily glue MAY'!$H$7 -> 0.024228961
B11: 46147 | C11: 2 | D11: CARIB AMBER | F11: =[3]May!$N74 -> 107 | G11: 630 | H11: =(G11)*24/(F11/60)/17000*100 -> 49.873557 | M11: =K11-L11 -> 0 | N11: =[3]May!$AD11 -> 41 | R11: =(G11)/(E10/60) -> 26.25
B12: 46148 | C12: 3 | D12: CARIB AMBER | E12: 1432 | F12: =[3]May!$N75 -> 1426 | G12: 10035 | H12: =(G12)*24/(F12/60)/17000*100 -> 59.608943 | I12: 3 | K12: =SUM(10,93,100.3,93,96.5,103.5,84.6,94.2,105.5,89.7)-87.5-96.6 -> 686.2 | L12: =(G12)*0.066+(47*0.19) -> 671.24 | M12: =K12-L12 -> 14.96 | N12: =[3]May!$AD12 -> 242 | O12: =4+5.2+20 -> 29.2 | P12: 47 | Q12: =(K12-L12)/K12*100 -> 2.1801224 | R12: =(G12)/(E12/60) -> 420.46089 | T12: =SUM('[4]Daily glue MAY'!$H$8:$H$9) -> 0.039938397
B13: 46149 | C13: 4 | D13: CARIB AMBER | E13: 1434 | F13: =[3]May!$N76 -> 234 | G13: 2745 | H13: =(G13)*24/(F13/60)/17000*100 -> 99.366516 | K13: =SUM(87.5,96.6) -> 184.1 | L13: =(G13)*0.066 -> 181.17 | M13: =K13-L13 -> 2.93 | N13: =[3]May!$AD13 -> 80 | O13: 14 | Q13: =(K13-L13)/K13*100 -> 1.5915263 | R13: =(G13)/(E13/60) -> 114.85356 | T13: ='[4]Daily glue MAY'!$H$11 -> 0.02105618
B14: 46149 | C14: 4 | D14: TING ORIGINAL | F14: =[3]May!$N77 -> 293 | G14: 1777 | H14: =(G14)*24/(F14/60)/17000*100 -> 51.372817 | I14: 170 | K14: =1800*0.066 -> 118.8 | L14: =(G14)*0.066 -> 117.282 | M14: =K14-L14 -> 1.518 | N14: =[3]May!$AD14 -> 290 | O14: =4+1 -> 5 | Q14: =(K14-L14)/K14*100 -> 1.2777778 | R14: =(G14)/(E13/60) -> 74.351464 | T14: ='[4]Daily glue MAY'!$H$12 -> 0.02029896
B15: 46149 | C15: 4 | D15: STAG | F15: =[3]May!$N78 -> 385 | G15: 3071 | H15: =(G15)*24/(F15/60)/17000*100 -> 67.566692 | I15: 6 | K15: =SUM(92,97,98,97.6)-99-75.4 -> 210.2 | L15: =(G15)*0.066+(30*0.19) -> 208.386 | M15: =K15-L15 -> 1.814 | N15: =[3]May!$AD15 -> 124 | O15: 2 | P15: 30 | Q15: =(K15-L15)/K15*100 -> 0.86298763 | R15: =(G15)/(E13/60) -> 128.49372 | T15: ='[4]Daily glue MAY'!$H$13 -> 0.019246833
B16: 46150 | C16: 5 | D16: STAG | E16: 1280 | F16: =[3]May!$N79 -> 696 | G16: 5141 | H16: =(G16)*24/(F16/60)/17000*100 -> 62.567951 | K16: =SUM(91,79,99,75.4) -> 344.4 | L16: =(G16)*0.066 -> 339.306 | M16: =K16-L16 -> 5.094 | N16: =[3]May!$AD16 -> 159 | O16: =2+6 -> 8 | Q16: =(K16-L16)/K16*100 -> 1.4790941 | R16: =(G16)/(E16/60) -> 240.98438 | T16: ='[4]Daily glue MAY'!$H$14 -> 0.018284299
B17: 46150 | C17: 5 | D17: GUINNESS | F17: =[3]May!$N80 -> 190 | G17: 1427 | H17: =(G17)*24/(F17/60)/17000*100 -> 63.618576 | K17: =SUM(94.2) -> 94.2 | L17: =(G17)*0.066 -> 94.182 | M17: =K17-L17 -> 0.018 | N17: =[3]May!$AD17 -> 284 | Q17: =(K17-L17)/K17*100 -> 0.01910828 | R17: =(G17)/(E16/60) -> 66.890625 | T17: =SUM('[4]Daily glue MAY'!$H$15:$H$16) -> 0.045878367
B18: 46151 | C18: 6 | D18: GUINNESS | E18: 911 | F18: =[3]May!$N81 -> 845 | G18: 5853 | H18: =(G18)*24/(F18/60)/17000*100 -> 58.672607 | K18: =SUM(96,95.8,101.1,94) -> 386.9 | L18: =(G18)*0.066 -> 386.298 | M18: =K18-L18 -> 0.602 | N18: =[3]May!$AD18 -> 218 | O18: =7+5 -> 12 | Q18: =(K18-L18)/K18*100 -> 0.15559576 | R18: =(G18)/(E18/60) -> 385.48847 | T18: =SUM('[4]Daily glue MAY'!$H$17) -> 0.016267361
B19: 46153 | C19: 7 | D19: CARIB AMBER | E19: 1350 | F19: =[3]May!$N82 -> 844 | G19: 6901 | H19: =(G19)*24/(F19/60)/17000*100 -> 69.260106 | K19: =SUM(93.4,93.5,91.2,93.7,92.7) -> 464.5 | L19: =(G19)*0.066 -> 455.466 | M19: =K19-L19 -> 9.034 | N19: =[3]May!$AD19 -> 615 | O19: =6+6 -> 12 | Q19: =(K19-L19)/K19*100 -> 1.944887 | R19: =(G19)/(E19/60) -> 306.71111 | T19: =SUM('[4]Daily glue MAY'!$H$20:$H$21) -> 0.037093139
B20: 46154 | C20: 8 | D20: CARIB AMBER | E20: 1435 | F20: =[3]May!$N83 -> 385 | G20: 2933 | H20: =(G20)*24/(F20/60)/17000*100 -> 64.530481 | K20: =SUM(97.2,99.8) -> 197 | L20: =(G20)*0.066 -> 193.578 | M20: =K20-L20 -> 3.422 | N20: =[3]May!$AD20 -> 48 | Q20: =(K20-L20)/K20*100 -> 1.7370558 | R20: =(G20)/(E20/60) -> 122.63415 | T20: ='[4]Daily glue MAY'!$H$22 -> 0.034459087
B21: 46154 | C21: 8 | D21: STAG | F21: =[3]May!$N84 -> 908 | G21: 6141 | H21: =(G21)*24/(F21/60)/17000*100 -> 57.288417 | K21: =SUM(89.1,99,102,100,84.5)-61.9 -> 412.7 | L21: =(G21)*0.066 -> 405.306 | M21: =K21-L21 -> 7.394 | N21: =[3]May!$AD21 -> 340 | O21: 5 | Q21: =(K21-L21)/K21*100 -> 1.7916162 | R21: =(G21)/(E20/60) -> 256.76655 | T21: ='[4]Daily glue MAY'!$H$23 -> 0.020688479
B22: 46155 | C22: 9 | D22: STAG | E22: 1429 | F22: =[3]May!$N85 -> 141 | G22: 924 | H22: =(G22)*24/(F22/60)/17000*100 -> 55.509387 | K22: 61.9 | L22: =(G22)*0.066 -> 60.984 | M22: =K22-L22 -> 0.916 | N22: =[3]May!$AD22 -> 48 | O22: 2 | Q22: =(K22-L22)/K22*100 -> 1.4798061 | R22: =(G22)/(E22/60) -> 38.796361 | T22: ='[4]Daily glue MAY'!$H$25 -> 0.044170333
B23: 46155 | C23: 9 | D23: CARIB AMBER | F23: =[3]May!$N86 -> 1159 | G23: 7532 | H23: =(G23)*24/(F23/60)/17000*100 -> 55.047861 | K23: =SUM(100,100.2,106.1,103,89.2,65)-28.3-28 -> 507.2 | L23: =(G23)*0.066 -> 497.112 | M23: =K23-L23 -> 10.088 | N23: =[3]May!$AD23 -> 319 | O23: =4+4 -> 8 | Q23: =(K23-L23)/K23*100 -> 1.988959 | R23: =(G23)/(E22/60) -> 316.24913 | T23: =SUM('[4]Daily glue MAY'!$H$26:$H$27) -> 0.038980638
B24: 46156 | C24: 10 | D24: CARIB AMBER | E24: 1471 | F24: =[3]May!$N87 -> 52 | G24: 422 | H24: =(G24)*24/(F24/60)/17000*100 -> 68.742081 | K24: 28.3 | L24: =(G24)*0.066 -> 27.852 | M24: =K24-L24 -> 0.448 | N24: =[3]May!$AD24 -> 12 | Q24: =(K24-L24)/K24*100 -> 1.5830389 | R24: =(G24)/(E24/60) -> 17.21278 | T24: ='[4]Daily glue MAY'!$H$28 -> 0.025120643
B25: 46156 | C25: 10 | D25: STAG | F25: =[3]May!$N88 -> 256 | G25: 2773 | H25: =(G25)*24/(F25/60)/17000*100 -> 91.753676 | K25: =SUM(94.1,95) -> 189.1 | L25: =(G25)*0.066 -> 183.018 | M25: =K25-L25 -> 6.082 | N25: =[3]May!$AD25 -> 102 | O25: 7 | Q25: =(K25-L25)/K25*100 -> 3.2162877 | R25: =(G25)/(E24/60) -> 113.10673 | T25: ='[4]Daily glue MAY'!$H$29/2 -> 0.010967616
B26: 46156 | C26: 10 | D26: SHANDY SORREL (LOC) | F26: =[3]May!$N89 -> 342 | G26: 2581 | H26: =(G26)*24/(F26/60)/17000*100 -> 63.925697 | K26: =SUM(91,84.5) -> 175.5 | L26: =(G26)*0.066 -> 170.346 | M26: =K26-L26 -> 5.154 | N26: =[3]May!$AD26 -> 204 | O26: 4 | Q26: =(K26-L26)/K26*100 -> 2.9367521 | R26: =(G26)/(E24/60) -> 105.27532 | T26: ='[4]Daily glue MAY'!$H$29/2 -> 0.010967616
B27: 46156 | C27: 10 | D27: MACKESON | F27: =[3]May!$N90 -> 350 | G27: 2896 | H27: =(G27)*24/(F27/60)/17000*100 -> 70.088067 | K27: =SUM(93,102.3) -> 195.3 | L27: =(G27)*0.066 -> 191.136 | M27: =K27-L27 -> 4.164 | N27: =[3]May!$AD27 -> 114 | O27: =2+2 -> 4 | Q27: =(K27-L27)/K27*100 -> 2.1321045 | R27: =(G27)/(E24/60) -> 118.12373 | T27: ='[4]Daily glue MAY'!$H$30 -> 0.016901154
B28: 46157 | C28: 11 | D28: VITA MALT ( CLASSIC ) | E28: 1190 | F28: =[3]May!$N91 -> 491 | G28: 3955 | H28: =(G28)*24/(F28/60)/17000*100 -> 68.230502 | K28: =SUM(92,91.7,99.8)-2 -> 281.5 | L28: =(G28)*0.0708 -> 280.014 | M28: =K28-L28 -> 1.486 | N28: =[3]May!$AD28 -> 420 | O28: 10 | Q28: =(K28-L28)/K28*100 -> 0.52788632 | R28: =(G28)/(E28/60) -> 199.41176 | T28: =SUM('[4]Daily glue MAY'!$H$31:$H$32) -> 0.041818401
B29: 46157 | C29: 11 | D29: VITA MALT ( GINGER ) | F29: =[3]May!$N92 -> 189 | G29: 1360 | H29: =(G29)*24/(F29/60)/17000*100 -> 60.952381 | K29: 100 | L29: =(G29)*0.0708 -> 96.288 | M29: =K29-L29 -> 3.712 | N29: =[3]May!$AD29 -> 21 | O29: 1 | Q29: =(K29-L29)/K29*100 -> 3.712 | R29: =(G29)/(E28/60) -> 68.571429 | T29: ='[4]Daily glue MAY'!$H$33 -> 0.015501838
B30: 46158 | C30: 12 | D30: CARIB AMBER | E30: 799 | F30: =[3]May!$N93 -> 719 | G30: 5683 | H30: =(G30)*24/(F30/60)/17000*100 -> 66.951812 | K30: =SUM(87.3,97,94.9,105) -> 384.2 | L30: =(G30)*0.066 -> 375.078 | M30: =K30-L30 -> 9.122 | N30: =[3]May!$AD30 -> 123 | O30: =14+3 -> 17 | Q30: =(K30-L30)/K30*100 -> 2.3742842 | R30: =(G30)/(E30/60) -> 426.75845 | T30: =SUM('[4]Daily glue MAY'!$H$34:$H$35) -> 0.051967512
B31: 46160 | C31: 13 | D31: STAR MALT | E31: 1380 | F31: =[3]May!$N94 -> 699 | G31: 5814 | H31: =(G31)*24/(F31/60)/17000*100 -> 70.454936 | K31: =SUM(97.1,94.3,95.9,107) -> 394.3 | L31: =(G31)*0.066 -> 383.724 | M31: =K31-L31 -> 10.576 | N31: =[3]May!$AD31 -> 183 | O31: 3 | Q31: =(K31-L31)/K31*100 -> 2.6822217 | R31: =(G31)/(E31/60) -> 252.78261 | T31: =SUM('[4]Daily glue MAY'!$H$36:$H$37) -> 0.037085195
B32: 46160 | C32: 13 | D32: CARIB AMBER | F32: =[3]May!$N95 -> 348 | G32: 2762 | H32: =(G32)*24/(F32/60)/17000*100 -> 67.229209 | K32: =SUM(96,98,90)-92.9 -> 191.1 | L32: =(G32)*0.066+(30*0.19) -> 187.992 | M32: =K32-L32 -> 3.108 | N32: =[3]May!$AD32 -> 205 | O32: 10 | P32: 30 | Q32: =(K32-L32)/K32*100 -> 1.6263736 | R32: =(G32)/(E31/60) -> 120.08696 | T32: ='[4]Daily glue MAY'!$H$38 -> 0.021221254
B33: 46161 | C33: 14 | D33: CARIB AMBER | E33: 1435 | F33: =[3]May!$N96 -> 750 | G33: 3992 | H33: =(G33)*24/(F33/60)/17000*100 -> 45.086118 | K33: =SUM(92.9,86,97,98.3) -> 374.2 | L33: =(G33+G34)*0.066 -> 366.63 | M33: =K33-L33 -> 7.57 | N33: =[3]May!$AD33 -> 214 | O33: =2+8 -> 10 | Q33: =(K33-L33)/K33*100 -> 2.0229824 | R33: =(G33)/(E33/60) -> 166.91289 | T33: ='[4]Daily glue MAY'!$H$39 -> 0.018488556
B34: 46161 | C34: 14 | D34: CARIB FLINT (LOCAL) | F34: =[3]May!$N97 -> 332 | G34: 1563 | H34: =(G34)*24/(F34/60)/17000*100 -> 39.878101 | N34: =[3]May!$AD34 -> 141 | O34: 4 | R34: =(G34)/(E33/60) -> 65.351916 | T34: ='[4]Daily glue MAY'!$H$41/2 -> 0.013759178
B35: 46161 | C35: 14 | D35: STAG | F35: =[3]May!$N98 -> 267 | G35: 1197 | H35: =(G35)*24/(F35/60)/17000*100 -> 37.974884 | K35: =SUM(98,107)-58-67 -> 80 | L35: =(G35)*0.066 -> 79.002 | M35: =K35-L35 -> 0.998 | N35: =[3]May!$AD35 -> 122 | O35: 11 | Q35: =(K35-L35)/K35*100 -> 1.2475 | R35: =(G35)/(E33/60) -> 50.04878 | T35: ='[4]Daily glue MAY'!$H$41/2 -> 0.013759178
B36: 46162 | C36: 15 | D36: STAG | E36: 1440 | F36: =[3]May!$N99 -> 647 | G36: 4440 | H36: =(G36)*24/(F36/60)/17000*100 -> 58.128921 | K36: =SUM(87,58,67,86) -> 298 | L36: =(G36)*0.066 -> 293.04 | M36: =K36-L36 -> 4.96 | N36: =[3]May!$AD36 -> 140 | O36: =1+4 -> 5 | Q36: =(K36-L36)/K36*100 -> 1.6644295 | R36: =(G36)/(E36/60) -> 185 | T36: ='[4]Daily glue MAY'!$H$42 -> 0.015674139
B37: 46162 | C37: 15 | D37: CARIB AMBER | F37: =[3]May!$N100 -> 505 | G37: 4642 | H37: =(G37)*24/(F37/60)/17000*100 -> 77.862318 | I37: 13 | K37: =SUM(94,93.2,97.2,85.6)-56.9 -> 313.1 | L37: =(G37)*0.066 -> 306.372 | M37: =K37-L37 -> 6.728 | N37: =[3]May!$AD37 -> 189 | O37: =3+10 -> 13 | Q37: =(K37-L37)/K37*100 -> 2.1488342 | R37: =(G37)/(E36/60) -> 193.41667 | T37: =SUM('[4]Daily glue MAY'!$H$43:$H$44) -> 0.047881104
B38: 46163 | C38: 16 | D38: CARIB AMBER | E38: 1420 | F38: =[3]May!$N101 -> 38 | G38: 824 | H38: =(G38)*24/(F38/60)/17000*100 -> 183.67802 | K38: 56.9 | L38: =(G38)*0.066 -> 54.384 | M38: =K38-L38 -> 2.516 | N38: =[3]May!$AD38 -> 27 | O38: 1 | Q38: =(K38-L38)/K38*100 -> 4.4217926 | R38: =(G38)/(E38/60) -> 34.816901 | T38: ='[4]Daily glue MAY'!$H$45/2 -> 0.0099398868
B39: 46163 | C39: 16 | D39: STAG | F39: =[3]May!$N102 -> 761 | G39: 5605 | H39: =(G39)*24/(F39/60)/17000*100 -> 62.388498 | I39: =70*2+45.18 -> 185.18 | K39: =SUM(96,99.1,85,96.8) -> 376.9 | L39: =(G39)*0.066 -> 369.93 | M39: =K39-L39 -> 6.97 | N39: =[3]May!$AD39 -> 165 | O39: =1+6+3 -> 10 | Q39: =(K39-L39)/K39*100 -> 1.8492969 | R39: =(G39)/(E38/60) -> 236.83099 | T39: ='[4]Daily glue MAY'!$H$45/2 -> 0.0099398868
B40: 46163 | C40: 16 | D40: CARIBE PEARSECO | F40: =[3]May!$N103 -> 199 | G40: 1301 | H40: =(G40)*24/(F40/60)/17000*100 -> 55.378067 | K40: 92 | L40: =(G40)*0.066 -> 85.866 | M40: =K40-L40 -> 6.134 | N40: =[3]May!$AD40 -> 259 | O40: =2+2 -> 4 | Q40: =(K40-L40)/K40*100 -> 6.6673913 | R40: =(G40)/(E38/60) -> 54.971831
B41: 46164 | C41: 17 | D41: CARIBE ROSE' | E41: 1170 | F41: =[3]May!$N104 -> 482 | G41: 2402 | H41: =(G41)*24/(F41/60)/17000*100 -> 42.212351 | K41: =SUM(82.8,82.4) -> 165.2 | L41: =(G41)*0.066 -> 158.532 | M41: =K41-L41 -> 6.668 | N41: =[3]May!$AD41 -> 171 | O41: 3 | Q41: =(K41-L41)/K41*100 -> 4.0363196 | R41: =(G41)/(E41/60) -> 123.17949 | T41: ='[4]Daily glue MAY'!$H$48 -> 0.022578313
B42: 46164 | C42: 17 | D42: ORIGINAL TING | F42: =[3]May!$N105 -> 322 | G42: 1771 | H42: =(G42)*24/(F42/60)/17000*100 -> 46.588235 | K42: =1800*0.066 -> 118.8 | L42: =(G42)*0.066 -> 116.886 | M42: =K42-L42 -> 1.914 | N42: =[3]May!$AD42 -> 184 | O42: 3 | Q42: =(K42-L42)/K42*100 -> 1.6111111 | R42: =(G42)/(E41/60) -> 90.820513
B43: 46164 | C43: 17 | D43: CARIB AMBER | F43: =[3]May!$N106 -> 131 | G43: 1062 | H43: =(G43)*24/(F43/60)/17000*100 -> 68.66996 | K43: =SUM(96,95.2)-62-57 -> 72.2 | L43: =(G43)*0.066 -> 70.092 | M43: =K43-L43 -> 2.108 | N43: =[3]May!$AD43 -> 110 | O43: 3 | Q43: =(K43-L43)/K43*100 -> 2.9196676 | R43: =(G43)/(E41/60) -> 54.461538
B44: 46168 | C44: 18 | D44: CARIB AMBER | E44: 970 | F44: =[3]May!$N107 -> 485 | G44: 4705 | H44: =(G44)*24/(F44/60)/17000*100 -> 82.173438 | K44: =SUM(62,57,97.4,97,97.1,96.3)-94-93.8 -> 319 | L44: =(G44)*0.066 -> 310.53 | M44: =K44-L44 -> 8.47 | N44: =[3]May!$AD44 -> 384 | O44: =3+5 -> 8 | Q44: =(K44-L44)/K44*100 -> 2.6551724 | R44: =(G44)/(E44/60) -> 291.03093 | T44: =SUM('[4]Daily glue MAY'!$H$51:$H$52) -> 0.036549228
B45: 46169 | C45: 19 | D45: CARIB AMBER | E45: 1432 | F45: =[3]May!$N108 -> 1106 | G45: 5142 | H45: =(G45)*24/(F45/60)/17000*100 -> 39.381342 | K45: =SUM(94,93.8,91.3,91) -> 370.1 | L45: =(G45)*0.066+ 120*0.19 -> 362.172 | M45: =K45-L45 -> 7.928 | N45: =[3]May!$AD45 -> 430 | O45: =6+6+7 -> 19 | P45: 120 | Q45: =(K45-L45)/K45*100 -> 2.1421238 | R45: =(G45)/(E45/60) -> 215.44693 | T45: =SUM('[4]Daily glue MAY'!$H$53,'[4]Daily glue MAY'!$H$54) -> 0.024913481
B46: 46169 | C46: 19 | D46: STARMALT | F46: =[3]May!$N109 -> 210 | G46: 1415 | H46: =(G46)*24/(F46/60)/17000*100 -> 57.07563 | K46: =SUM(99,100)-97-4 -> 98 | L46: =(G46)*0.066 -> 93.39 | M46: =K46-L46 -> 4.61 | N46: =[3]May!$AD46 -> 108 | O46: 4 | Q46: =(K46-L46)/K46*100 -> 4.7040816 | R46: =(G46)/(E45/60) -> 59.287709 | T46: ='[4]Daily glue MAY'!$H$55 -> 0.024798453
B47: 46170 | C47: 20 | D47: STARMALT | E47: 237 | F47: =[3]May!$N110 -> 237 | G47: 1489 | H47: =(G47)*24/(F47/60)/17000*100 -> 53.218168 | K47: =SUM(97,4) -> 101 | L47: =(G47)*0.066 -> 98.274 | M47: =K47-L47 -> 2.726 | N47: =[3]May!$AD47 -> 59 | O47: 6 | Q47: =(K47-L47)/K47*100 -> 2.6990099 | R47: =(G47)/(E47/60) -> 376.96203 | T47: ='[4]Daily glue MAY'!$H$56 -> 0.015865989
F48: =[3]May!$N111 -> 0 | H48: =(G48)*24/(F48/60)/17000*100 -> #DIV/0! | L48: =(G48)*0.066 -> 0 | M48: =K48-L48 -> 0 | N48: =[3]May!$AD48 -> 0 | Q48: =(K48-L48)/K48*100 -> #DIV/0! | R48: =(G48)/(E48/60) -> #DIV/0!
F49: =[3]May!$N112 -> 0 | H49: =(G49)*24/(F49/60)/17000*100 -> #DIV/0! | L49: =(G49)*0.066 -> 0 | M49: =K49-L49 -> 0 | N49: =[3]May!$AD49 -> 0 | Q49: =(K49-L49)/K49*100 -> #DIV/0! | R49: =(G49)/(E49/60) -> #DIV/0!
H50: =(G50)*24/(F50/60)/17000*100 -> #DIV/0! | L50: =(G50)*0.066 -> 0 | M50: =K50-L50 -> 0 | N50: =[3]May!$AD50 -> 0 | Q50: =(K50-L50)/K50*100 -> #DIV/0! | R50: =(G50)/(E50/60) -> #DIV/0!
H51: =(G51)*24/(F51/60)/17000*100 -> #DIV/0! | L51: =(G51)*0.066 -> 0 | M51: =K51-L51 -> 0 | N51: =[5]May!$AD51 -> 0 | Q51: =(K51-L51)/K51*100 -> #DIV/0! | R51: =(G51)/(F51/60) -> #DIV/0!
H52: =(G52)*24/(F52/60)/17000*100 -> #DIV/0! | L52: =(G52)*0.066 -> 0 | M52: =K52-L52 -> 0 | Q52: =(K52-L52)/K52*100 -> #DIV/0! | R52: =(G52)/(F52/60) -> #DIV/0!
H53: =(G53)*24/(F53/60)/17000*100 -> #DIV/0! | L53: =(G53)*0.066 -> 0 | M53: =K53-L53 -> 0 | Q53: =(K53-L53)/K53*100 -> #DIV/0! | R53: =(G53)/(F53/60) -> #DIV/0!
H54: =(G54)*24/(F54/60)/17000*100 -> #DIV/0! | L54: =(G54)*0.066 -> 0 | M54: =K54-L54 -> 0 | Q54: =(K54-L54)/K54*100 -> #DIV/0! | R54: =(G54)/(F54/60) -> #DIV/0!
H55: =(G55)*24/(F55/60)/17000*100 -> #DIV/0! | L55: =(G55)*0.066 -> 0 | M55: =K55-L55 -> 0 | Q55: =(K55-L55)/K55*100 -> #DIV/0! | R55: =(G55)/(F55/60) -> #DIV/0!
H56: =(G56)*24/(F56/60)/17000*100 -> #DIV/0! | L56: =(G56)*0.066 -> 0 | M56: =K56-L56 -> 0 | Q56: =(K56-L56)/K56*100 -> #DIV/0! | R56: =(G56)/(F56/60) -> #DIV/0!
H57: =(G57)*24/(F57/60)/17000*100 -> #DIV/0! | L57: =(G57)*0.066 -> 0 | M57: =K57-L57 -> 0 | Q57: =(K57-L57)/K57*100 -> #DIV/0! | R57: =(G57)/(F57/60) -> #DIV/0!
H58: =(G58)*24/(F58/60)/17000*100 -> #DIV/0! | L58: =(G58)*0.066 -> 0 | M58: =K58-L58 -> 0 | Q58: =(K58-L58)/K58*100 -> #DIV/0! | R58: =(G58)/(F58/60) -> #DIV/0!
H59: =(G59)*24/(F59/60)/17000*100 -> #DIV/0! | L59: =(G59)*0.066 -> 0 | M59: =K59-L59 -> 0 | Q59: =(K59-L59)/K59*100 -> #DIV/0! | R59: =(G59)/(F59/60) -> #DIV/0!
H60: =(G60)*24/(F60/60)/17000*100 -> #DIV/0! | L60: =(G60)*0.066 -> 0 | M60: =K60-L60 -> 0 | Q60: =(K60-L60)/K60*100 -> #DIV/0! | R60: =(G60)/(F60/60) -> #DIV/0!
H61: =(G61)*24/(F61/60)/17000*100 -> #DIV/0! | L61: =(G61)*0.066 -> 0 | M61: =K61-L61 -> 0 | Q61: =(K61-L61)/K61*100 -> #DIV/0! | R61: =(G61)/(F61/60) -> #DIV/0!
L62: =(G62)*0.066 -> 0 | M62: =K62-L62 -> 0
E63: =SUM(E8:E61) -> 25037 | F63: =SUM(F8:F61) -> 19553 | G63: =SUM(G8:G61) -> 132429 | H63: =(G63)*24/(F63/60)/17000*100 -> 57.369791 | I63: =SUM(I8:I35) -> 455 | K63: =SUM(K8:K61) -> 9007.6 | L63: =SUM(L8:L61) -> 8831.3336 | M63: =K63-L63 -> 176.2664 | N63: =SUM(N8:N61) -> 8474 | O63: =SUM(O8:O61) -> 337.2 | P63: =SUM(P8:P61) -> 227 | Q63: =(K63-L63)/K63 -> 0.019568631 | R63: =G63/(F63/60) -> 406.36936 | S63: =(G63+January_2026!G74+February_2026!G72+March_2026!G71+'April_2026 '!G54)/((E63+January_2026!E74+February_2026!E72+March_2026!E71+'April_2026 '!E54)/60) -> 287.91165 | T63: =H63/(G63/60) -> 0.025992702 | U63: =AVERAGE(E8:E62) -> 1251.85
O64: KEGS
L65: Produced | M65: =G63+P65 -> 133053.25 | O65: TOTAL CASES | P65: =P63*2.75 -> 624.25
O67: CARIB
O68: STAG

Sheet June_2026
B1: GRENADA BREWERIES LIMITED
B3: PRODUCTION DEPARTMENT
B4: 46174
B5: DATE | C5: DAY | D5: PRODUCT | F5: FILL | G5: CASES | H5: Line Rated | I5: Cases on Hold | J5: BBT | K5: BOTTLED | L5: Diff BBT Hls vs Hls in Package | M5: DOWNTIME (Mins) | N5: REJECTS (Cases) | O5: KEGS | P5: BOTTLED | Q5: AVERAGE | R5: YTD | S5: Glue
E6: TIME | F6: TIME | G6: BOTTLED | H6: Efficiency | J6: HLS | K6: HLS | P6: LOSS | Q6: CASE/HR | R6: Ave Case per hour | S6: Usage
F7: Mins | H7: % | S7: lbs/case
B8: 46192 | C8: 1 | D8: STAG | E8: 153 | F8: =[3]Jun!$N65 -> 93 | G8: 464 | H8: =(G8)*24/(F8/60)/17000*100 -> 42.26186 | J8: =83-51.5 -> 31.5 | K8: =(G8)*0.066 -> 30.624 | L8: =J8-K8 -> 0.876 | M8: =[3]Jun!$AD8 -> 34 | N8: 4.5 | O8: 60 | P8: =(J8-K8)/J8*100 -> 2.7809524 | Q8: =(G8)/(E8/60) -> 181.96078
B9: 46193 | C9: 2 | D9: STAG | E9: 878 | F9: =[3]Jun!$N66 -> 685 | G9: 3602 | H9: =(G9)*24/(F9/60)/17000*100 -> 44.541692 | J9: =SUM(51.5,91,86.4,105.3)-88 -> 246.2 | K9: =(G9)*0.066 -> 237.732 | L9: =J9-K9 -> 8.468 | M9: =[3]Jun!$AD9 -> 484 | N9: 7 | P9: =(J9-K9)/J9*100 -> 3.4394801 | Q9: =(G9)/(E9/60) -> 246.15034 | S9: =SUM('[4]Daily glue June'!$H$17:$H$18) -> 0.06469214
B10: 46194 | C10: 3 | D10: STAR MALT | E10: 540 | F10: =[3]Jun!$N67 -> 233 | G10: 1505 | H10: =(G10)*24/(F10/60)/17000*100 -> 54.713456 | J10: =SUM(95,101.8)-94.5 -> 102.3 | K10: =(G10)*0.066 -> 99.33 | L10: =J10-K10 -> 2.97 | M10: =[3]Jun!$AD10 -> 349 | N10: 3 | P10: =(J10-K10)/J10*100 -> 2.9032258 | Q10: =(G10)/(E10/60) -> 167.22222 | S10: =SUM('[4]Daily glue June'!$H$19) -> 0.03076454
B11: 46195 | C11: 4 | D11: STAR MALT | E11: 1430 | F11: =[3]Jun!$N68 -> 818 | G11: 4380 | H11: =(G11)*24/(F11/60)/17000*100 -> 45.355961 | J11: =SUM(94.5,96,103.2) -> 293.7 | K11: =(G11)*0.066 -> 289.08 | L11: =J11-K11 -> 4.62 | M11: =[3]Jun!$AD11 -> 397 | N11: =3+1 -> 4 | P11: =(J11-K11)/J11*100 -> 1.5730337 | Q11: =(G11)/(E11/60) -> 183.77622 | S11: =SUM('[4]Daily glue June'!$H$20:$H$21) -> 0.048482947
B12: 46195 | C12: 4 | D12: CARIB AMBER | F12: =[3]Jun!$N69 -> 353 | G12: 2839 | H12: =(G12)*24/(F12/60)/17000*100 -> 68.124646 | J12: =SUM(93,100,95)-81.9 -> 206.1 | K12: =(G12)*0.066+(70*0.19) -> 200.674 | L12: =J12-K12 -> 5.426 | M12: =[3]Jun!$AD12 -> 152 | O12: 70 | P12: =(J12-K12)/J12*100 -> 2.6327026 | Q12: =(G12)/(E11/60) -> 119.11888
B13: 46196 | C13: 5 | D13: CARIB AMBER | E13: 1430 | F13: =[3]Jun!$N70 -> 379 | G13: 2565 | H13: =(G13)*24/(F13/60)/17000*100 -> 57.327332 | J13: =SUM(91.8,81.9) -> 173.7 | K13: =(G13)*0.066 -> 169.29 | L13: =J13-K13 -> 4.41 | M13: =[3]Jun!$AD13 -> 107 | N13: 2 | P13: =(J13-K13)/J13*100 -> 2.5388601 | Q13: =(G13)/(E13/60) -> 107.62238 | S13: ='[4]Daily glue June'!$H$22 -> 0.025370036
B14: 46196 | C14: 5 | D14: STAG | F14: =[3]Jun!$N71 -> 148 | G14: 1308 | H14: =(G14)*24/(F14/60)/17000*100 -> 74.861685 | J14: 88 | K14: =(G14)*0.066 -> 86.328 | L14: =J14-K14 -> 1.672 | M14: =[3]Jun!$AD14 -> 78 | N14: 3 | P14: =(J14-K14)/J14*100 -> 1.9 | Q14: =(G14)/(E13/60) -> 54.881119 | S14: =SUM('[4]Daily glue June'!$H$23) -> 0.023000921
B15: 46196 | C15: 5 | D15: GUINNESS | F15: =[3]Jun!$N72 -> 622 | G15: 1591 | H15: =(G15)*24/(F15/60)/17000*100 -> 21.66673 | J15: =SUM(95.6,94.4,82)-89-77.9 -> 105.1 | K15: =(G15)*0.066 -> 105.006 | L15: =J15-K15 -> 0.094 | M15: =[3]Jun!$AD15 -> 499 | N15: 16 | P15: =(J15-K15)/J15*100 -> 0.08943863 | Q15: =(G15)/(E13/60) -> 66.755245
B16: 46197 | C16: 6 | D16: GUINNESS | E16: 1422 | F16: =[3]Jun!$N73 -> 559 | G16: 3871 | H16: =(G16)*24/(F16/60)/17000*100 -> 58.657687 | I16: 52 | J16: =SUM(87,89,77.9,2) -> 255.9 | K16: =(G16)*0.066 -> 255.486 | L16: =J16-K16 -> 0.414 | M16: =[3]Jun!$AD16 -> 133 | N16: =7+1 -> 8 | P16: =(J16-K16)/J16*100 -> 0.16178195 | Q16: =(G16)/(E16/60) -> 163.33333 | S16: =SUM('[4]Daily glue June'!$H$26:$H$27) -> 0.042788537
B17: 46197 | C17: 6 | D17: CARIB AMBER | F17: =[3]Jun!$N74 -> 601 | G17: 4314 | H17: =(G17)*24/(F17/60)/17000*100 -> 60.802192 | J17: =SUM(85.2,97.5,101.8,98.2)-77.2 -> 305.5 | K17: =(G17)*0.066+(77*0.19) -> 299.354 | L17: =J17-K17 -> 6.146 | M17: =[3]Jun!$AD17 -> 382 | N17: 3 | O17: 77 | P17: =(J17-K17)/J17*100 -> 2.011784 | Q17: =(G17)/(E16/60) -> 182.02532 | S17: ='[4]Daily glue June'!$H$28 -> 0.025554545
B18: 46198 | C18: 7 | D18: CARIB AMBER | E18: 1428 | F18: =[3]Jun!$N75 -> 113 | G18: 1145 | H18: =(G18)*24/(F18/60)/17000*100 -> 85.830297 | J18: 77.2 | K18: =(G18)*0.066 -> 75.57 | L18: =J18-K18 -> 1.63 | M18: =[3]Jun!$AD18 -> 30 | N18: 1 | P18: =(J18-K18)/J18*100 -> 2.111399 | Q18: =(G18)/(E18/60) -> 48.109244
B19: 46198 | C19: 7 | D19: STAG | F19: =[3]Jun!$N76 -> 695 | G19: 5162 | H19: =(G19)*24/(F19/60)/17000*100 -> 62.913923 | J19: =SUM(86.4,84.8,90.5,85.8) -> 347.5 | K19: =(G19)*0.066 -> 340.692 | L19: =J19-K19 -> 6.808 | M19: =[3]Jun!$AD19 -> 168 | N19: =21+27 -> 48 | P19: =(J19-K19)/J19*100 -> 1.9591367 | Q19: =(G19)/(E18/60) -> 216.89076 | S19: ='[4]Daily glue June'!$H$30 -> 0.023957386
B20: 46198 | C20: 7 | D20: CARIB FLINT | F20: =[3]Jun!$N77 -> 234 | G20: 1783 | H20: =(G20)*24/(F20/60)/17000*100 -> 64.542986 | J20: =SUM(97,91,94.6)-57.3-24-10 -> 191.3 | K20: =(G20+G21)*0.066 -> 185.988 | L20: =J20-K20 -> 5.312 | M20: =[3]Jun!$AD20 -> 93 | P20: =(J20-K20)/J20*100 -> 2.7767904 | Q20: =(G18)/(E18/60) -> 48.109244 | S20: ='[4]Daily glue June'!$H$29 -> 0.02179794
B21: 46198 | C21: 7 | D21: CARIB AMBER | F21: =[3]Jun!$N78 -> 222 | G21: 1035 | H21: =(G21)*24/(F21/60)/17000*100 -> 39.491256 | L21: =J21-K21 -> 0 | M21: =[3]Jun!$AD21 -> 121 | Q21: =(G21)/(E18/60) -> 43.487395
B22: 46199 | C22: 8 | D22: CARIB AMBER | E22: 1235 | F22: =[3]Jun!$N79 -> 393 | G22: 2766 | H22: =(G22)*24/(F22/60)/17000*100 -> 59.617423 | J22: =SUM(100,57.3,30,107)-100-9 -> 185.3 | K22: =(G22)*0.066 -> 182.556 | L22: =J22-K22 -> 2.744 | M22: =[3]Jun!$AD22 -> 125 | N22: 6 | P22: =(J22-K22)/J22*100 -> 1.4808419 | Q22: =(G22)/(E22/60) -> 134.38057 | S22: =SUM('[4]Daily glue June'!$H$31:$H$32) -> 0.040139569
B23: 46199 | C23: 8 | D23: TING | G23: 0 | H23: =(G23)*24/(F23/60)/17000*100 -> #DIV/0! | K23: =(G23)*0.066 -> 0 | L23: =J23-K23 -> 0 | M23: =[3]Jun!$AD23 -> 810 | P23: =(J23-K23)/J23*100 -> #DIV/0! | Q23: =(G23)/(E23/60) -> #DIV/0!
B24: 46200 | C24: 9 | D24: CARIB AMBER | E24: 842 | F24: =[3]Jun!$N81 -> 145 | G24: 1581 | H24: =(G24)*24/(F24/60)/17000*100 -> 92.358621 | J24: =SUM(100,9) -> 109 | K24: =(G24)*0.066 -> 104.346 | L24: =J24-K24 -> 4.654 | M24: =[3]Jun!$AD24 -> 474 | N24: =32+1 -> 33 | P24: =(J24-K24)/J24*100 -> 4.2697248 | Q24: =(G24)/(E24/60) -> 112.66033 | S24: ='[4]Daily glue June'!$H$34 -> 0.017036364
B25: 46200 | C25: 9 | D25: STAG | F25: =[3]Jun!$N82 -> 262 | G25: 2082 | H25: =(G25)*24/(F25/60)/17000*100 -> 67.312079 | J25: =SUM(96,98.2)-54.2 -> 140 | K25: =(G25)*0.066 -> 137.412 | L25: =J25-K25 -> 2.588 | M25: =[3]Jun!$AD25 -> 54 | N25: 2 | P25: =(J25-K25)/J25*100 -> 1.8485714 | Q25: =(G25)/(E24/60) -> 148.36105 | S25: ='[4]Daily glue June'!$H$35 -> 0.021069708
B26: 46202 | C26: 10 | D26: STAG | E26: 1346 | F26: =[3]Jun!$N83 -> 310 | G26: 2286 | H26: =(G26)*24/(F26/60)/17000*100 -> 62.463757 | J26: =SUM(54.2,98) -> 152.2 | K26: =(G26)*0.066 -> 150.876 | L26: =J26-K26 -> 1.324 | M26: =[3]Jun!$AD26 -> 141 | N26: 2 | P26: =(J26-K26)/J26*100 -> 0.86990802 | Q26: =(G26)/(E26/60) -> 101.90193 | S26: ='[4]Daily glue June'!$H$36 -> 0.029840764
B27: 46202 | C27: 10 | D27: TING | F27: =[3]Jun!$N84 -> 211 | G27: 1756 | H27: =(G27)*24/(F27/60)/17000*100 -> 70.494564 | J27: =1800*0.066 -> 118.8 | K27: =(G27)*0.066 -> 115.896 | L27: =J27-K27 -> 2.904 | M27: =[3]Jun!$AD27 -> 254 | N27: 1 | P27: =(J27-K27)/J27*100 -> 2.4444444 | Q27: =(G27)/(E26/60) -> 78.276374 | S27: ='[4]Daily glue June'!$H$37 -> 0.018300781
B28: 46202 | C28: 10 | D28: GINSENG UP ORIGINAL | F28: =[3]Jun!$N85 -> 211 | G28: 1479 | H28: =(G28)*24/(F28/60)/17000*100 -> 59.374408 | J28: 100.7 | K28: =(G28)*0.066 -> 97.614 | L28: =J28-K28 -> 3.086 | M28: =[3]Jun!$AD28 -> 257 | N28: 11 | P28: =(J28-K28)/J28*100 -> 3.0645482 | Q28: =(G28)/(E26/60) -> 65.928678 | S28: ='[4]Daily glue June'!$H$38 -> 0.030461638
B29: 46203 | C29: 11 | D29: STAG | E29: 1385 | F29: =[3]Jun!$N86 -> 194 | G29: 1436 | H29: =(G29)*24/(F29/60)/17000*100 -> 62.699818 | J29: =SUM(96.5) -> 96.5 | K29: =(G29)*0.066 -> 94.776 | L29: =J29-K29 -> 1.724 | M29: =[3]Jun!$AD29 -> 400 | N29: 5 | P29: =(J29-K29)/J29*100 -> 1.7865285 | Q29: =(G29)/(E29/60) -> 62.209386 | S29: ='[4]Daily glue June'!$H$40 -> 0.021087772
B30: 46203 | C30: 11 | D30: CARIB AMBER | F30: =[3]Jun!$N87 -> 750 | G30: 5438 | H30: =(G30)*24/(F30/60)/17000*100 -> 61.417412 | J30: =SUM(64,99.7,107.2,97) -> 367.9 | K30: =(G30)*0.066 -> 358.908 | L30: =J30-K30 -> 8.992 | M30: =[3]Jun!$AD30 -> 207 | N30: =1+2 -> 3 | P30: =(J30-K30)/J30*100 -> 2.4441424 | Q30: =(G30)/(E29/60) -> 235.58123 | S30: ='[4]Daily glue June'!$H$41 -> 0.020822222
F31: =[3]Jun!$N88 -> 0 | H31: =(G31)*24/(F31/60)/17000*100 -> #DIV/0! | K31: =(G31)*0.066 -> 0 | L31: =J31-K31 -> 0 | M31: =[3]Jun!$AD31 -> 0 | P31: =(J31-K31)/J31*100 -> #DIV/0! | Q31: =(G31)/(E31/60) -> #DIV/0!
F32: =[3]Jun!$N89 -> 0 | H32: =(G32)*24/(F32/60)/17000*100 -> #DIV/0! | K32: =(G32)*0.066 -> 0 | L32: =J32-K32 -> 0 | M32: =[3]Jun!$AD32 -> 0 | P32: =(J32-K32)/J32*100 -> #DIV/0! | Q32: =(G32)/(E32/60) -> #DIV/0!
F33: =[3]Jun!$N90 -> 0 | H33: =(G33)*24/(F33/60)/17000*100 -> #DIV/0! | K33: =(G33)*0.066 -> 0 | L33: =J33-K33 -> 0 | M33: =[3]Jun!$AD33 -> 0 | P33: =(J33-K33)/J33*100 -> #DIV/0! | Q33: =(G33)/(E33/60) -> #DIV/0!
F34: =[3]Jun!$N91 -> 0 | H34: =(G34)*24/(F34/60)/17000*100 -> #DIV/0! | K34: =(G34)*0.066 -> 0 | L34: =J34-K34 -> 0 | M34: =[3]Jun!$AD34 -> 0 | P34: =(J34-K34)/J34*100 -> #DIV/0! | Q34: =(G34)/(E34/60) -> #DIV/0!
F35: =[3]Jun!$N92 -> 0 | H35: =(G35)*24/(F35/60)/17000*100 -> #DIV/0! | K35: =(G35)*0.066 -> 0 | L35: =J35-K35 -> 0 | M35: =[3]Jun!$AD35 -> 0 | P35: =(J35-K35)/J35*100 -> #DIV/0! | Q35: =(G35)/(E35/60) -> #DIV/0!
F36: =[3]Jun!$N93 -> 0 | H36: =(G36)*24/(F36/60)/17000*100 -> #DIV/0! | K36: =(G36)*0.066 -> 0 | L36: =J36-K36 -> 0 | M36: =[3]Jun!$AD36 -> 0 | P36: =(J36-K36)/J36*100 -> #DIV/0! | Q36: =(G36)/(E36/60) -> #DIV/0!
F37: =[3]Jun!$N94 -> 0 | H37: =(G37)*24/(F37/60)/17000*100 -> #DIV/0! | K37: =(G37)*0.066 -> 0 | L37: =J37-K37 -> 0 | M37: =[3]Jun!$AD37 -> 0 | P37: =(J37-K37)/J37*100 -> #DIV/0! | Q37: =(G37)/(E37/60) -> #DIV/0!
F38: =[3]Jun!$N95 -> 0 | H38: =(G38)*24/(F38/60)/17000*100 -> #DIV/0! | K38: =(G38)*0.066 -> 0 | L38: =J38-K38 -> 0 | M38: =[3]Jun!$AD38 -> 0 | P38: =(J38-K38)/J38*100 -> #DIV/0! | Q38: =(G38)/(E38/60) -> #DIV/0!
F39: =[3]Jun!$N96 -> 0 | H39: =(G39)*24/(F39/60)/17000*100 -> #DIV/0! | K39: =(G39)*0.066 -> 0 | L39: =J39-K39 -> 0 | M39: =[3]Jun!$AD39 -> 0 | P39: =(J39-K39)/J39*100 -> #DIV/0! | Q39: =(G39)/(E39/60) -> #DIV/0!
F40: =[3]Jun!$N97 -> 0 | H40: =(G40)*24/(F40/60)/17000*100 -> #DIV/0! | K40: =(G40)*0.066 -> 0 | L40: =J40-K40 -> 0 | M40: =[3]Jun!$AD40 -> 0 | P40: =(J40-K40)/J40*100 -> #DIV/0! | Q40: =(G40)/(E40/60) -> #DIV/0!
F41: =[3]Jun!$N98 -> 0 | H41: =(G41)*24/(F41/60)/17000*100 -> #DIV/0! | K41: =(G41)*0.066 -> 0 | L41: =J41-K41 -> 0 | M41: =[3]Jun!$AD41 -> 0 | P41: =(J41-K41)/J41*100 -> #DIV/0! | Q41: =(G41)/(E41/60) -> #DIV/0!
F42: =[3]Jun!$N99 -> 0 | H42: =(G42)*24/(F42/60)/17000*100 -> #DIV/0! | K42: =(G42)*0.066 -> 0 | L42: =J42-K42 -> 0 | M42: =[3]Jun!$AD42 -> 0 | P42: =(J42-K42)/J42*100 -> #DIV/0! | Q42: =(G42)/(E42/60) -> #DIV/0!
... F49: =[3]Jun!$N106 -> 0 | H49: =(G49)*24/(F49/60)/17000*100 -> #DIV/0! | K49: =(G49)*0.066 -> 0 | L49: =J49-K49 -> 0 | M49: =[3]Jun!$AD49 -> 0 | P49: =(J49-K49)/J49*100 -> #DIV/0! | Q49: =(G49)/(E49/60) -> #DIV/0!
H50: =(G50)*24/(F50/60)/17000*100 -> #DIV/0! | K50: =(G50)*0.066 -> 0 | L50: =J50-K50 -> 0 | P50: =(J50-K50)/J50*100 -> #DIV/0! | Q50: =(G50)/(E50/60) -> #DIV/0!
H51: =(G51)*24/(F51/60)/17000*100 -> #DIV/0! | K51: =(G51)*0.066 -> 0 | L51: =J51-K51 -> 0 | P51: =(J51-K51)/J51*100 -> #DIV/0! | Q51: =(G51)/(E51/60) -> #DIV/0!
H52: =(G52)*24/(F52/60)/17000*100 -> #DIV/0! | K52: =(G52)*0.066 -> 0 | L52: =J52-K52 -> 0 | P52: =(J52-K52)/J52*100 -> #DIV/0! | Q52: =(G52)/(E52/60) -> #DIV/0!
H53: =(G53)*24/(F53/60)/17000*100 -> #DIV/0! | K53: =(G53)*0.066 -> 0 | L53: =J53-K53 -> 0 | P53: =(J53-K53)/J53*100 -> #DIV/0! | Q53: =(G53)/(E53/60) -> #DIV/0!
H54: =(G54)*24/(F54/60)/17000*100 -> #DIV/0! | K54: =(G54)*0.066 -> 0 | L54: =J54-K54 -> 0 | P54: =(J54-K54)/J54*100 -> #DIV/0! | Q54: =(G54)/(E54/60) -> #DIV/0!
H55: =(G55)*24/(F55/60)/17000*100 -> #DIV/0! | K55: =(G55)*0.066 -> 0 | L55: =J55-K55 -> 0 | P55: =(J55-K55)/J55*100 -> #DIV/0! | Q55: =(G55)/(E55/60) -> #DIV/0!
H56: =(G56)*24/(F56/60)/17000*100 -> #DIV/0! | K56: =(G56)*0.066 -> 0 | L56: =J56-K56 -> 0 | P56: =(J56-K56)/J56*100 -> #DIV/0! | Q56: =(G56)/(E56/60) -> #DIV/0!
E57: =SUM(E8:E56) -> 12089 | F57: =SUM(F8:F56) -> 8231 | G57: =SUM(G8:G56) -> 54388 | H57: =(G57)*24/(F57/60)/17000*100 -> 55.971128 | I57: =SUM(I8:I56) -> 52 | J57: =SUM(J8:J56) -> 3694.4 | K57: =SUM(K8:K56) -> 3617.538 | L57: =J57-K57 -> 76.862 | M57: =SUM(M8:M56) -> 5749 | N57: =SUM(N8:N56) -> 162.5 | O57: =SUM(O8:O56) -> 207 | P57: =(J57-K57)/J57 -> 0.020805002 | Q57: =(G57)/(E57/60) -> 269.93796 | R57: =(January_2026!G65+February_2026!G62+March_2026!G62+'April_2026 '!G54+May_2026!G63+G57)/((January_2026!E65+February_2026!E62+March_2026!E62+'April_2026 '!E54+May_2026!F63+F57)/60) -> 293.74619 | S57: =SUM(S8:S56) -> 0.50516781
N58: KEGS
K59: Produced | L59: =G57+O59 -> 54957.25 | N59: TOTAL CASES | O59: =O57*2.75 -> 569.25
N61: CARIB
N62: STAG
L63: =35*2.75 -> 96.25 | S63: =G63/(F63/60) -> #DIV/0!
G65: YTD CASES | H65: =January_2026!K68+February_2026!L65+March_2026!L64+'April_2026 '!L56+May_2026!M65+L59 -> 644501.25 | I65: =January_2026!G65+February_2026!G63+March_2026!G62+'April_2026 '!G54+May_2026!G63+G57 -> 641380
H66: With Kegs | I66: With out Kegs

Sheet July_2026
B1: GRENADA BREWERIES LIMITED
B3: PRODUCTION DEPARTMENT
B4: 46204
B5: DATE | C5: DAY | D5: PRODUCT | E5: AVAIL. | F5: FILL | G5: CASES | H5: Line Rated | I5: Cases on Hold | J5: BBT | K5: BOTTLED | L5: Diff BBT Hls vs Hls in Package | M5: DOWNTIME (Mins) | N5: REJECTS (Cases) | O5: KEGS | P5: BOTTLED | Q5: AVERAGE | R5: YTD | S5: Glue
E6: TIME | F6: TIME | G6: BOTTLED | H6: Efficiency | J6: HLS | K6: HLS | P6: LOSS | Q6: CASE/HR | R6: Ave Case per hour | S6: Usage
F7: Mins | H7: % | S7: lbs/case
B8: 46204 | C8: 1 | D8: CARIB AMBER | E8: 1400 | F8: =[3]Jul!$N69 -> 633 | G8: 5638 | H8: =(G8)*24/(F8/60)/17000*100 -> 75.445776 | J8: =SUM(77.8,74.5,85.9,71.8,68.6) -> 378.6 | K8: =(G8)*0.066 -> 372.108 | L8: =J8-K8 -> 6.492 | M8: =[3]Jul!$AD8 -> 194 | N8: =2+1 -> 3 | P8: =(J8-K8)/J8*100 -> 1.7147385 | Q8: =G8/(E8/60) -> 241.62857 | S8: ='[4]Daily glue July'!$H$3 -> 0.016862627
B9: 46204 | C9: 1 | D9: VITA MALT CLASSIC | F9: =[3]Jul!$N70 -> 217 | G9: 1409 | H9: =(G9)*24/(F9/60)/17000*100 -> 55.000271 | J9: =SUM(95.4,85.1)-79.8 -> 100.7 | K9: =(G9)*0.0708 -> 99.7572 | L9: =J9-K9 -> 0.9428 | M9: =[3]Jul!$AD9 -> 487 | N9: 31 | P9: =(J9-K9)/J9*100 -> 0.93624628 | Q9: =G9/(E8/60) -> 60.385714 | S9: ='[4]Daily glue July'!$H$4 -> 0.024593176
B10: 46205 | C10: 2 | D10: VITA MALT CLASSIC | E10: 1431 | F10: =[3]Jul!$N71 -> 360 | G10: 2378 | H10: =(G10)*24/(F10/60)/17000*100 -> 55.952941 | J10: =SUM(79.8,91) -> 170.8 | K10: =(G10)*0.0708 -> 168.3624 | L10: =J10-K10 -> 2.4376 | M10: =[3]Jul!$AD10 -> 128 | N10: =1+13 -> 14 | P10: =(J10-K10)/J10*100 -> 1.4271663 | Q10: =G10/(E10/60) -> 99.706499 | S10: ='[4]Daily glue July'!$H$5 -> 0.019366779
B11: 46205 | C11: 2 | D11: VITA MALT GINGER | F11: =[3]Jul!$N72 -> 158 | G11: 1396 | H11: =(G11)*24/(F11/60)/17000*100 -> 74.8414 | I11: 3 | J11: 100 | K11: =(G11)*0.0708 -> 98.8368 | L11: =J11-K11 -> 1.1632 | M11: =[3]Jul!$AD11 -> 78 | N11: 9 | P11: =(J11-K11)/J11*100 -> 1.1632 | Q11: =G11/(E10/60) -> 58.532495
B12: 46205 | C12: 2 | D12: CARIB AMBER | F12: =[3]Jul!$N73 -> 502 | G12: 3640 | H12: =(G12)*24/(F12/60)/17000*100 -> 61.420202 | J12: =SUM(98.4,96.2,100,107)-75.6-79.8 -> 246.2 | K12: =(G12)*0.066 -> 240.24 | L12: =J12-K12 -> 5.96 | M12: =[3]Jul!$AD12 -> 448 | N12: 3 | P12: =(J12-K12)/J12*100 -> 2.4207961 | Q12: =G12/(E10/60) -> 152.62055 | S12: ='[4]Daily glue July'!$H$7 -> 0.029396078
B13: 46206 | C13: 3 | D13: CARIB AMBER | E13: 1180 | F13: =[3]Jul!$N74 -> 392 | G13: 3445 | H13: =(G13)*24/(F13/60)/17000*100 -> 74.441777 | J13: =SUM(75.6,79.8,76) -> 231.4 | K13: =(G13)*0.066 -> 227.37 | L13: =J13-K13 -> 4.03 | M13: =[3]Jul!$AD13 -> 64 | N13: =7+1+2 -> 10 | P13: =(J13-K13)/J13*100 -> 1.741573 | Q13: =G13/(E13/60) -> 175.16949 | S13: ='[4]Daily glue July'!$H$8 -> 0.022765985
B14: 46206 | C14: 3 | D14: STAG | F14: =[3]Jul!$N75 -> 485 | G14: 4011 | H14: =(G14)*24/(F14/60)/17000*100 -> 70.052638 | I14: 49 | J14: =SUM(96.8,90,89,98)-106.8 -> 267 | K14: =(G14)*0.066 -> 264.726 | L14: =J14-K14 -> 2.274 | M14: =[3]Jul!$AD14 -> 367 | N14: 1 | P14: =(J14-K14)/J14*100 -> 0.85168539 | Q14: =G14/(E13/60) -> 203.94915 | S14: =SUM('[4]Daily glue July'!$H$9:$H$10) -> 0.052596875
B15: 46209 | C15: 4 | D15: STAG | E15: 1380 | F15: =[3]Jul!$N76 -> 1278 | G15: 6224 | H15: =(G15)*24/(F15/60)/17000*100 -> 41.252693 | J15: =SUM(106.8,82.8,84,98.8,95.6,95.7)-83.9-61.8 -> 418 | K15: =(G15)*0.066 -> 410.784 | L15: =J15-K15 -> 7.216 | M15: =[3]Jul!$AD15 -> 665 | N15: =5+10+3 -> 18 | P15: =(J15-K15)/J15*100 -> 1.7263158 | Q15: =G15/(E15/60) -> 270.6087 | S15: =SUM('[4]Daily glue July'!$H$12:$H$13) -> 0.036761346
B16: 46210 | C16: 5 | D16: STAG | E16: 1440 | F16: =[3]Jul!$N77 -> 370 | G16: 2168 | H16: =(G16)*24/(F16/60)/17000*100 -> 49.633068 | J16: =SUM(83.9,61.8) -> 145.7 | K16: =(G16)*0.066 -> 143.088 | L16: =J16-K16 -> 2.612 | M16: =[3]Jul!$AD16 -> 268 | N16: =2+10 -> 12 | P16: =(J16-K16)/J16*100 -> 1.7927248 | Q16: =G16/(E16/60) -> 90.333333 | S16: =SUM('[4]Daily glue July'!$H$14:$H$15) -> 0.047199063
B17: 46210 | C17: 5 | D17: CARIB AMBER | F17: =[3]Jul!$N78 -> 153 | G17: 1012 | H17: =(G17)*24/(F17/60)/17000*100 -> 56.027682 | J17: =SUM(91.4,86.3)-7.3-71.5-28 -> 70.9 | K17: =(G17)*0.066 -> 66.792 | L17: =J17-K17 -> 4.108 | M17: =[3]Jul!$AD17 -> 760 | P17: =(J17-K17)/J17*100 -> 5.7940762 | Q17: =G17/(E16/60) -> 42.166667 | S17: ='[4]Daily glue July'!$H$16 -> 0.025741758
B18: 46211 | C18: 6 | D18: CARIB AMBER | E18: 1426 | F18: =[3]Jul!$N79 -> 729 | G18: 3469 | H18: =(G18)*24/(F18/60)/17000*100 -> 40.307916 | J18: =SUM(7.3,71.5,100.4,96.1)-28-14 -> 233.3 | K18: =(G18)*0.066 -> 228.954 | L18: =J18-K18 -> 4.346 | M18: =[3]Jul!$AD18 -> 395 | N18: =4+3 -> 7 | P18: =(J18-K18)/J18*100 -> 1.8628375 | Q18: =G18/(E18/60) -> 145.96073 | S18: ='[4]Daily glue July'!$H$17 -> 0.0065190167
B19: 46211 | C19: 8 | D19: SHANDY LIME LOCAL | F19: =[3]Jul!$N80 -> 164 | G19: 666 | H19: =(G19)*24/(F19/60)/17000*100 -> 34.398852 | J19: 97.6 | K19: =(G19+G20)*0.066 -> 94.71 | L19: =J19-K19 -> 2.89 | M19: =[3]Jul!$AD19 -> 85 | P19: =(J19-K19)/J19*100 -> 2.9610656 | Q19: =G19/(E18/60) -> 28.02244 | S19: =[4]!Table145678245679[[#This Row],[Glue usage lb/ case]]/2 -> 0.0090618956
B20: 46211 | C20: 8 | D20: SHANDY LIME EXPORT | F20: =[3]Jul!$N81 -> 60 | G20: 769 | H20: =(G20)*24/(F20/60)/17000*100 -> 108.56471 | M20: =[3]Jul!$AD20 -> 48 | Q20: =G20/(E18/60) -> 32.356241
B21: 46211 | C21: 8 | D21: SHANDY GINGER EXPORT | F21: =[3]Jul!$N82 -> 280 | G21: 702 | H21: =(G21+G22)*24/(F21/60)/17000*100 -> 24.322689 | J21: =SUM(101.1)-43.5 -> 57.6 | K21: =(G21+G22)*0.066 -> 53.064 | L21: =J21-K21 -> 4.536 | M21: =[3]Jul!$AD21 -> 68 | P21: =(J21-K21)/J21*100 -> 7.875 | Q21: =G21/(E18/60) -> 29.537167 | S21: ='[4]Daily glue July'!$H$19/2 -> 0.0090618956
B22: 46211 | C22: 8 | D22: SHANDY GINGER LOCAL | G22: 102 | M22: =[3]Jul!$AD22 -> 157 | Q22: =G22/(E18/60) -> 4.2917251
B23: 46212 | C23: 9 | D23: SHANDY GINGER LOCAL | E23: 1430 | F23: =[3]Jul!$N84 -> 650 | G23: 2192 | H23: =(G23)*24/(F23/60)/17000*100 -> 28.56543 | J23: =SUM(43.5,104.5) -> 148 | K23: =(G23)*0.066 -> 144.672 | L23: =J23-K23 -> 3.328 | M23: =[3]Jul!$AD23 -> 388 | N23: =2+3 -> 5 | P23: =(J23-K23)/J23*100 -> 2.2486486 | Q23: =G23/(E23/60) -> 91.972028 | S23: ='[4]Daily glue July'!$H$20 -> 0.006241119
B24: 46212 | C24: 9 | D24: SHANDY SORREL EXPORT | F24: =[3]Jul!$N85 -> 279 | G24: 808 | H24: =(G24)*24/(F24/60)/17000*100 -> 24.531309 | J24: =SUM(93,88) -> 181 | K24: =(G24+G25)*0.066 -> 178.134 | L24: =J24-K24 -> 2.866 | M24: =[3]Jul!$AD24 -> 147 | N24: =2+7 -> 9 | P24: =(J24-K24)/J24*100 -> 1.5834254 | Q24: =G24/(E23/60) -> 33.902098 | S24: =SUM('[4]Daily glue July'!$H$21:$H$22) -> 0.023290449
B25: 46212 | C25: 9 | D25: SHANDY SORREL LOCAL | F25: =[3]Jul!$N86 -> 214 | G25: 1891 | H25: =(G25)*24/(F25/60)/17000*100 -> 74.849918 | M25: =[3]Jul!$AD25 -> 90 | Q25: =G25/(E23/60) -> 79.342657
B26: 46213 | C26: 10 | D26: MACKESON | E26: 1182 | F26: =[3]Jul!$N87 -> 537 | G26: 2687 | H26: =(G26)*24/(F26/60)/17000*100 -> 42.384489 | J26: =SUM(81.9,97.3) -> 179.2 | K26: =(G26)*0.066 -> 177.342 | L26: =J26-K26 -> 1.858 | M26: =[3]Jul!$AD26 -> 441 | N26: =2+6 -> 8 | P26: =(J26-K26)/J26*100 -> 1.0368304 | Q26: =G26/(E26/60) -> 136.39594 | S26: ='[4]Daily glue July'!$H$23 -> 0.0076677578
B27: 46213 | C27: 10 | D27: GUINNESS | F27: =[3]Jul!$N88 -> 471 | G27: 2615 | H27: =(G27)*24/(F27/60)/17000*100 -> 47.02885 | I27: 32.8 | J27: =SUM(102.8,97.6)-25 -> 175.4 | K27: =(G27)*0.066 -> 172.59 | L27: =J27-K27 -> 2.81 | M27: =[3]Jul!$AD27 -> 278 | N27: 3 | P27: =(J27-K27)/J27*100 -> 1.6020525 | Q27: =G27/(E26/60) -> 132.74112 | S27: ='[4]Daily glue July'!$H$25 -> 0.007166348
B28: 46216 | C28: 11 | D28: GUINNESS | E28: 1335 | F28: =[3]Jul!$N89 -> 929 | G28: 4221 | H28: =(G28)*24/(F28/60)/17000*100 -> 38.486925 | J28: =SUM(77.2,100.8,100.2,4) -> 282.2 | K28: =(G28)*0.066 -> 278.586 | L28: =J28-K28 -> 3.614 | M28: =[3]Jul!$AD28 -> 487 | N28: =1+12+31 -> 44 | P28: =(J28-K28)/J28*100 -> 1.280652 | Q28: =G28/(E28/60) -> 189.70787 | S28: =SUM('[4]Daily glue July'!$H$27) -> 0.0050196429
B29: 46216 | C29: 11 | D29: STAG | F29: =[3]Jul!$N90 -> 176 | G29: 1949 | H29: =(G29)*24/(F29/60)/17000*100 -> 93.802139 | J29: =SUM(100.5,100)-70 -> 130.5 | K29: =(G29)*0.066 -> 128.634 | L29: =J29-K29 -> 1.866 | M29: =[3]Jul!$AD29 -> 186 | N29: 3 | P29: =(J29-K29)/J29*100 -> 1.4298851 | Q29: =G29/(E28/60) -> 87.595506
B30: 46217 | C30: 12 | D30: STAG | E30: 1472 | F30: =[3]Jul!$N91 -> 1302 | G30: 9145 | H30: =(G30)*24/(F30/60)/17000*100 -> 59.495798 | J30: =SUM(70,90.5,101.1,104,93.5,35.5,45.3,98,78)-18-88 -> 609.9 | K30: =(G30)*0.066 -> 603.57 | L30: =J30-K30 -> 6.33 | M30: =[3]Jul!$AD30 -> 434 | N30: =2+5+5+1 -> 13 | P30: =(J30-K30)/J30*100 -> 1.0378751 | Q30: =G30/(E30/60) -> 372.75815 | S30: =SUM('[4]Daily glue July'!$H$29:$H$30) -> 0.010523659
B31: 46218 | C31: 13 | D31: CARIB FLINT EXPORT | E31: 1440 | F31: =[3]Jul!$N92 -> 566 | G31: 2896 | H31: =(G31)*24/(F31/60)/17000*100 -> 43.340678 | J31: =SUM(65.5,98,28.2) -> 191.7 | K31: =(G31)*0.066 -> 191.136 | L31: =J31-K31 -> 0.564 | M31: =[3]Jul!$AD31 -> 285 | N31: =10+9 -> 19 | P31: =(J31-K31)/J31*100 -> 0.2942097 | Q31: =G31/(E31/60) -> 120.66667 | S31: ='[4]Daily glue July'!$H$34 -> 0.0070134731 | U31: `
B32: 46218 | C32: 13 | D32: STAG | F32: =[3]Jul!$N93 -> 660 | G32: 2978 | H32: =(G32)*24/(F32/60)/17000*100 -> 38.220321 | J32: =SUM(88,99,105)-90 -> 202 | K32: =(G32)*0.066 -> 196.548 | L32: =J32-K32 -> 5.452 | M32: =[3]Jul!$AD32 -> 322 | N32: 5 | P32: =(J32-K32)/J32*100 -> 2.6990099 | Q32: =G32/(E31/60) -> 124.08333 | S32: =SUM('[4]Daily glue July'!$H$32:$H$33) -> 0.02559567
B33: 46219 | C33: 14 | D33: STAG | E33: 1425 | F33: =[3]Jul!$N94 -> 176 | G33: 1316 | H33: =(G33)*24/(F33/60)/17000*100 -> 63.336898 | J33: =SUM(90) -> 90 | K33: =(G33)*0.066 -> 86.856 | L33: =J33-K33 -> 3.144 | M33: =[3]Jul!$AD33 -> 58 | P33: =(J33-K33)/J33*100 -> 3.4933333 | Q33: =G33/(E33/60) -> 55.410526 | S33: ='[4]Daily glue July'!$H$35 -> 0.0066864891
B34: 46219 | C34: 14 | D34: CARIB FLINT EXPORT | F34: =[3]Jul!$N95 -> 606 | G34: 1858 | H34: =(G34)*24/(F34/60)/17000*100 -> 25.970879 | I34: 31 | J34: =SUM(99,88.8,90,98,47.1)-7.2-72.9 -> 342.8 | K34: =(G34+G35+G36)*0.066 -> 338.25 | L34: =J34-K34 -> 4.55 | M34: =[3]Jul!$AD34 -> 393 | N34: 4 | P34: =(J34-K34)/J34*100 -> 1.3273046 | Q34: =G34/(E33/60) -> 78.231579 | S34: ='[4]Daily glue July'!$H$36 -> 0.0057768187
B35: 46219 | C35: 14 | D35: CARIB FLINT LOCAL | F35: =[3]Jul!$N96 -> 244 | G35: 1176 | H35: =(G35)*24/(F35/60)/17000*100 -> 40.825458 | L35: =J35-K35 -> 0 | M35: =[3]Jul!$AD35 -> 107 | N35: 1 | Q35: =G35/(E33/60) -> 49.515789
B36: 46219 | C36: 14 | D36: CARIB AMBER | F36: =[3]Jul!$N97 -> 257 | G36: 2091 | H36: =(G36)*24/(F36/60)/17000*100 -> 68.918288 | L36: =J36-K36 -> 0 | M36: =[3]Jul!$AD36 -> 92 | N36: 1 | Q36: =G36/(E33/60) -> 88.042105
B37: 46220 | C37: 15 | D37: CARIB AMBER | E37: 1238 | F37: =[3]Jul!$N98 -> 203 | G37: 1090 | H37: =(G37)*24/(F37/60)/17000*100 -> 45.482469 | J37: =SUM(72.9) -> 72.9 | K37: =(G37)*0.066 -> 71.94 | L37: =J37-K37 -> 0.96 | M37: =[3]Jul!$AD37 -> 94 | N37: 3 | P37: =(J37-K37)/J37*100 -> 1.3168724 | Q37: =G37/(E37/60) -> 52.827141 | S37: =SUM('[4]Daily glue July'!$H$35:$H$36) -> 0.012463308
B38: 46220 | C38: 15 | D38: PINK TING | F38: =[3]Jul!$N99 -> 0 | G38: 0 | H38: =(G38)*24/(F38/60)/17000*100 -> #DIV/0! | K38: =(G38)*0.066 -> 0 | L38: =J38-K38 -> 0 | M38: =[3]Jul!$AD38 -> 1092 | P38: =(J38-K38)/J38*100 -> #DIV/0! | Q38: =G38/(F38/60) -> #DIV/0!
B39: 46223 | C39: 16 | D39: STAR MALT | E39: 1380 | F39: =[3]Jul!$N100 -> 1022 | G39: 6165 | H39: =(G39)*24/(F39/60)/17000*100 -> 51.097042 | J39: =SUM(100.3,98,103.4,99.3,16.1,8)-15 -> 410.1 | K39: =(G39)*0.066 -> 406.89 | L39: =J39-K39 -> 3.21 | M39: =[3]Jul!$AD39 -> 530 | N39: =12+3+8 -> 23 | P39: =(J39-K39)/J39*100 -> 0.78273592 | Q39: =G39/(E39/60) -> 268.04348 | S39: =SUM('[4]Daily glue July'!$H$41:$H$43) -> 0.01275936
B40: 46223 | C40: 16 | D40: PINK TING | F40: =[3]Jul!$N101 -> 0 | G40: 40 | H40: =(G40)*24/(F40/60)/17000*100 -> #DIV/0! | J40: =42*0.066 -> 2.772 | K40: =(G40)*0.066 -> 2.64 | L40: =J40-K40 -> 0.132 | M40: =[3]Jul!$AD40 -> 145 | P40: =(J40-K40)/J40*100 -> 4.7619048 | Q40: =G40/(F40/60) -> #DIV/0!
B41: 46224 | C41: 17 | D41: PINK TING | E41: 1440 | F41: =[3]Jul!$N102 -> 0 | H41: =(G41)*24/(F41/60)/17000*100 -> #DIV/0! | K41: =(G41)*0.066 -> 0 | L41: =J41-K41 -> 0 | M41: =[3]Jul!$AD41 -> 141 | P41: =(J41-K41)/J41*100 -> #DIV/0! | Q41: =G41/(F41/60) -> #DIV/0!
B42: 46224 | C42: 17 | D42: CARIB AMBER | F42: =[3]Jul!$N103 -> 754 | G42: 6077 | H42: =(G42)*24/(F42/60)/17000*100 -> 68.270245 | J42: =SUM(100,100.6,109,101.6) -> 411.2 | K42: =(G42)*0.066 -> 401.082 | L42: =J42-K42 -> 10.118 | M42: =[3]Jul!$AD42 -> 152 | N42: =2+1+3 -> 6 | P42: =(J42-K42)/J42*100 -> 2.4606031 | Q42: =G42/(E41/60) -> 253.20833 | S42: ='[4]Daily glue July'!$H$45 -> 0.0046386139
B43: 46224 | C43: 17 | D43: PINK TING | F43: =[3]Jul!$N104 -> 238 | G43: 1461 | H43: =(G43)*24/(F43/60)/17000*100 -> 51.998023 | J43: =1500*0.066 -> 99 | K43: =(G43)*0.066 -> 96.426 | L43: =J43-K43 -> 2.574 | M43: =[3]Jul!$AD43 -> 258 | N43: 11 | P43: =(J43-K43)/J43*100 -> 2.6 | Q43: =G43/(E41/60) -> 60.875 | S43: ='[4]Daily glue July'!$H$46 -> 0.0058452901
B44: 46225 | C44: 18 | D44: PINK TING | E44: 1427 | F44: =[3]Jul!$N105 -> 539 | G44: 3069 | H44: =(G44)*24/(F44/60)/17000*100 -> 48.230492 | J44: =3258*0.066 -> 215.028 | K44: =(G44)*0.066 -> 202.554 | L44: =J44-K44 -> 12.474 | M44: =[3]Jul!$AD44 -> 215 | P44: =(J44-K44)/J44*100 -> 5.801105 | Q44: =G44/(E44/60) -> 129.03994 | S44: ='[4]Daily glue July'!$H$47 -> 0.0043928739
B45: 46225 | C45: 18 | D45: PORNSTAR MARTINI (TRIAL) | F45: =[3]Jul!$N106 -> 0 | G45: 0 | H45: =(G45)*24/(F45/60)/17000*100 -> #DIV/0! | K45: =(G45)*0.066 -> 0 | L45: =J45-K45 -> 0 | M45: =[3]Jul!$AD45 -> 760 | N45: =8+4 -> 12 | P45: =(J45-K45)/J45*100 -> #DIV/0! | Q45: =G45/(E44/60) -> 0
B46: 46226 | C46: 19 | D46: PORNSTAR MARTINI (TRIAL) | E46: 1440 | F46: =[3]Jul!$N107 -> 194 | G46: 2605 | H46: =(G46)*24/(F46/60)/17000*100 -> 113.74166 | I46: 26.14 | J46: =SUM(89,89.7) -> 178.7 | K46: =(G46)*0.066 -> 171.93 | L46: =J46-K46 -> 6.77 | M46: =[3]Jul!$AD46 -> 748 | N46: 3 | P46: =(J46-K46)/J46*100 -> 3.7884723 | Q46: =G46/(E44/60) -> 109.53048 | S46: ='[4]Daily glue July'!$H$52 -> 0.010708571
B47: 46226 | C47: 19 | D47: DARK BERRY ROYALE (TRAIL) | F47: =[3]Jul!$N108 -> 297 | G47: 1316 | H47: =(G47)*24/(F47/60)/17000*100 -> 37.532977 | J47: 90.8 | K47: =(G47)*0.066 -> 86.856 | L47: =J47-K47 -> 3.944 | M47: =[3]Jul!$AD47 -> 220 | P47: =(J47-K47)/J47*100 -> 4.3436123 | Q47: =G47/(E46/60) -> 54.833333
B48: 46227 | C48: 20 | D48: DARK BERRY ROYALE (TRAIL) | E48: 1260 | F48: =[3]Jul!$N109 -> 305 | G48: 1392 | H48: =(G48)*24/(F48/60)/17000*100 -> 38.659209 | J48: =SUM(95) -> 95 | K48: =(G48)*0.066 -> 91.872 | L48: =J48-K48 -> 3.128 | M48: =[3]Jul!$AD48 -> 872 | N48: =20+13+12 -> 45 | P48: =(J48-K48)/J48*100 -> 3.2926316 | Q48: =G48/(E46/60) -> 58 | S48: ='[4]Daily glue July'!$H$55 -> 0.010096983
B49: 46227 | C49: 20 | D49: CARIB AMBER | F49: =[3]Jul!$N110 -> 0 | G49: 0 | H49: =(G49)*24/(F49/60)/17000*100 -> #DIV/0! | J49: 0 | K49: =(G49)*0.066 -> 0 | L49: =J49-K49 -> 0 | M49: =[3]Jul!$AD49 -> 170 | P49: =(J49-K49)/J49*100 -> #DIV/0! | Q49: =G49/(E48/60) -> 0
B50: 46230 | C50: 21 | D50: CARIB AMBER | E50: 1380 | F50: =[3]Jul!$N111 -> 1050 | G50: 5545 | H50: =(G50)*24/(F50/60)/17000*100 -> 44.732773 | I50: =15+2 -> 17 | J50: =SUM(99.6,100,99.7,98.5,100)-96.2-1-11-15 -> 374.6 | K50: =(G50)*0.066+(44*0.19) -> 374.33 | L50: =J50-K50 -> 0.27 | M50: =[3]Jul!$AD50 -> 701 | N50: =20+26 -> 46 | O50: 44 | P50: =(J50-K50)/J50*100 -> 0.072076882 | Q50: =G50/(E50/60) -> 241.08696 | S50: ='[4]Daily glue July'!$H$56 -> 0.020915179
B51: 46231 | C51: 22 | D51: CARIB AMBER | E51: 1431 | F51: =[3]Jul!$N112 -> 732 | G51: 5914 | H51: =(G51)*24/(F51/60)/17000*100 -> 68.435873 | J51: =SUM(96.2,1,102,98,95.5,97.8,90,90)-20.7 -> 649.8 | K51: =(G51+G52)*0.066 -> 642.048 | L51: =J51-K51 -> 7.752 | M51: =[3]Jul!$AD51 -> 137 | N51: =7+2+18 -> 27 | P51: =(J51-K51)/J51*100 -> 1.1929825 | Q51: =G51/(E51/60) -> 247.96646 | S51: =SUM('[4]Daily glue July'!$H$59:$H$60) -> 0.010684274
B52: 46231 | C52: 22 | D52: CARIB FLINT (EXPORT) | F52: =[3]Jul!$N113 -> 652 | G52: 3814 | H52: =(G52)*24/(F52/60)/17000*100 -> 49.550343 | L52: =J52-K52 -> 0 | M52: =[3]Jul!$AD52 -> 165 | Q52: =G52/(E51/60) -> 159.91614 | S52: ='[4]Daily glue July'!$H$61 -> 0.010411111
B53: 46232 | C53: 23 | D53: CARIB FLINT (EXPORT) | E53: 1430 | F53: =[3]Jul!$N114 -> 110 | G53: 787 | H53: =(G53)*24/(F53/60)/17000*100 -> 60.603209 | J53: =SUM(20.7,80) -> 100.7 | K53: =(G53+G54)*0.066 -> 99.198 | L53: =J53-K53 -> 1.502 | M53: =[3]Jul!$AD53 -> 32 | N53: 10 | P53: =(J53-K53)/J53*100 -> 1.4915591 | Q53: =G53/(E51/60) -> 32.997904 | S53: ='[4]Daily glue July'!$H$62 -> 0.0062341983
B54: 46232 | C54: 23 | D54: CARIB FLINT (LOCAL) | F54: =[3]Jul!$N115 -> 135 | G54: 716 | H54: =(G54)*24/(F54/60)/17000*100 -> 44.92549 | M54: =[3]Jul!$AD54 -> 115 | Q54: =G54/(E53/60) -> 30.041958
B55: 46232 | C55: 23 | D55: VITA MALT CLASSIC | F55: =[3]Jul!$N116 -> 411 | G55: 4074 | H55: =(G55)*24/(F55/60)/17000*100 -> 83.963933 | J55: =SUM(94,79,96,100)-79.5 -> 289.5 | K55: =(G55)*0.0708 -> 288.4392 | L55: =J55-K55 -> 1.0608 | M55: =[3]Jul!$AD55 -> 639 | N55: 5 | P55: =(J55-K55)/J55*100 -> 0.36642487 | Q55: =G55/(E53/60) -> 170.93706 | S55: ='[4]Daily glue July'!$H$64 -> 0.011974441
B56: 46233 | C56: 24 | D56: VITA MALT CLASSIC | E56: 1434 | F56: =[3]Jul!$N117 -> 151 | G56: 1196 | H56: =(G56)*24/(F56/60)/17000*100 -> 67.091547 | J56: =79.5+6 -> 85.5 | K56: =(G56)*0.0708 -> 84.6768 | L56: =J56-K56 -> 0.8232 | M56: =[3]Jul!$AD56 -> 36 | N56: 2 | P56: =(J56-K56)/J56*100 -> 0.96280702 | Q56: =G56/(E56/60) -> 50.041841 | S56: ='[4]Daily glue July'!$H$65 -> 0.0043785047
B57: 46233 | C57: 24 | D57: STAG | F57: =[3]Jul!$N118 -> 795 | G57: 7317 | H57: =(G57)*24/(F57/60)/17000*100 -> 77.961376 | J57: =SUM(98.7,97,97,98,98) -> 488.7 | K57: =(G57)*0.066 -> 482.922 | L57: =J57-K57 -> 5.778 | M57: =[3]Jul!$AD57 -> 367 | N57: =3+2+5 -> 10 | P57: =(J57-K57)/J57*100 -> 1.1823204 | Q57: =G57/(E56/60) -> 306.15063 | S57: ='[4]Daily glue July'!$H$67 -> 0.0058709273
B58: 46233 | C58: 24 | D58: CARIB AMBER | F58: =[3]Jul!$N119 -> 81 | G58: 595 | H58: =(G58)*24/(F58/60)/17000*100 -> 62.222222 | J58: =SUM(95.6)-56.1 -> 39.5 | K58: =(G58)*0.066 -> 39.27 | L58: =J58-K58 -> 0.23 | M58: =[3]Jul!$AD58 -> 97 | P58: =(J58-K58)/J58*100 -> 0.58227848 | Q58: =G58/(E56/60) -> 24.895397
B59: 46234 | C59: 25 | D59: CARIB AMBER | E59: 1250 | F59: =[3]Jul!$N120 -> 945 | G59: 7553 | H59: =(G59)*24/(F59/60)/17000*100 -> 67.701961 | J59: =SUM(56.1,77,73.5,97.6,77.4,70,56) -> 507.6 | K59: =(G59)*0.066 -> 498.498 | L59: =J59-K59 -> 9.102 | M59: =[3]Jul!$AD59 -> 265 | N59: =4+7+3 -> 14 | P59: =(J59-K59)/J59*100 -> 1.7931442 | Q59: =G59/(E59/60) -> 362.544 | S59: ='[4]Daily glue July'!$H$70 -> 0.0082120947
E60: =SUM(E8:E59) -> 31651 | F60: =SUM(F8:F59) -> 21462 | G60: =SUM(G8:G59) -> 135578 | H60: =(G60)*24/(F60/60)/17000*100 -> 53.509711 | I60: =SUM(I8:I59) -> 158.94 | J60: =SUM(J8:J59) -> 9161.9 | K60: =SUM(K8:K59) -> 9006.6824 | L60: =J60-K60 -> 155.2176 | M60: =SUM(M8:M59) -> 15871 | O60: =SUM(O8:O59) -> 44 | P60: =(J60-K60)/J60 -> 0.016941639 | Q60: =G60/(E60/60) -> 257.01178 | R60: =(January_2026!G63+February_2026!G60+March_2026!G60+'April_2026 '!G52+May_2026!G61+June_2026!G57+G60)/((January_2026!E63+February_2026!E60+March_2026!E60+'April_2026 '!E52+May_2026!F61+June_2026!F57+E60)/60) -> 285.79209 | S60: =SUM(S8:S59) -> 0.54449365
N61: KEGS
K62: Produced | L62: =G60+(O60*2.75) -> 135699 | N62: TOTAL CASES | O62: =O60*2.75 -> 121
N65: STAG | O65: =O10+O27+O36+O44 -> 0
G66: YTD CASES | H66: =June_2026!H65+L62 -> 780200.25 | I66: =June_2026!I65+G60 -> 776958 | N66: Smalt | O66: =O39 -> 0
H67: With Kegs | I67: With out Kegs | N67: CARIB | O67: =O9+O19+O25 -> 0
O68: =SUM(O65:O67) -> 0 | S68: =G68/(F68/60) -> #DIV/0!

Sheet August_2026
B1: GRENADA BREWERIES LIMITED
B3: PRODUCTION DEPARTMENT
B4: 46235
B5: DATE | C5: DAY | D5: PRODUCT | E5: AVAIL. | F5: FILL | G5: CASES | H5: Line Rated | I5: Cases on Hold | J5: BBT | K5: BOTTLED | L5: Diff BBT Hls vs Hls in Package | M5: DOWNTIME (Mins) | N5: REJECTS (Cases) | O5: KEGS | P5: BOTTLED | Q5: AVERAGE | R5: YTD | S5: Glue
E6: TIME | F6: TIME | G6: BOTTLED | H6: Efficiency | J6: HLS | K6: HLS | P6: LOSS | Q6: CASE/HR | R6: Ave Case per hour | S6: Usage
F7: Mins | H7: % | S7: lbs/case
B8: 46237 | C8: 1 | D8: GUINNESS | E8: 1350 | F8: =[3]Aug!$N75 -> 1188 | G8: 5831 | H8: =(G8)*24/(F8/60)/17000*100 -> 41.575758 | I8: 64 | J8: =SUM(96,95.8,98,97.2) -> 387 | K8: =(G8)*0.066 -> 384.846 | L8: =J8-K8 -> 2.154 | M8: =[3]Aug!$AD8 -> 615 | N8: =2+12+22 -> 36 | P8: =(J8-K8)/J8*100 -> 0.55658915 | Q8: =G8/(E8/60) -> 259.15556 | S8: ='[4]Daily glue Aug'!$H$4 -> 0.0093512974
B9: 46238 | C9: 2 | D9: CARIB AMBER | E9: 1440 | F9: =[3]Aug!$N76 -> 1228 | G9: 10243 | H9: =(G9)*24/(F9/60)/17000*100 -> 70.654915 | J9: =91+89.9+89.9+91.1+88.8+87.5+93.3+89.8+98.2+65+75-10.3-98.2-75-65.7 -> 710.3 | K9: =(G9)*0.066+(38*0.19) -> 683.258 | L9: =J9-K9 -> 27.042 | M9: =[3]Aug!$AD9 -> 357 | N9: =15+1+1+4 -> 21 | O9: 38 | P9: =(J9-K9)/J9*100 -> 3.8071238 | Q9: =G9/(E9/60) -> 426.79167 | S9: =SUM('[4]Daily glue Aug'!$H$5:$H$7) -> 0.017861501
B10: 46239 | C10: 3 | D10: CARIB AMBER | E10: 1440 | F10: =[3]Aug!$N77 -> 314 | G10: 2644 | H10: =(G10)*24/(F10/60)/17000*100 -> 71.32559 | J10: =10.3+98.2+75+65.7-65.7 -> 183.5 | K10: =(G10)*0.066 -> 174.504 | L10: =J10-K10 -> 8.996 | M10: =[3]Aug!$AD10 -> 73 | N10: 2 | P10: =(J10-K10)/J10*100 -> 4.9024523 | Q10: =(G10+G11+G12)/(E10/60) -> 305.5 | S10: =SUM('[4]Daily glue Aug'!$H$8:$H$10) -> 0.031200891
B11: 46239 | C11: 3 | D11: STAG | F11: =[3]Aug!$N78 -> 614 | G11: 4281 | H11: =(G11)*24/(F11/60)/17000*100 -> 59.05959 | J11: =95.3+100.8+99.2 -> 295.3 | K11: =(G11)*0.066+(30*0.19) -> 288.246 | L11: =J11-K11 -> 7.054 | M11: =[3]Aug!$AD11 -> 453 | N11: 60 | O11: 30 | P11: =(J11-K11)/J11*100 -> 2.3887572
B12: 46239 | C12: 3 | D12: CARIB AMBER | F12: =[3]Aug!$N79 -> 90 | G12: 407 | H12: =(G12)*24/(F12/60)/17000*100 -> 38.305882 | J12: =65.7+34.9+103-80-77 -> 46.6 | K12: =(G12)*0.066+(100*0.19) -> 45.862 | L12: =J12-K12 -> 0.738 | M12: =[3]Aug!$AD12 -> 52 | N12: 1 | O12: 100 | P12: =(J12-K12)/J12*100 -> 1.583691
B13: 46240 | C13: 4 | D13: CARIB AMBER | E13: 1440 | F13: =[3]Aug!$N80 -> 1262 | G13: 6934 | H13: =(G13)*24/(F13/60)/17000*100 -> 46.541251 | J13: =80+77+80+83.1+73.8+94.1 -> 488 | K13: =(G13)*0.066+(82*0.19) -> 473.224 | L13: =J13-K13 -> 14.776 | M13: =[3]Aug!$AD13 -> 614 | N13: 66 | O13: 82 | P13: =(J13-K13)/J13*100 -> 3.0278689 | Q13: =G13/(E13/60) -> 288.91667 | S13: =SUM('[4]Daily glue Aug'!$H$11:$H$13) -> 0.019949903
B14: 46241 | C14: 5 | D14: STAR MALT | E14: 1260 | F14: =[3]Aug!$N81 -> 828 | G14: 5846 | H14: =(G14)*24/(F14/60)/17000*100 -> 59.805627 | J14: =95+99.8+102.2+101 -> 398 | K14: =(G14)*0.066 -> 385.836 | L14: =J14-K14 -> 12.164 | M14: =[3]Aug!$AD14 -> 311 | N14: =4+9 -> 13 | P14: =(J14-K14)/J14*100 -> 3.0562814 | Q14: =(G14+G15)/(E14/60) -> 302.04762 | S14: =SUM('[4]Daily glue Aug'!$H$14:$H$16) -> 0.017628332
B15: 46241 | C15: 5 | D15: CARIB FLINT LOCAL | F15: =[3]Aug!$N82 -> 64 | G15: 497 | H15: =(G15)*24/(F15/60)/17000*100 -> 65.779412 | J15: =95.8+99.5-76.2-85.4 -> 33.7 | K15: =(G15)*0.066 -> 32.802 | L15: =J15-K15 -> 0.898 | M15: =[3]Aug!$AD15 -> 147 | N15: 3 | P15: =(J15-K15)/J15*100 -> 2.6646884
B16: 46246 | C16: 6 | D16: CARIB FLINT EXPORT | E16: 1030 | F16: =[3]Aug!$N83 -> 628 | G16: 4542 | H16: =(G16)*24/(F16/60)/17000*100 -> 61.263395 | I16: 8 | J16: =76.2+85.4+96+100.2-54.9 -> 302.9 | K16: =(G16)*0.066 -> 299.772 | L16: =J16-K16 -> 3.128 | M16: =[3]Aug!$AD16 -> 471 | N16: =7+8 -> 15 | P16: =(J16-K16)/J16*100 -> 1.0326841 | Q16: =G16/(E16/60) -> 264.58252 | S16: =SUM('[4]Daily glue Aug'!$H$17:$H$18) -> 0.021763761
B17: 46247 | C17: 7 | D17: CARIB FLINT LOCAL | E17: 1430 | F17: =[3]Aug!$N84 -> 88 | G17: 899 | H17: =(G17)*24/(F17/60)/17000*100 -> 86.534759 | J17: =54.9+93+78+105 -> 330.9 | K17: =(G17+G18)*0.066 -> 329.142 | L17: =J17-K17 -> 1.758 | M17: =[3]Aug!$AD17 -> 53 | P17: =(J17-K17)/J17*100 -> 0.53127833 | Q17: =(G17+G18+G19)/(E17/60) -> 342.83916 | S17: =SUM('[4]Daily glue Aug'!$H$19:$H$21) -> 0.021715098
B18: 46247 | C18: 7 | D18: CARIB AMBER | F18: =[3]Aug!$N85 -> 702 | G18: 4088 | H18: =(G18)*24/(F18/60)/17000*100 -> 49.3273 | M18: =[3]Aug!$AD18 -> 195 | N18: 2 | V18: ex
B19: 46247 | C19: 7 | D19: STAG | F19: =[3]Aug!$N86 -> 439 | G19: 3184 | H19: =(G19)*24/(F19/60)/17000*100 -> 61.435884 | J19: =93.7+85.6+94.8+94-83-68.9 -> 216.2 | K19: =(G19)*0.066 -> 210.144 | L19: =J19-K19 -> 6.056 | M19: =[3]Aug!$AD19 -> 186 | N19: 6 | P19: =(J19-K19)/J19*100 -> 2.8011101 | V19: no shields
B20: 46248 | C20: 8 | D20: STAG | E20: 1260 | F20: =[3]Aug!$N87 -> 887 | G20: 6323 | H20: =(G20)*24/(F20/60)/17000*100 -> 60.382784 | I20: 13 | J20: =83+68.9+94+94+82 -> 421.9 | K20: =(G20)*0.066 -> 417.318 | L20: =J20-K20 -> 4.582 | M20: =[3]Aug!$AD20 -> 310 | N20: =1+4+8 -> 13 | P20: =(J20-K20)/J20*100 -> 1.0860393 | Q20: =(G20+G21)/(E20/60) -> 332 | S20: =SUM('[4]Daily glue Aug'!$H$22:$H$24) -> 0.013722809
B21: 46248 | C21: 8 | D21: CARIB AMBER | F21: =[3]Aug!$N88 -> 98 | G21: 649 | H21: =(G21)*24/(F21/60)/17000*100 -> 56.096038 | I21: 280 | J21: =97.8+96.8-71-78.5 -> 45.1 | K21: =(G21)*0.066 -> 42.834 | L21: =J21-K21 -> 2.266 | M21: =[3]Aug!$AD21 -> 25 | N21: 2 | P21: =(J21-K21)/J21*100 -> 5.0243902
B22: 46251 | C22: 9 | D22: CARIB EXPORT | E22: 1380 | F22: =[3]Aug!$N89 -> 1093 | G22: 5292 | H22: =(G22)*24/(F22/60)/17000*100 -> 41.012217 | J22: =71+78.5+82+88+96-13-32 -> 370.5 | K22: =(G22+G23)*0.066 -> 369.468 | L22: =J22-K22 -> 1.032 | M22: =[3]Aug!$AD22 -> 487 | N22: =5+1+11 -> 17 | P22: =(J22-K22)/J22*100 -> 0.27854251 | Q22: =(G22+G23)/(E22/60) -> 243.3913 | S22: =SUM('[4]Daily glue Aug'!$H$25:$H$27) -> 0.041077895
B23: 46251 | C23: 9 | D23: CARIB FLINT LOCAL | F23: =[3]Aug!$N90 -> 80 | G23: 306 | H23: =(G23)*24/(F23/60)/17000*100 -> 32.4 | M23: =[3]Aug!$AD23 -> 96 | N23: 0
B24: 46252 | C24: 10 | D24: CARIB FLINT LOCAL | E24: 1440 | F24: =[3]Aug!$N91 -> 195 | G24: 825 | H24: =(G24)*24/(F24/60)/17000*100 -> 35.837104 | J24: =13+32+99+99.7+93.5+98+83.7+98.6+97-70 -> 644.5 | K24: =(G24+G25)*0.066 -> 628.188 | L24: =J24-K24 -> 16.312 | M24: =[3]Aug!$AD24 -> 171 | N24: 11 | P24: =(J24-K24)/J24*100 -> 2.5309542 | Q24: =(G24+G25)/(E24/60) -> 396.58333 | S24: =SUM('[4]Daily glue Aug'!$H$28:$H$30) -> 0.019139968
B25: 46252 | C25: 10 | D25: CARIB AMBER | F25: =[3]Aug!$N92 -> 1130 | G25: 8693 | H25: =(G25)*24/(F25/60)/17000*100 -> 65.163561 | M25: =[3]Aug!$AD25 -> 170 | N25: 3
B26: 46253 | C26: 11 | D26: CARIB AMBER | E26: 1440 | F26: =[3]Aug!$N93 -> 744 | G26: 6634 | H26: =(G26)*24/(F26/60)/17000*100 -> 75.529412 | J26: =70+90.8+92+96+98 -> 446.8 | K26: =(G26)*0.066 -> 437.844 | L26: =J26-K26 -> 8.956 | M26: =[3]Aug!$AD26 -> 178 | N26: 6 | P26: =(J26-K26)/J26*100 -> 2.0044763 | Q26: =(G26+G27)/(E26/60) -> 360.45833 | S26: =SUM('[4]Daily glue Aug'!$H$31:$H$33) -> 0.013731128
B27: 46253 | C27: 11 | D27: TING ORIGINAL | F27: =[3]Aug!$N94 -> 255 | G27: 2017 | H27: =(G27)*24/(F27/60)/17000*100 -> 67.000692 | J27: =((1800*2)*0.066) -> 237.6 | K27: =(G27+G28)*0.066 -> 232.65 | L27: =J27-K27 -> 4.95 | M27: =[3]Aug!$AD27 -> 288 | N27: 32 | P27: =(J27-K27)/J27*100 -> 2.0833333
B28: 46254 | C28: 12 | D28: TING ORIGINAL | E28: 1240 | F28: =[3]Aug!$N95 -> 210 | G28: 1508 | H28: =(G28)*24/(F28/60)/17000*100 -> 60.826891 | M28: =[3]Aug!$AD28 -> 48 | N28: 3 | Q28: =(G28+G29)/(E28/60) -> 421.45161 | S28: =SUM('[4]Daily glue Aug'!$H$34:$H$36) -> 0.017701872
B29: 46254 | C29: 12 | D29: STAG | F29: =[3]Aug!$N96 -> 820 | G29: 7202 | H29: =(G29)*24/(F29/60)/17000*100 -> 74.396557 | J29: =97.8+97+103+97+85 -> 479.8 | K29: =(G29)*0.066 -> 475.332 | L29: =J29-K29 -> 4.468 | M29: =[3]Aug!$AD29 -> 295 | N29: 4 | P29: =(J29-K29)/J29*100 -> 0.93122134
B30: 46255 | D30: NO BOTTLING | F30: =[3]Aug!$N97 -> 0 | H30: =(G30)*24/(F30/60)/17000*100 -> #DIV/0! | K30: =(G30)*0.066 -> 0 | L30: =J30-K30 -> 0 | M30: =[3]Aug!$AD30 -> 0 | P30: =(J30-K30)/J30*100 -> #DIV/0! | Q30: =G30/(E30/60) -> #DIV/0!
B31: 46258 | C31: 13 | D31: CARIB AMBER | E31: 1380 | F31: =[3]Aug!$N98 -> 869 | G31: 5470 | H31: =(G31)*24/(F31/60)/17000*100 -> 53.318893 | J31: =SUM(86.7,94,94,92.4) -> 367.1 | K31: =(G31)*0.066 -> 361.02 | L31: =J31-K31 -> 6.08 | M31: =[3]Aug!$AD31 -> 482 | N31: =8+30+11 -> 49 | P31: =(J31-K31)/J31*100 -> 1.6562245 | Q31: =G31/(E31/60) -> 237.82609 | S31: =SUM('[4]Daily glue Aug'!$H$39:$H$41) -> 0.028544333
B32: 46258 | C32: 13 | D32: STAR MALT | F32: =[3]Aug!$N99 -> 110 | G32: 274 | H32: =(G32)*24/(F32/60)/17000*100 -> 21.099465 | J32: =SUM(97.8,95.4)-80.9-93.2 -> 19.1 | K32: =(G32)*0.066 -> 18.084 | L32: =J32-K32 -> 1.016 | M32: =[3]Aug!$AD32 -> 191 | N32: 0 | P32: =(J32-K32)/J32*100 -> 5.3193717 | Q32: =G32/(E31/60) -> 11.913043
B33: 46259 | C33: 14 | D33: STAR MALT | E33: 1440 | F33: =[3]Aug!$N100 -> 1075 | G33: 6773 | H33: =(G33)*24/(F33/60)/17000*100 -> 53.368646 | J33: =SUM(92,80.9,93.2,97.3,94) -> 457.4 | K33: =(G33)*0.066 -> 447.018 | L33: =J33-K33 -> 10.382 | M33: =[3]Aug!$AD33 -> 336 | N33: =3+3 -> 6 | P33: =(J33-K33)/J33*100 -> 2.2697857 | Q33: =G33/(E33/60) -> 282.20833 | S33: =SUM('[4]Daily glue Aug'!$H$42:$H$43) -> 0.011789071
B34: 46259 | C34: 14 | D34: GUINNESS | F34: =[3]Aug!$N101 -> 48 | G34: 466 | H34: =(G34)*24/(F34/60)/17000*100 -> 82.235294 | J34: =SUM(89.4)-58.5 -> 30.9 | K34: =(G34)*0.066 -> 30.756 | L34: =J34-K34 -> 0.144 | M34: =[3]Aug!$AD34 -> 243 | N34: 0 | P34: =(J34-K34)/J34*100 -> 0.46601942 | Q34: =G34/(E33/60) -> 19.416667
B35: 46260 | C35: 15 | D35: GUINNESS | E35: 1440 | F35: =[3]Aug!$N102 -> 951 | G35: 5146 | H35: =(G35)*24/(F35/60)/17000*100 -> 45.835591 | J35: =SUM(58.5,92,93,94,3) -> 340.5 | K35: =(G35)*0.066 -> 339.636 | L35: =J35-K35 -> 0.864 | M35: =[3]Aug!$AD35 -> 452 | N35: =5+4+43 -> 52 | P35: =(J35-K35)/J35*100 -> 0.25374449 | Q35: =G35/(E35/60) -> 214.41667 | S35: =SUM('[4]Daily glue Aug'!$H$45:$H$46) -> 0.019426068
B36: 46260 | C36: 15 | D36: CARIB AMBER | F36: =[3]Aug!$N103 -> 148 | G36: 1143 | H36: =(G36)*24/(F36/60)/17000*100 -> 65.418124 | J36: =SUM(95,94)-47.1-63.7 -> 78.2 | K36: =(G36)*0.066 -> 75.438 | L36: =J36-K36 -> 2.762 | M36: =[3]Aug!$AD36 -> 112 | N36: 2 | P36: =(J36-K36)/J36*100 -> 3.5319693 | Q36: =G36/(E35/60) -> 47.625 | S36: ='[4]Daily glue Aug'!$H$48 -> 0.0049752212
B37: 46261 | C37: 16 | D37: CARIB AMBER | E37: 1440 | F37: =[3]Aug!$N104 -> 651 | G37: 4346 | H37: =(G37)*24/(F37/60)/17000*100 -> 56.548658 | I37: 22 | J37: =SUM(47.1,90,63.7,88) -> 288.8 | K37: =(G37)*0.066 -> 286.836 | L37: =J37-K37 -> 1.964 | M37: =[3]Aug!$AD37 -> 220 | N37: =5+5 -> 10 | P37: =(J37-K37)/J37*100 -> 0.6800554 | Q37: =G37/(E37/60) -> 181.08333 | S37: =SUM('[4]Daily glue Aug'!$H$48:$H$49) -> 0.010759172
B38: 46261 | C38: 16 | D38: J. COOL SODA WATER | F38: =[3]Aug!$N105 -> 100 | G38: 704 | H38: =(G38)*24/(F38/60)/17000*100 -> 59.632941 | J38: =K38 -> 46.464 | K38: =(G38)*0.066 -> 46.464 | L38: =J38-K38 -> 0 | M38: =[3]Aug!$AD38 -> 228 | N38: 0 | P38: =(J38-K38)/J38*100 -> 0 | Q38: =G38/(E37/60) -> 29.333333 | S38: ='[4]Daily glue Aug'!$H$50/2 -> 0.0028955501
B39: 46261 | C39: 16 | D39: J.COOL. KOLA CHMAP | F39: =[3]Aug!$N106 -> 208 | G39: 1233 | H39: =(G39)*24/(F39/60)/17000*100 -> 50.21267 | J39: =1260*0.066 -> 83.16 | K39: =(G39)*0.066 -> 81.378 | L39: =J39-K39 -> 1.782 | M39: =[3]Aug!$AD39 -> 68 | N39: 3 | P39: =(J39-K39)/J39*100 -> 2.1428571 | Q39: =G39/(E37/60) -> 51.375 | S39: ='[4]Daily glue Aug'!$H$50/2 -> 0.0028955501
B40: 46262 | C40: 17 | D40: J.COOL. CREAM SODA | E40: 1260 | F40: =[3]Aug!$N107 -> 237 | G40: 1166 | H40: =(G40)*24/(F40/60)/17000*100 -> 41.673864 | J40: =1260*0.066 -> 83.16 | K40: =(G40)*0.066 -> 76.956 | L40: =J40-K40 -> 6.204 | M40: =[3]Aug!$AD40 -> 192 | N40: 32 | P40: =(J40-K40)/J40*100 -> 7.4603175 | Q40: =G40/(E40/60) -> 55.52381 | S40: ='[4]Daily glue Aug'!$H$50 -> 0.0057911001
B41: 46262 | C41: 17 | D41: J COOL BANANA | F41: =[3]Aug!$N108 -> 95 | G41: 612 | H41: =(G41)*24/(F41/60)/17000*100 -> 54.568421 | J41: =630*0.066 -> 41.58 | K41: =(G41)*0.066 -> 40.392 | L41: =J41-K41 -> 1.188 | M41: =[3]Aug!$AD41 -> 42 | N41: =3+8 -> 11 | P41: =(J41-K41)/J41*100 -> 2.8571429 | Q41: =G41/(E40/60) -> 29.142857 | S41: ='[4]Daily glue Aug'!$H$52 -> 0.0073375098
B42: 46262 | C42: 17 | D42: J.COO GRAPE | F42: =[3]Aug!$N109 -> 84 | G42: 665 | H42: =(G42)*24/(F42/60)/17000*100 -> 67.058824 | J42: =670*0.066 -> 44.22 | K42: =(G42)*0.066 -> 43.89 | L42: =J42-K42 -> 0.33 | M42: =[3]Aug!$AD42 -> 62 | N42: 11 | P42: =(J42-K42)/J42*100 -> 0.74626866 | Q42: =G42/(E40/60) -> 31.666667
B43: 46262 | C43: 17 | D43: VITA MALT | F43: =[3]Aug!$N110 -> 200 | G43: 1177 | H43: =(G43)*24/(F43/60)/17000*100 -> 49.849412 | J43: =SUM(95)-11.5 -> 83.5 | K43: =(G43)*0.0708 -> 83.3316 | L43: =J43-K43 -> 0.1684 | M43: =[3]Aug!$AD43 -> 421 | N43: 5 | P43: =(J43-K43)/J43*100 -> 0.20167665 | Q43: =G43/(E40/60) -> 56.047619 | S43: ='[4]Daily glue Aug'!$H$52 -> 0.0073375098
B44: 46265 | C44: 18 | D44: VITA MALT | E44: 1380 | F44: =[3]Aug!$N111 -> 599 | G44: 4222 | H44: =(G44)*24/(F44/60)/17000*100 -> 59.704213 | J44: =SUM(93.5,99.4,93.7,11.5,5) -> 303.1 | K44: =(G44)*0.0708 -> 298.9176 | L44: =J44-K44 -> 4.1824 | M44: =[3]Aug!$AD44 -> 721 | N44: =15+2 -> 17 | P44: =(J44-K44)/J44*100 -> 1.3798746 | Q44: =G44/(E44/60) -> 183.56522 | S44: ='[4]Daily glue Aug'!$H$56 -> 0.0092467105
H45: =(G45)*24/(F45/60)/17000*100 -> #DIV/0! | K45: =(G45)*0.066 -> 0 | L45: =J45-K45 -> 0 | P45: =(J45-K45)/J45*100 -> #DIV/0! | Q45: =G45/(E45/60) -> #DIV/0!
H46: =(G46)*24/(F46/60)/17000*100 -> #DIV/0! | K46: =(G46)*0.066 -> 0 | L46: =J46-K46 -> 0 | P46: =(J46-K46)/J46*100 -> #DIV/0! | Q46: =G46/(E46/60) -> #DIV/0!
H47: =(G47)*24/(F47/60)/17000*100 -> #DIV/0! | K47: =(G47)*0.066 -> 0 | L47: =J47-K47 -> 0 | P47: =(J47-K47)/J47*100 -> #DIV/0! | Q47: =G47/(E47/60) -> #DIV/0!
H48: =(G48)*24/(F48/60)/17000*100 -> #DIV/0! | K48: =(G48)*0.066 -> 0 | L48: =J48-K48 -> 0 | P48: =(J48-K48)/J48*100 -> #DIV/0! | Q48: =G48/(E48/60) -> #DIV/0!
H49: =(G49)*24/(F49/60)/17000*100 -> #DIV/0! | K49: =(G49)*0.066 -> 0 | L49: =J49-K49 -> 0 | P49: =(J49-K49)/J49*100 -> #DIV/0! | Q49: =G49/(E49/60) -> #DIV/0!
H50: =(G50)*24/(F50/60)/17000*100 -> #DIV/0! | K50: =(G50)*0.066 -> 0 | L50: =J50-K50 -> 0 | P50: =(J50-K50)/J50*100 -> #DIV/0! | Q50: =G50/(E50/60) -> #DIV/0!
H51: =(G51)*24/(F51/60)/17000*100 -> #DIV/0! | K51: =(G51)*0.066 -> 0 | L51: =J51-K51 -> 0 | P51: =(J51-K51)/J51*100 -> #DIV/0! | Q51: =G51/(E51/60) -> #DIV/0!
H52: =(G52)*24/(F52/60)/17000*100 -> #DIV/0! | K52: =(G52)*0.066 -> 0 | L52: =J52-K52 -> 0 | P52: =(J52-K52)/J52*100 -> #DIV/0! | Q52: =G52/(E52/60) -> #DIV/0!
H53: =(G53)*24/(F53/60)/17000*100 -> #DIV/0! | K53: =(G53)*0.066 -> 0 | L53: =J53-K53 -> 0 | P53: =(J53-K53)/J53*100 -> #DIV/0! | Q53: =G53/(E53/60) -> #DIV/0!
H54: =(G54)*24/(F54/60)/17000*100 -> #DIV/0! | K54: =(G54)*0.066 -> 0 | L54: =J54-K54 -> 0 | P54: =(J54-K54)/J54*100 -> #DIV/0! | Q54: =G54/(E54/60) -> #DIV/0!
H55: =(G55)*24/(F55/60)/17000*100 -> #DIV/0! | K55: =(G55)*0.066 -> 0 | L55: =J55-K55 -> 0 | P55: =(J55-K55)/J55*100 -> #DIV/0! | Q55: =G55/(E55/60) -> #DIV/0!
H56: =(G56)*24/(F56/60)/17000*100 -> #DIV/0! | K56: =(G56)*0.066 -> 0 | L56: =J56-K56 -> 0 | P56: =(J56-K56)/J56*100 -> #DIV/0! | Q56: =G56/(E56/60) -> #DIV/0!
E57: =SUM(E8:E56) -> 24490 | F57: =SUM(F8:F55) -> 18332 | G57: =SUM(G8:G56) -> 122242 | H57: =(G57)*24/(F57/60)/17000*100 -> 56.483834 | I57: =SUM(I8:I34) -> 365 | J57: =SUM(J8:J56) -> 8305.784 | K57: =SUM(K8:K56) -> 8141.3872 | L57: =J57-K57 -> 164.3968 | M57: =SUM(M8:M55) -> 9365 | N57: =SUM(N8:N56) -> 514 | O57: =SUM(O8:O56) -> 250 | P57: =(J57-K57)/J57 -> 0.01979305 | Q57: =G57/(F57/60) -> 400.09383 | R57: =(January_2026!G65+February_2026!G63+March_2026!G62+'April_2026 '!G54+May_2026!G63+June_2026!G57+July_2026!G60+G57)/((January_2026!E65+February_2026!E63+March_2026!E62+'April_2026 '!E54+May_2026!F63+June_2026!E57+July_2026!E60+E57)/60) -> 273.20235 | S57: =SUM(S5:S56) -> 0.35584225
N58: KEGS
K59: Produced | L59: =G57+O59 -> 122929.5 | N59: TOTAL CASES | O59: =O57*2.75 -> 687.5
N61: Stag | O61: =O34 -> 0
N62: Carib | O62: =O37+O21+O19+O15 -> 0
N63: Bad Dog
H64: =95.3-45 -> 50.3 | N64: Total Kegs | O64: =SUM(O61:O63) -> 0
F67: 21461 | G67: =G57 -> 122242 | H67: =(G67)*24/(F67/60)/17000*100 -> 48.248527

Sheet September_206
B1: GRENADA BREWERIES LIMITED
B3: PRODUCTION DEPARTMENT
A4: 46266 | AG4: 45870 | AW4: 45870 | BM4: 45870 | CC4: 45870 | CS4: 45870 | DI4: 45870 | DY4: 45870 | EO4: 45870 | FE4: 45870 | FU4: 45870 | GK4: 45870 | HA4: 45870 | HQ4: 45870 | IG4: 45870 | IW4: 45870 | JM4: 45870 | KC4: 45870 | KS4: 45870 | LI4: 45870 | LY4: 45870 | MO4: 45870 | NE4: 45870 | NU4: 45870 | OK4: 45870 | PA4: 45870 | PQ4: 45870 | QG4: 45870 | QW4: 45870 | RM4: 45870 | SC4: 45870 | SS4: 45870 | TI4: 45870 | TY4: 45870 | UO4: 45870 | VE4: 45870 | VU4: 45870 | WK4: 45870 | XA4: 45870 | XQ4: 45870 | YG4: 45870 | YW4: 45870 | ZM4: 45870 | AAC4: 45870 | AAS4: 45870 | ABI4: 45870 | ABY4: 45870 | ACO4: 45870 | ADE4: 45870 | ADU4: 45870 | AEK4: 45870 | AFA4: 45870 | AFQ4: 45870 | AGG4: 45870 | AGW4: 45870 | AHM4: 45870 | AIC4: 45870 | AIS4: 45870 | AJI4: 45870 | AJY4: 45870 | AKO4: 45870 | ALE4: 45870 | ALU4: 45870 | AMK4: 45870 | ANA4: 45870 | ANQ4: 45870 | AOG4: 45870 | AOW4: 45870 | APM4: 45870 | AQC4: 45870 | AQS4: 45870 | ARI4: 45870 | ARY4: 45870 | ASO4: 45870 | ATE4: 45870 | ATU4: 45870 | AUK4: 45870 | AVA4: 45870 | AVQ4: 45870 | AWG4: 45870 | AWW4: 45870 | AXM4: 45870 | AYC4: 45870 | AYS4: 45870 | AZI4: 45870 | AZY4: 45870 | BAO4: 45870 | BBE4: 45870 | BBU4: 45870 | BCK4: 45870 | BDA4: 45870 | BDQ4: 45870 | BEG4: 45870 | BEW4: 45870 | BFM4: 45870 | BGC4: 45870 | BGS4: 45870 | BHI4: 45870 | BHY4: 45870 | BIO4: 45870 | BJE4: 45870 | BJU4: 45870 | BKK4: 45870 | BLA4: 45870 | BLQ4: 45870 | BMG4: 45870 | BMW4: 45870 | BNM4: 45870 | BOC4: 45870 | BOS4: 45870 | BPI4: 45870 | BPY4: 45870 | BQO4: 45870 | BRE4: 45870 | BRU4: 45870 | BSK4: 45870 | BTA4: 45870 | BTQ4: 45870 | BUG4: 45870 | BUW4: 45870 | BVM4: 45870 | BWC4: 45870 | BWS4: 45870 | BXI4: 45870 | BXY4: 45870 | BYO4: 45870 | BZE4: 45870 | BZU4: 45870 | CAK4: 45870 | CBA4: 45870 | CBQ4: 45870 | CCG4: 45870 | CCW4: 45870 | CDM4: 45870 | CEC4: 45870 | CES4: 45870 | CFI4: 45870 | CFY4: 45870 | CGO4: 45870 | CHE4: 45870 | CHU4: 45870 | CIK4: 45870 | CJA4: 45870 | CJQ4: 45870 | CKG4: 45870 | CKW4: 45870 | CLM4: 45870 | CMC4: 45870 | CMS4: 45870 | CNI4: 45870 | CNY4: 45870 | COO4: 45870 | CPE4: 45870 | CPU4: 45870 | CQK4: 45870 | CRA4: 45870 | CRQ4: 45870 | CSG4: 45870 | CSW4: 45870 | CTM4: 45870 | CUC4: 45870 | CUS4: 45870 | CVI4: 45870 | CVY4: 45870 | CWO4: 45870 | CXE4: 45870 | CXU4: 45870 | CYK4: 45870 | CZA4: 45870 | CZQ4: 45870 | DAG4: 45870 | DAW4: 45870 | DBM4: 45870 | DCC4: 45870 | DCS4: 45870 | DDI4: 45870 | DDY4: 45870 | DEO4: 45870 | DFE4: 45870 | DFU4: 45870 | DGK4: 45870 | DHA4: 45870 | DHQ4: 45870 | DIG4: 45870 | DIW4: 45870 | DJM4: 45870 | DKC4: 45870 | DKS4: 45870 | DLI4: 45870 | DLY4: 45870 | DMO4: 45870 | DNE4: 45870 | DNU4: 45870 | DOK4: 45870 | DPA4: 45870 | DPQ4: 45870 | DQG4: 45870 | DQW4: 45870 | DRM4: 45870 | DSC4: 45870 | DSS4: 45870 | DTI4: 45870 | DTY4: 45870 | DUO4: 45870 | DVE4: 45870 | DVU4: 45870 | DWK4: 45870 | DXA4: 45870 | DXQ4: 45870 | DYG4: 45870 | DYW4: 45870 | DZM4: 45870 | EAC4: 45870 | EAS4: 45870 | EBI4: 45870 | EBY4: 45870 | ECO4: 45870 | EDE4: 45870 | EDU4: 45870 | EEK4: 45870 | EFA4: 45870 | EFQ4: 45870 | EGG4: 45870 | EGW4: 45870 | EHM4: 45870 | EIC4: 45870 | EIS4: 45870 | EJI4: 45870 | EJY4: 45870 | EKO4: 45870 | ELE4: 45870 | ELU4: 45870 | EMK4: 45870 | ENA4: 45870 | ENQ4: 45870 | EOG4: 45870 | EOW4: 45870 | EPM4: 45870 | EQC4: 45870 | EQS4: 45870 | ERI4: 45870 | ERY4: 45870 | ESO4: 45870 | ETE4: 45870 | ETU4: 45870 | EUK4: 45870 | EVA4: 45870 | EVQ4: 45870 | EWG4: 45870 | EWW4: 45870 | EXM4: 45870 | EYC4: 45870 | EYS4: 45870 | EZI4: 45870 | EZY4: 45870 | FAO4: 45870 | FBE4: 45870 | FBU4: 45870 | FCK4: 45870 | FDA4: 45870 | FDQ4: 45870 | FEG4: 45870 | FEW4: 45870 | FFM4: 45870 | FGC4: 45870 | FGS4: 45870 | FHI4: 45870 | FHY4: 45870 | FIO4: 45870 | FJE4: 45870 | FJU4: 45870 | FKK4: 45870 | FLA4: 45870 | FLQ4: 45870 | FMG4: 45870 | FMW4: 45870 | FNM4: 45870 | FOC4: 45870 | FOS4: 45870 | FPI4: 45870 | FPY4: 45870 | FQO4: 45870 | FRE4: 45870 | FRU4: 45870 | FSK4: 45870 | FTA4: 45870 | FTQ4: 45870 | FUG4: 45870 | FUW4: 45870 | FVM4: 45870 | FWC4: 45870 | FWS4: 45870 | FXI4: 45870 | FXY4: 45870 | FYO4: 45870 | FZE4: 45870 | FZU4: 45870 | GAK4: 45870 | GBA4: 45870 | GBQ4: 45870 | GCG4: 45870 | GCW4: 45870 | GDM4: 45870 | GEC4: 45870 | GES4: 45870 | GFI4: 45870 | GFY4: 45870 | GGO4: 45870 | GHE4: 45870 | GHU4: 45870 | GIK4: 45870 | GJA4: 45870 | GJQ4: 45870 | GKG4: 45870 | GKW4: 45870 | GLM4: 45870 | GMC4: 45870 | GMS4: 45870 | GNI4: 45870 | GNY4: 45870 | GOO4: 45870 | GPE4: 45870 | GPU4: 45870 | GQK4: 45870 | GRA4: 45870 | GRQ4: 45870 | GSG4: 45870 | GSW4: 45870 | GTM4: 45870 | GUC4: 45870 | GUS4: 45870 | GVI4: 45870 | GVY4: 45870 | GWO4: 45870 | GXE4: 45870 | GXU4: 45870 | GYK4: 45870 | GZA4: 45870 | GZQ4: 45870 | HAG4: 45870 | HAW4: 45870 | HBM4: 45870 | HCC4: 45870 | HCS4: 45870 | HDI4: 45870 | HDY4: 45870 | HEO4: 45870 | HFE4: 45870 | HFU4: 45870 | HGK4: 45870 | HHA4: 45870 | HHQ4: 45870 | HIG4: 45870 | HIW4: 45870 | HJM4: 45870 | HKC4: 45870 | HKS4: 45870 | HLI4: 45870 | HLY4: 45870 | HMO4: 45870 | HNE4: 45870 | HNU4: 45870 | HOK4: 45870 | HPA4: 45870 | HPQ4: 45870 | HQG4: 45870 | HQW4: 45870 | HRM4: 45870 | HSC4: 45870 | HSS4: 45870 | HTI4: 45870 | HTY4: 45870 | HUO4: 45870 | HVE4: 45870 | HVU4: 45870 | HWK4: 45870 | HXA4: 45870 | HXQ4: 45870 | HYG4: 45870 | HYW4: 45870 | HZM4: 45870 | IAC4: 45870 | IAS4: 45870 | IBI4: 45870 | IBY4: 45870 | ICO4: 45870 | IDE4: 45870 | IDU4: 45870 | IEK4: 45870 | IFA4: 45870 | IFQ4: 45870 | IGG4: 45870 | IGW4: 45870 | IHM4: 45870 | IIC4: 45870 | IIS4: 45870 | IJI4: 45870 | IJY4: 45870 | IKO4: 45870 | ILE4: 45870 | ILU4: 45870 | IMK4: 45870 | INA4: 45870 | INQ4: 45870 | IOG4: 45870 | IOW4: 45870 | IPM4: 45870 | IQC4: 45870 | IQS4: 45870 | IRI4: 45870 | IRY4: 45870 | ISO4: 45870 | ITE4: 45870 | ITU4: 45870 | IUK4: 45870 | IVA4: 45870 | IVQ4: 45870 | IWG4: 45870 | IWW4: 45870 | IXM4: 45870 | IYC4: 45870 | IYS4: 45870 | IZI4: 45870 | IZY4: 45870 | JAO4: 45870 | JBE4: 45870 | JBU4: 45870 | JCK4: 45870 | JDA4: 45870 | JDQ4: 45870 | JEG4: 45870 | JEW4: 45870 | JFM4: 45870 | JGC4: 45870 | JGS4: 45870 | JHI4: 45870 | JHY4: 45870 | JIO4: 45870 | JJE4: 45870 | JJU4: 45870 | JKK4: 45870 | JLA4: 45870 | JLQ4: 45870 | JMG4: 45870 | JMW4: 45870 | JNM4: 45870 | JOC4: 45870 | JOS4: 45870 | JPI4: 45870 | JPY4: 45870 | JQO4: 45870 | JRE4: 45870 | JRU4: 45870 | JSK4: 45870 | JTA4: 45870 | JTQ4: 45870 | JUG4: 45870 | JUW4: 45870 | JVM4: 45870 | JWC4: 45870 | JWS4: 45870 | JXI4: 45870 | JXY4: 45870 | JYO4: 45870 | JZE4: 45870 | JZU4: 45870 | KAK4: 45870 | KBA4: 45870 | KBQ4: 45870 | KCG4: 45870 | KCW4: 45870 | KDM4: 45870 | KEC4: 45870 | KES4: 45870 | KFI4: 45870 | KFY4: 45870 | KGO4: 45870 | KHE4: 45870 | KHU4: 45870 | KIK4: 45870 | KJA4: 45870 | KJQ4: 45870 | KKG4: 45870 | KKW4: 45870 | KLM4: 45870 | KMC4: 45870 | KMS4: 45870 | KNI4: 45870 | KNY4: 45870 | KOO4: 45870 | KPE4: 45870 | KPU4: 45870 | KQK4: 45870 | KRA4: 45870 | KRQ4: 45870 | KSG4: 45870 | KSW4: 45870 | KTM4: 45870 | KUC4: 45870 | KUS4: 45870 | KVI4: 45870 | KVY4: 45870 | KWO4: 45870 | KXE4: 45870 | KXU4: 45870 | KYK4: 45870 | KZA4: 45870 | KZQ4: 45870 | LAG4: 45870 | LAW4: 45870 | LBM4: 45870 | LCC4: 45870 | LCS4: 45870 | LDI4: 45870 | LDY4: 45870 | LEO4: 45870 | LFE4: 45870 | LFU4: 45870 | LGK4: 45870 | LHA4: 45870 | LHQ4: 45870 | LIG4: 45870 | LIW4: 45870 | LJM4: 45870 | LKC4: 45870 | LKS4: 45870 | LLI4: 45870 | LLY4: 45870 | LMO4: 45870 | LNE4: 45870 | LNU4: 45870 | LOK4: 45870 | LPA4: 45870 | LPQ4: 45870 | LQG4: 45870 | LQW4: 45870 | LRM4: 45870 | LSC4: 45870 | LSS4: 45870 | LTI4: 45870 | LTY4: 45870 | LUO4: 45870 | LVE4: 45870 | LVU4: 45870 | LWK4: 45870 | LXA4: 45870 | LXQ4: 45870 | LYG4: 45870 | LYW4: 45870 | LZM4: 45870 | MAC4: 45870 | MAS4: 45870 | MBI4: 45870 | MBY4: 45870 | MCO4: 45870 | MDE4: 45870 | MDU4: 45870 | MEK4: 45870 | MFA4: 45870 | MFQ4: 45870 | MGG4: 45870 | MGW4: 45870 | MHM4: 45870 | MIC4: 45870 | MIS4: 45870 | MJI4: 45870 | MJY4: 45870 | MKO4: 45870 | MLE4: 45870 | MLU4: 45870 | MMK4: 45870 | MNA4: 45870 | MNQ4: 45870 | MOG4: 45870 | MOW4: 45870 | MPM4: 45870 | MQC4: 45870 | MQS4: 45870 | MRI4: 45870 | MRY4: 45870 | MSO4: 45870 | MTE4: 45870 | MTU4: 45870 | MUK4: 45870 | MVA4: 45870 | MVQ4: 45870 | MWG4: 45870 | MWW4: 45870 | MXM4: 45870 | MYC4: 45870 | MYS4: 45870 | MZI4: 45870 | MZY4: 45870 | NAO4: 45870 | NBE4: 45870 | NBU4: 45870 | NCK4: 45870 | NDA4: 45870 | NDQ4: 45870 | NEG4: 45870 | NEW4: 45870 | NFM4: 45870 | NGC4: 45870 | NGS4: 45870 | NHI4: 45870 | NHY4: 45870 | NIO4: 45870 | NJE4: 45870 | NJU4: 45870 | NKK4: 45870 | NLA4: 45870 | NLQ4: 45870 | NMG4: 45870 | NMW4: 45870 | NNM4: 45870 | NOC4: 45870 | NOS4: 45870 | NPI4: 45870 | NPY4: 45870 | NQO4: 45870 | NRE4: 45870 | NRU4: 45870 | NSK4: 45870 | NTA4: 45870 | NTQ4: 45870 | NUG4: 45870 | NUW4: 45870 | NVM4: 45870 | NWC4: 45870 | NWS4: 45870 | NXI4: 45870 | NXY4: 45870 | NYO4: 45870 | NZE4: 45870 | NZU4: 45870 | OAK4: 45870 | OBA4: 45870 | OBQ4: 45870 | OCG4: 45870 | OCW4: 45870 | ODM4: 45870 | OEC4: 45870 | OES4: 45870 | OFI4: 45870 | OFY4: 45870 | OGO4: 45870 | OHE4: 45870 | OHU4: 45870 | OIK4: 45870 | OJA4: 45870 | OJQ4: 45870 | OKG4: 45870 | OKW4: 45870 | OLM4: 45870 | OMC4: 45870 | OMS4: 45870 | ONI4: 45870 | ONY4: 45870 | OOO4: 45870 | OPE4: 45870 | OPU4: 45870 | OQK4: 45870 | ORA4: 45870 | ORQ4: 45870 | OSG4: 45870 | OSW4: 45870 | OTM4: 45870 | OUC4: 45870 | OUS4: 45870 | OVI4: 45870 | OVY4: 45870 | OWO4: 45870 | OXE4: 45870 | OXU4: 45870 | OYK4: 45870 | OZA4: 45870 | OZQ4: 45870 | PAG4: 45870 | PAW4: 45870 | PBM4: 45870 | PCC4: 45870 | PCS4: 45870 | PDI4: 45870 | PDY4: 45870 | PEO4: 45870 | PFE4: 45870 | PFU4: 45870 | PGK4: 45870 | PHA4: 45870 | PHQ4: 45870 | PIG4: 45870 | PIW4: 45870 | PJM4: 45870 | PKC4: 45870 | PKS4: 45870 | PLI4: 45870 | PLY4: 45870 | PMO4: 45870 | PNE4: 45870 | PNU4: 45870 | POK4: 45870 | PPA4: 45870 | PPQ4: 45870 | PQG4: 45870 | PQW4: 45870 | PRM4: 45870 | PSC4: 45870 | PSS4: 45870 | PTI4: 45870 | PTY4: 45870 | PUO4: 45870 | PVE4: 45870 | PVU4: 45870 | PWK4: 45870 | PXA4: 45870 | PXQ4: 45870 | PYG4: 45870 | PYW4: 45870 | PZM4: 45870 | QAC4: 45870 | QAS4: 45870 | QBI4: 45870 | QBY4: 45870 | QCO4: 45870 | QDE4: 45870 | QDU4: 45870 | QEK4: 45870 | QFA4: 45870 | QFQ4: 45870 | QGG4: 45870 | QGW4: 45870 | QHM4: 45870 | QIC4: 45870 | QIS4: 45870 | QJI4: 45870 | QJY4: 45870 | QKO4: 45870 | QLE4: 45870 | QLU4: 45870 | QMK4: 45870 | QNA4: 45870 | QNQ4: 45870 | QOG4: 45870 | QOW4: 45870 | QPM4: 45870 | QQC4: 45870 | QQS4: 45870 | QRI4: 45870 | QRY4: 45870 | QSO4: 45870 | QTE4: 45870 | QTU4: 45870 | QUK4: 45870 | QVA4: 45870 | QVQ4: 45870 | QWG4: 45870 | QWW4: 45870 | QXM4: 45870 | QYC4: 45870 | QYS4: 45870 | QZI4: 45870 | QZY4: 45870 | RAO4: 45870 | RBE4: 45870 | RBU4: 45870 | RCK4: 45870 | RDA4: 45870 | RDQ4: 45870 | REG4: 45870 | REW4: 45870 | RFM4: 45870 | RGC4: 45870 | RGS4: 45870 | RHI4: 45870 | RHY4: 45870 | RIO4: 45870 | RJE4: 45870 | RJU4: 45870 | RKK4: 45870 | RLA4: 45870 | RLQ4: 45870 | RMG4: 45870 | RMW4: 45870 | RNM4: 45870 | ROC4: 45870 | ROS4: 45870 | RPI4: 45870 | RPY4: 45870 | RQO4: 45870 | RRE4: 45870 | RRU4: 45870 | RSK4: 45870 | RTA4: 45870 | RTQ4: 45870 | RUG4: 45870 | RUW4: 45870 | RVM4: 45870 | RWC4: 45870 | RWS4: 45870 | RXI4: 45870 | RXY4: 45870 | RYO4: 45870 | RZE4: 45870 | RZU4: 45870 | SAK4: 45870 | SBA4: 45870 | SBQ4: 45870 | SCG4: 45870 | SCW4: 45870 | SDM4: 45870 | SEC4: 45870 | SES4: 45870 | SFI4: 45870 | SFY4: 45870 | SGO4: 45870 | SHE4: 45870 | SHU4: 45870 | SIK4: 45870 | SJA4: 45870 | SJQ4: 45870 | SKG4: 45870 | SKW4: 45870 | SLM4: 45870 | SMC4: 45870 | SMS4: 45870 | SNI4: 45870 | SNY4: 45870 | SOO4: 45870 | SPE4: 45870 | SPU4: 45870 | SQK4: 45870 | SRA4: 45870 | SRQ4: 45870 | SSG4: 45870 | SSW4: 45870 | STM4: 45870 | SUC4: 45870 | SUS4: 45870 | SVI4: 45870 | SVY4: 45870 | SWO4: 45870 | SXE4: 45870 | SXU4: 45870 | SYK4: 45870 | SZA4: 45870 | SZQ4: 45870 | TAG4: 45870 | TAW4: 45870 | TBM4: 45870 | TCC4: 45870 | TCS4: 45870 | TDI4: 45870 | TDY4: 45870 | TEO4: 45870 | TFE4: 45870 | TFU4: 45870 | TGK4: 45870 | THA4: 45870 | THQ4: 45870 | TIG4: 45870 | TIW4: 45870 | TJM4: 45870 | TKC4: 45870 | TKS4: 45870 | TLI4: 45870 | TLY4: 45870 | TMO4: 45870 | TNE4: 45870 | TNU4: 45870 | TOK4: 45870 | TPA4: 45870 | TPQ4: 45870 | TQG4: 45870 | TQW4: 45870 | TRM4: 45870 | TSC4: 45870 | TSS4: 45870 | TTI4: 45870 | TTY4: 45870 | TUO4: 45870 | TVE4: 45870 | TVU4: 45870 | TWK4: 45870 | TXA4: 45870 | TXQ4: 45870 | TYG4: 45870 | TYW4: 45870 | TZM4: 45870 | UAC4: 45870 | UAS4: 45870 | UBI4: 45870 | UBY4: 45870 | UCO4: 45870 | UDE4: 45870 | UDU4: 45870 | UEK4: 45870 | UFA4: 45870 | UFQ4: 45870 | UGG4: 45870 | UGW4: 45870 | UHM4: 45870 | UIC4: 45870 | UIS4: 45870 | UJI4: 45870 | UJY4: 45870 | UKO4: 45870 | ULE4: 45870 | ULU4: 45870 | UMK4: 45870 | UNA4: 45870 | UNQ4: 45870 | UOG4: 45870 | UOW4: 45870 | UPM4: 45870 | UQC4: 45870 | UQS4: 45870 | URI4: 45870 | URY4: 45870 | USO4: 45870 | UTE4: 45870 | UTU4: 45870 | UUK4: 45870 | UVA4: 45870 | UVQ4: 45870 | UWG4: 45870 | UWW4: 45870 | UXM4: 45870 | UYC4: 45870 | UYS4: 45870 | UZI4: 45870 | UZY4: 45870 | VAO4: 45870 | VBE4: 45870 | VBU4: 45870 | VCK4: 45870 | VDA4: 45870 | VDQ4: 45870 | VEG4: 45870 | VEW4: 45870 | VFM4: 45870 | VGC4: 45870 | VGS4: 45870 | VHI4: 45870 | VHY4: 45870 | VIO4: 45870 | VJE4: 45870 | VJU4: 45870 | VKK4: 45870 | VLA4: 45870 | VLQ4: 45870 | VMG4: 45870 | VMW4: 45870 | VNM4: 45870 | VOC4: 45870 | VOS4: 45870 | VPI4: 45870 | VPY4: 45870 | VQO4: 45870 | VRE4: 45870 | VRU4: 45870 | VSK4: 45870 | VTA4: 45870 | VTQ4: 45870 | VUG4: 45870 | VUW4: 45870 | VVM4: 45870 | VWC4: 45870 | VWS4: 45870 | VXI4: 45870 | VXY4: 45870 | VYO4: 45870 | VZE4: 45870 | VZU4: 45870 | WAK4: 45870 | WBA4: 45870 | WBQ4: 45870 | WCG4: 45870 | WCW4: 45870 | WDM4: 45870 | WEC4: 45870 | WES4: 45870 | WFI4: 45870 | WFY4: 45870 | WGO4: 45870 | WHE4: 45870 | WHU4: 45870 | WIK4: 45870 | WJA4: 45870 | WJQ4: 45870 | WKG4: 45870 | WKW4: 45870 | WLM4: 45870 | WMC4: 45870 | WMS4: 45870 | WNI4: 45870 | WNY4: 45870 | WOO4: 45870 | WPE4: 45870 | WPU4: 45870 | WQK4: 45870 | WRA4: 45870 | WRQ4: 45870 | WSG4: 45870 | WSW4: 45870 | WTM4: 45870 | WUC4: 45870 | WUS4: 45870 | WVI4: 45870 | WVY4: 45870 | WWO4: 45870 | WXE4: 45870 | WXU4: 45870 | WYK4: 45870 | WZA4: 45870 | WZQ4: 45870 | XAG4: 45870 | XAW4: 45870 | XBM4: 45870 | XCC4: 45870 | XCS4: 45870 | XDI4: 45870 | XDY4: 45870 | XEO4: 45870
B5: DATE | C5: DAY | D5: PRODUCT | E5: AVAIL. | F5: FILL | G5: CASES | H5: Line Rated | I5: Cases on Hold | J5: BBT | K5: BOTTLED | L5: Diff BBT Hls vs Hls in Package | M5: DOWNTIME (Mins) | N5: REJECTS (Cases) | O5: KEGS | P5: BOTTLED | Q5: AVERAGE | R5: YTD | S5: GLUE USAGE
E6: TIME | F6: TIME | G6: BOTTLED | H6: Efficiency | J6: HLS | K6: HLS | P6: LOSS | Q6: CASE/HR | R6: Ave Case per hour
F7: Mins | H7: %
B8: 46266 | C8: 1 | D8: STAG | E8: 1440 | F8: =[3]Sept!$N63 -> 815 | G8: 5560 | H8: =(G8)*24/(F8/60)/17000*100 -> 57.78708 | J8: =SUM(95,88.2,98.5,91) -> 372.7 | K8: =(G8)*0.066 -> 366.96 | L8: =J8-K8 -> 5.74 | M8: =[3]Sept!$AD8 -> 342 | N8: =2+13+3 -> 18 | P8: =(J8-K8)/J8*100 -> 1.5401127 | Q8: =(G8)/(E8/60) -> 231.66667 | S8: =SUM('[4]Daily glue Sep'!$H$3) -> 0.0032808123
B9: 46266 | C9: 1 | D9: CARIB EXPORT | F9: =[3]Sept!$N64 -> 367 | G9: 1916 | H9: =(G9)*24/(F9/60)/17000*100 -> 44.222472 | J9: =SUM(95.6,89.8)-56.3 -> 129.1 | K9: =(G9)*0.066 -> 126.456 | L9: =J9-K9 -> 2.644 | M9: =[3]Sept!$AD9 -> 259 | N9: 6 | P9: =(J9-K9)/J9*100 -> 2.0480248 | Q9: =(G9)/(E8/60) -> 79.833333 | S9: ='[4]Daily glue Sep'!$H$4 -> 0.01181887
B10: 46267 | C10: 2 | D10: CARIB EXPORT | E10: 1440 | F10: =[3]Sept!$N65 -> 520 | G10: 2831 | H10: =(G10)*24/(F10/60)/17000*100 -> 46.115837 | J10: =SUM(56.3,91,90,100.8,91.3,93.1,94.4)-89.5 -> 527.4 | K10: =(G10+G11+G12)*0.066 -> 519.42 | L10: =J10-K10 -> 7.98 | M10: =[3]Sept!$AD10 -> 207 | N10: =8+2 -> 10 | P10: =(J10-K10)/J10*100 -> 1.513083 | Q10: =(G10)/(E10/60) -> 117.95833 | S10: ='[4]Daily glue Sep'!$H$5/2 -> 0.0032310345
B11: 46267 | C11: 2 | D11: CARIB FLINT LOCAL | F11: =[3]Sept!$N66 -> 334 | G11: 2342 | H11: =(G11)*24/(F11/60)/17000*100 -> 59.395562 | L11: =J11-K11 -> 0 | M11: =[3]Sept!$AD11 -> 139 | N11: =1+2 -> 3 | Q11: =(G11)/(E10/60) -> 97.583333 | S11: ='[4]Daily glue Sep'!$H$5/2 -> 0.0032310345
B12: 46267 | C12: 2 | D12: CARIB AMBER | F12: =[3]Sept!$N67 -> 405 | G12: 2697 | H12: =(G12)*24/(F12/60)/17000*100 -> 56.407843 | L12: =J12-K12 -> 0 | M12: =[3]Sept!$AD12 -> 100 | N12: 3 | Q12: =(G12)/(E10/60) -> 112.375 | S12: ='[4]Daily glue Sep'!$H$7 -> 0.0070303121
B13: 46268 | C13: 3 | D13: CARIB AMBER | E13: 1440 | F13: =[3]Sept!$N68 -> 198 | G13: 1343 | H13: =(G13)*24/(F13/60)/17000*100 -> 57.454545 | J13: 89.5 | K13: =(G13)*0.066 -> 88.638 | L13: =J13-K13 -> 0.862 | M13: =[3]Sept!$AD13 -> 23 | N13: 0 | P13: =(J13-K13)/J13*100 -> 0.96312849 | Q13: =(G13)/(E13/60) -> 55.958333 | S13: ='[4]Daily glue Sep'!$H$8 -> 0.0040387931
B14: 46268 | C14: 3 | D14: STAG | F14: =[3]Sept!$N69 -> 700 | G14: 5440 | H14: =(G14)*24/(F14/60)/17000*100 -> 65.828571 | J14: =SUM(90,91.4,88.4,92) -> 361.8 | K14: =(G14)*0.066 -> 359.04 | L14: =J14-K14 -> 2.76 | M14: =[3]Sept!$AD14 -> 243 | N14: =2+1 -> 3 | P14: =(J14-K14)/J14*100 -> 0.7628524 | Q14: =(G14)/(E13/60) -> 226.66667 | S14: =SUM('[4]Daily glue Sep'!$H$9:$H$10) -> 0.011447944
B15: 46268 | C15: 3 | D15: GINSENG UP ORIGINAL | F15: =[3]Sept!$N70 -> 68 | G15: 0 | H15: =(G15)*24/(F15/60)/17000*100 -> 0 | J15: 0 | K15: =(G15)*0.066 -> 0 | L15: =J15-K15 -> 0 | M15: =[3]Sept!$AD15 -> 297 | N15: 0 | P15: =(J15-K15)/J15*100 -> #DIV/0! | Q15: =(G15)/(E13/60) -> 0
B16: 46269 | C16: 4 | D16: GINSENG UP ORIGINAL | E16: 247 | F16: =[3]Sept!$N71 -> 180 | G16: 1459 | H16: =(G16)*24/(F16/60)/17000*100 -> 68.658824 | J16: 100.9 | K16: =(G16)*0.066 -> 96.294 | L16: =J16-K16 -> 4.606 | M16: =[3]Sept!$AD16 -> 71 | N16: 6 | P16: =(J16-K16)/J16*100 -> 4.5649158 | Q16: =(G16)/(E16/60) -> 354.41296 | S16: ='[4]Daily glue Sep'!$H$11 -> 0.006422207
B17: 46273 | C17: 5 | D17: CARIB AMBER | E17: 910 | F17: =[3]Sept!$N72 -> 757 | G17: 3961 | H17: =(G17)*24/(F17/60)/17000*100 -> 44.322325 | J17: =SUM(99,97,101.4,82.7)-54.2-59.9 -> 266 | K17: =(G17)*0.066 -> 261.426 | L17: =J17-K17 -> 4.574 | M17: =[3]Sept!$AD17 -> 426 | N17: 24 | P17: =(J17-K17)/J17*100 -> 1.7195489 | Q17: =(G17)/(E17/60) -> 261.16484 | S17: ='[4]Daily glue Sep'!$H$15 -> 0.0064889197
B18: 46274 | C18: 6 | D18: CARIB AMBER | E18: 910 | F18: =[3]Sept!$N73 -> 694 | G18: 6085 | H18: =(G18)*24/(F18/60)/17000*100 -> 74.270215 | J18: =SUM(96.5,91.5,54.2,59.9,97.5,95.7)-90.4 -> 404.9 | K18: =(G18)*0.066 -> 401.61 | L18: =J18-K18 -> 3.29 | M18: =[3]Sept!$AD18 -> 178 | N18: =24+10 -> 34 | P18: =(J18-K18)/J18*100 -> 0.81254631 | Q18: =(G18)/(E18/60) -> 401.20879 | S18: =SUM('[4]Daily glue Sep'!$H$16:$H$17) -> 0.010925126
B19: 46275 | C19: 7 | D19: CARIB AMBER | E19: 910 | F19: =[3]Sept!$N74 -> 798 | G19: 6104 | H19: =(G19)*24/(F19/60)/17000*100 -> 64.79257 | J19: =SUM(90.4,87.1,83,91,109)-57 -> 403.5 | K19: =(G19)*0.066 -> 402.864 | L19: =J19-K19 -> 0.636 | M19: =[3]Sept!$AD19 -> 117 | N19: 12 | P19: =(J19-K19)/J19*100 -> 0.15762082 | Q19: =(G19)/(E19/60) -> 402.46154 | S19: ='[4]Daily glue Sep'!$H$18 -> 0.007130898
B20: 46276 | C20: 8 | D20: CARIB AMBER | E20: 790 | F20: =[3]Sept!$N75 -> 109 | G20: 854 | H20: =(G20)*24/(F20/60)/17000*100 -> 66.365893 | J20: =SUM(57) -> 57 | K20: =(G20)*0.066 -> 56.364 | L20: =J20-K20 -> 0.636 | M20: =[3]Sept!$AD20 -> 22 | N20: =6+1 -> 7 | P20: =(J20-K20)/J20*100 -> 1.1157895 | Q20: =(G20)/(E20/60) -> 64.860759 | S20: =[4]!Table1456782456791011[[#This Row],[Glue usage lb/ case]] -> 0.010971897
B21: 46276 | C21: 8 | D21: MACKESON | F21: =[3]Sept!$N76 -> 427 | G21: 3180 | H21: =(G21)*24/(F21/60)/17000*100 -> 63.083069 | J21: =SUM(97,96,90)-70 -> 213 | K21: =(G21)*0.066 -> 209.88 | L21: =J21-K21 -> 3.12 | M21: =[3]Sept!$AD21 -> 198 | N21: 0 | P21: =(J21-K21)/J21*100 -> 1.4647887 | Q21: =(G21)/(E20/60) -> 241.51899 | S21: ='[4]Daily glue Sep'!$H$22 -> 0.0044875479
B22: 46279 | C22: 9 | D22: MACKESON | E22: 1380 | F22: =[3]Sept!$N77 -> 467 | G22: 2454 | H22: =(G22)*24/(F22/60)/17000*100 -> 44.511399 | J22: =SUM(97,70) -> 167 | K22: =(G22)*0.066 -> 161.964 | L22: =J22-K22 -> 5.036 | M22: =[3]Sept!$AD22 -> 226 | N22: =14+5 -> 19 | P22: =(J22-K22)/J22*100 -> 3.0155689 | Q22: =(G22)/(E22/60) -> 106.69565 | S22: =SUM('[4]Daily glue Sep'!$H$22:$H$23) -> 0.011877138
B23: 46279 | C23: 9 | D23: STAG | F23: =[3]Sept!$N78 -> 691 | G23: 5090 | H23: =(G23)*24/(F23/60)/17000*100 -> 62.395505 | J23: =SUM(95.9,96.2,95.8,98.5,69)-55.5-62 -> 337.9 | K23: =(G23)*0.066 -> 335.94 | L23: =J23-K23 -> 1.96 | M23: =[3]Sept!$AD23 -> 242 | N23: =5+3 -> 8 | P23: =(J23-K23)/J23*100 -> 0.58005327 | Q23: =(G23)/(E22/60) -> 221.30435 | S23: ='[4]Daily glue Sep'!$H$24 -> 0.0078827818
B24: 46280 | C24: 10 | D24: STAG | E24: 1430 | F24: =[3]Sept!$N79 -> 221 | G24: 1759 | H24: =(G24)*24/(F24/60)/17000*100 -> 67.41975 | J24: =SUM(62,55.5) -> 117.5 | K24: =(G24)*0.066 -> 116.094 | L24: =J24-K24 -> 1.406 | M24: =[3]Sept!$AD24 -> 86 | N24: 5 | P24: =(J24-K24)/J24*100 -> 1.1965957 | Q24: =(G24)/(E24/60) -> 73.804196 | S24: ='[4]Daily glue Sep'!$H$25 -> 0.0030422078
B25: 46280 | C25: 10 | D25: CARIB AMBER | F25: =[3]Sept!$N80 -> 1030 | G25: 7376 | H25: =(G25)*24/(F25/60)/17000*100 -> 60.65928 | J25: =SUM(91.2,95.2,63,95,96,76.5,57.4)-30-44.2 -> 500.1 | K25: =(G25)*0.066 -> 486.816 | L25: =J25-K25 -> 13.284 | M25: =[3]Sept!$AD25 -> 301 | N25: =5+14 -> 19 | P25: =(J25-K25)/J25*100 -> 2.6562687 | Q25: =(G25)/(E24/60) -> 309.48252 | S25: =SUM('[4]Daily glue Sep'!$H$26:$H$27) -> 0.010607731
B26: 46281 | C26: 11 | D26: CARIB AMBER | E26: 1430 | F26: =[3]Sept!$N81 -> 394 | G26: 3098 | H26: =(G26)*24/(F26/60)/17000*100 -> 66.603762 | I26: =460+70 -> 530 | J26: =SUM(72.2,99.2,44.2)-8 -> 207.6 | K26: =(G26)*0.066 -> 204.468 | L26: =J26-K26 -> 3.132 | M26: =[3]Sept!$AD26 -> 159 | N26: =5+2 -> 7 | P26: =(J26-K26)/J26*100 -> 1.5086705 | Q26: =(G26)/(E26/60) -> 129.98601 | S26: =SUM('[4]Daily glue Sep'!$H$28:$H$29) -> 0.005972593
B27: 46281 | C27: 11 | D27: PORNSTAR | F27: =[3]Sept!$N82 -> 88 | G27: 589 | H27: =(G27)*24/(F27/60)/17000*100 -> 56.695187 | J27: =SUM(87.3)-45 -> 42.3 | K27: =(G27)*0.066 -> 38.874 | L27: =J27-K27 -> 3.426 | M27: =[3]Sept!$AD27 -> 901 | N27: 16 | P27: =(J27-K27)/J27*100 -> 8.0992908 | Q27: =(G27)/(E26/60) -> 24.713287
B28: 46282 | C28: 12 | D28: PORNSTAR | E28: 1440 | F28: =[3]Sept!$N83 -> 248 | G28: 623 | H28: =(G28)*24/(F28/60)/17000*100 -> 21.278937 | J28: 45 | K28: =(G28)*0.066 -> 41.118 | L28: =J28-K28 -> 3.882 | M28: =[3]Sept!$AD28 -> 185 | N28: 6 | P28: =(J28-K28)/J28*100 -> 8.6266667 | Q28: =(G28)/(E28/60) -> 25.958333 | S28: ='[4]Daily glue Sep'!$H$31 -> 0.015076428
B29: 46282 | C29: 12 | D29: BELLINI | F29: =[3]Sept!$N84 -> 459 | G29: 1134 | H29: =(G29)*24/(F29/60)/17000*100 -> 20.927336 | J29: =SUM(82) -> 82 | K29: =(G29)*0.066 -> 74.844 | L29: =J29-K29 -> 7.156 | M29: =[3]Sept!$AD29 -> 251 | N29: =3+10 -> 13 | P29: =(J29-K29)/J29*100 -> 8.7268293 | Q29: =(G29)/(E28/60) -> 47.25 | S29: ='[4]Daily glue Sep'!$H$32 -> 0.021065647
B30: 46282 | C30: 12 | D30: ROYALE | F30: =[3]Sept!$N85 -> 544 | G30: 2640 | H30: =(G30)*24/(F30/60)/17000*100 -> 41.107266 | I30: 6 | J30: =SUM(94.8,88.4) -> 183.2 | K30: =(G30)*0.066 -> 174.24 | L30: =J30-K30 -> 8.96 | M30: =[3]Sept!$AD30 -> 339 | N30: =3+5+6 -> 14 | P30: =(J30-K30)/J30*100 -> 4.8908297 | Q30: =(G30)/(E28/60) -> 110 | S30: ='[4]Daily glue Sep'!$H$33 -> 0.015310458
B31: 46283 | C31: 13 | D31: CARIB AMBER | E31: 1260 | F31: =[3]Sept!$N86 -> 629 | G31: 5195 | H31: =(G31)*24/(F31/60)/17000*100 -> 69.959787 | J31: =SUM(95,77.7,98,93.5)-15 -> 349.2 | K31: =(G31)*0.066 -> 342.87 | L31: =J31-K31 -> 6.33 | M31: =[3]Sept!$AD31 -> 345 | N31: =2+3 -> 5 | P31: =(J31-K31)/J31*100 -> 1.8127148 | Q31: =(G31)/(E31/60) -> 247.38095 | S31: ='[4]Daily glue Sep'!$H$35 -> 0.010242036
B32: 46283 | C32: 13 | D32: SHANDY LIME EXPORT | F32: =[3]Sept!$N87 -> 106 | G32: 368 | H32: =(G32)*24/(F32/60)/17000*100 -> 29.407325 | J32: =SUM(52.6) -> 52.6 | K32: =(G32+G33)*0.066 -> 49.764 | L32: =J32-K32 -> 2.836 | M32: =[3]Sept!$AD32 -> 32 | N32: 8 | P32: =(J32-K32)/J32*100 -> 5.391635 | Q32: =(G32)/(E31/60) -> 17.52381 | S32: ='[4]Daily glue Sep'!$H$36/2 -> 0.0032958143
B33: 46283 | C33: 13 | D33: SHANDY LIME LOCAL | G33: 386 | H33: =(G33)*24/(F33/60)/17000*100 -> #DIV/0! | Q33: =(G33)/(E31/60) -> 18.380952
B34: 46283 | C34: 13 | D34: SHANDY GINGER EXPORT | F34: =[3]Sept!$N88 -> 101 | G34: 369 | H34: =(G34)*24/(F34/60)/17000*100 -> 30.947001 | J34: =50 -> 50 | K34: =(G34+G35)*0.066 -> 48.18 | L34: =J34-K34 -> 1.82 | M34: =[3]Sept!$AD33 -> 26 | N34: 10 | P34: =(J34-K34)/J34*100 -> 3.64 | Q34: =(G34)/(E31/60) -> 17.571429 | S34: ='[4]Daily glue Sep'!$H$36/2 -> 0.0032958143
B35: 46283 | C35: 13 | D35: SHANDY GINGER LOCAL | G35: 361 | H35: =(G35)*24/(F35/60)/17000*100 -> #DIV/0! | Q35: =(G35)/(E31/60) -> 17.190476
B36: 46286 | C36: 14 | D36: SHANDY SORREL EXPORT | E36: 910 | F36: =[3]Sept!$N89 -> 111 | G36: 381 | H36: =(G36)*24/(F36/60)/17000*100 -> 29.074722 | J36: =SUM(94,92) -> 186 | K36: =(G36+G37)*0.066 -> 179.916 | L36: =J36-K36 -> 6.084 | M36: =[3]Sept!$AD34 -> 196 | N36: =2+27 -> 29 | P36: =(J36-K36)/J36*100 -> 3.2709677 | Q36: =(G36)/(E36/60) -> 25.120879 | S36: =SUM('[4]Daily glue Sep'!$H$37:$H$38) -> 0.014731608
B37: 46286 | C37: 14 | D37: SHANDY SORREL LOCAL | F37: =[3]Sept!$N90 -> 331 | G37: 2345 | H37: =(G37)*24/(F37/60)/17000*100 -> 60.010663 | L37: =J37-K37 -> 0 | M37: =[3]Sept!$AD35 -> 71 | Q37: =(G37)/(E36/60) -> 154.61538
B38: 46287 | C38: 15 | D38: STAG | E38: 910 | F38: =[3]Sept!$N91 -> 732 | G38: 5538 | H38: =(G38)*24/(F38/60)/17000*100 -> 64.08486 | J38: =SUM(95,100.3,102.3,96.5)-21.2 -> 372.9 | K38: =(G38)*0.066 -> 365.508 | L38: =J38-K38 -> 7.392 | M38: =[3]Sept!$AD36 -> 158 | N38: 3 | P38: =(J38-K38)/J38*100 -> 1.9823009 | Q38: =(G38)/(E38/60) -> 365.14286 | S38: =SUM('[4]Daily glue Sep'!$H$39:$H$40) -> 0.01180931
B39: 46288 | C39: 16 | D39: STAG | E39: 910 | F39: =[3]Sept!$N92 -> 218 | G39: 1605 | H39: =(G39)*24/(F39/60)/17000*100 -> 62.363734 | J39: 109 | K39: =(G39)*0.066 -> 105.93 | L39: =J39-K39 -> 3.07 | M39: =[3]Sept!$AD37 -> 34 | N39: 4 | P39: =(J39-K39)/J39*100 -> 2.8165138 | Q39: =(G39)/(E39/60) -> 105.82418
B40: 46288 | C40: 16 | D40: CARIB FLINT EXPORT | F40: =[3]Sept!$N93 -> 487 | G40: 2640 | H40: =(G40)*24/(F40/60)/17000*100 -> 45.918589 | J40: =SUM(91.5,100.1)-17 -> 174.6 | K40: =(G40)*0.066 -> 174.24 | L40: =J40-K40 -> 0.36 | M40: =[3]Sept!$AD38 -> 232 | P40: =(J40-K40)/J40*100 -> 0.20618557 | Q40: =(G40)/(E39/60) -> 174.06593 | S40: ='[4]Daily glue Sep'!$H$42 -> 0.0088731061
B41: 46289 | C41: 17 | D41: CARIB FLINT EXPORT | E41: 910 | F41: =[3]Sept!$N94 -> 723 | G41: 5378 | H41: =(G41)*24/(F41/60)/17000*100 -> 63.008055 | J41: =SUM(17,98.5,98.4,81,98)-36.9 -> 356 | K41: =(G41)*0.066 -> 354.948 | L41: =J41-K41 -> 1.052 | M41: =[3]Sept!$AD39 -> 206 | N41: =8+11 -> 19 | P41: =(J41-K41)/J41*100 -> 0.29550562 | Q41: =(G41)/(E41/60) -> 354.59341 | S41: ='[4]Daily glue Sep'!$H$44 -> 0.006148294
B42: 46290 | C42: 18 | D42: CARIB FLINT EXPORT | E42: 703 | F42: =[3]Sept!$N95 -> 474 | G42: 3524 | H42: =(G42)*24/(F42/60)/17000*100 -> 62.975428 | J42: =SUM(36.9,98.6,98) -> 233.5 | K42: =(G42)*0.066 -> 232.584 | L42: =J42-K42 -> 0.916 | M42: =[3]Sept!$AD40 -> 127 | N42: 1 | P42: =(J42-K42)/J42*100 -> 0.39229122 | Q42: =(G42)/(E42/60) -> 300.76814 | S42: ='[4]Daily glue Sep'!$H$46/2 -> 0.0055312869
B43: 46290 | C43: 18 | D43: GUINNESS | F43: =[3]Sept!$N96 -> 60 | G43: 461 | H43: =(G43)*24/(F43/60)/17000*100 -> 65.082353 | J43: =94.3-63.8 -> 30.5 | K43: =(G43)*0.066 -> 30.426 | L43: =J43-K43 -> 0.074 | M43: =[3]Sept!$AD41 -> 103 | N43: 3 | P43: =(J43-K43)/J43*100 -> 0.24262295 | Q43: =(G43)/(E42/60) -> 39.345661 | S43: ='[4]Daily glue Sep'!$H$46/2 -> 0.0055312869
B44: 46293 | C44: 19 | D44: GUINNESS | E44: 910 | F44: =[3]Sept!$N97 -> 739 | G44: 3920 | H44: =(G44)*24/(F44/60)/17000*100 -> 44.931943 | J44: =SUM(63.8,95.5,94,93)-87.5 -> 258.8 | K44: =(G44)*0.066 -> 258.72 | L44: =J44-K44 -> 0.08 | M44: =[3]Sept!$AD42 -> 326 | N44: =3+7 -> 10 | P44: =(J44-K44)/J44*100 -> 0.030911901 | Q44: =(G44)/(E44/60) -> 258.46154 | S44: =SUM('[4]Daily glue Sep'!$H$47:$H$48) -> 0.024426361
B45: 46294 | C45: 20 | D45: GUINNESS | E45: 910 | F45: =[3]Sept!$N98 -> 172 | G45: 1337 | H45: =(G45)*24/(F45/60)/17000*100 -> 65.844049 | J45: =87.5+1 -> 88.5 | K45: =(G45)*0.066 -> 88.242 | L45: =J45-K45 -> 0.258 | M45: =[3]Sept!$AD43 -> 46 | N45: 3 | P45: =(J45-K45)/J45*100 -> 0.29152542 | Q45: =(G45)/(E45/60) -> 88.153846 | S45: ='[4]Daily glue Sep'!$H$49 -> 0.012809296
B46: 46294 | C46: 20 | D46: CARIB AMBER | F46: =[3]Sept!$N99 -> 431 | G46: 3422 | H46: =(G46)*24/(F46/60)/17000*100 -> 67.253719 | J46: =SUM(94.2,98,97.8)-49.5 -> 240.5 | K46: =(G46)*0.066+(45*0.19) -> 234.402 | L46: =J46-K46 -> 6.098 | M46: =[3]Sept!$AD44 -> 230 | N46: 4 | O46: 45 | P46: =(J46-K46)/J46*100 -> 2.5355509 | Q46: =(G46)/(E45/60) -> 225.62637 | S46: ='[4]Daily glue Sep'!$H$50 -> 0.0042565112
B47: 46295 | C47: 21 | D47: CARIB AMBER | E47: 910 | F47: =[3]Sept!$N100 -> 427 | G47: 3376 | H47: =(G47)*24/(F47/60)/17000*100 -> 66.971208 | J47: =SUM(49.5,94,84.1) -> 227.6 | K47: =(G47)*0.066 -> 222.816 | L47: =J47-K47 -> 4.784 | M47: =[3]Sept!$AD45 -> 99 | N47: 4 | P47: =(J47-K47)/J47*100 -> 2.1019332 | Q47: =(G47)/(E47/60) -> 222.59341 | S47: ='[4]Daily glue Sep'!$H$52 -> 0.0077598344
B48: 46295 | C48: 21 | D48: STARMALT | F48: =[3]Sept!$N101 -> 149 | G48: 1423 | H48: =(G48)*24/(F48/60)/17000*100 -> 80.89696 | J48: =SUM(102.2,97)-28.2-70 -> 101 | K48: =(G48)*0.066 -> 93.918 | L48: =J48-K48 -> 7.082 | M48: =[3]Sept!$AD46 -> 235 | N48: 3 | P48: =(J48-K48)/J48*100 -> 7.0118812 | Q48: =(G48)/(E47/60) -> 93.824176
F49: =[3]Sept!$N102 -> 0 | H49: =(G49)*24/(F49/60)/17000*100 -> #DIV/0! | K49: =(G49)*0.066 -> 0 | L49: =J49-K49 -> 0 | P49: =(J49-K49)/J49*100 -> #DIV/0! | Q49: =(G49)/(E49/60) -> #DIV/0!
F50: =[3]Sept!$N103 -> 0 | H50: =(G50)*24/(F50/60)/17000*100 -> #DIV/0! | K50: =(G50)*0.066 -> 0 | L50: =J50-K50 -> 0 | P50: =(J50-K50)/J50*100 -> #DIV/0! | Q50: =(G50)/(E50/60) -> #DIV/0!
F51: =[3]Sept!$N104 -> 0 | H51: =(G51)*24/(F51/60)/17000*100 -> #DIV/0! | K51: =(G51)*0.066 -> 0 | L51: =J51-K51 -> 0 | P51: =(J51-K51)/J51*100 -> #DIV/0! | Q51: =(G51)/(E51/60) -> #DIV/0!
F52: =[3]Sept!$N105 -> 0 | H52: =(G52)*24/(F52/60)/17000*100 -> #DIV/0! | K52: =(G52)*0.066 -> 0 | L52: =J52-K52 -> 0 | P52: =(J52-K52)/J52*100 -> #DIV/0! | Q52: =(G52)/(E52/60) -> #DIV/0!
H53: =(G53)*24/(F53/60)/17000*100 -> #DIV/0! | K53: =(G53)*0.066 -> 0 | L53: =J53-K53 -> 0 | P53: =(J53-K53)/J53*100 -> #DIV/0! | Q53: =(G53)/(E53/60) -> #DIV/0!
E54: =SUM(E8:E53) -> 22100 | F54: =SUM(F8:F53) -> 16404 | G54: =SUM(G8:G53) -> 110564 | H54: =(G54)*24/(F54/60)/17000*100 -> 57.092302 | I54: =SUM(I8:I53) -> 536 | J54: =SUM(J8:J53) -> 7439.1 | K54: =SUM(K8:K53) -> 7305.774 | L54: =J54-K54 -> 133.326 | M54: =SUM(M8:M53) -> 7778 | N54: =SUM(N8:N53) -> 339 | O54: =SUM(O8:O53) -> 45 | P54: =(J54-K54)/J54 -> 0.017922329 | Q54: =G54/(F54/60) -> 404.4038 | R54: =(January_2026!G65+February_2026!G63+March_2026!G62+'April_2026 '!G54+May_2026!G63+June_2026!G57+July_2026!G60+August_2026!G57+G54)/((January_2026!F65+February_2026!F63+March_2026!F62+'April_2026 '!F54+May_2026!F63+June_2026!F57+July_2026!F60+August_2026!F57+F54)/60) -> 362.99378 | S54: =SUM(S8:S53) -> 0.30005094
N55: KEGS
K56: Produced | L56: =G54+O56 -> 110687.75 | N56: TOTAL CASES | O56: =O54*2.75 -> 123.75
N58: Stag | O58: 20
N59: Carib | O59: 51
N60: Bad Dog
N61: Total Kegs | O61: =SUM(O58:O60) -> 71

Sheet October_2026
B1: GRENADA BREWERIES LIMITED
B3: PRODUCTION DEPARTMENT
B4: 46296
B5: DATE | C5: DAY | D5: PRODUCT | F5: FILL | G5: CASES | H5: Line Rated | I5: Cases on Hold | J5: BBT | K5: BOTTLED | L5: Diff BBT Hls vs Hls in Package | M5: DOWNTIME (Mins) | N5: REJECTS (Cases) | O5: KEGS | P5: BOTTLED | Q5: AVERAGE | R5: YTD
E6: TIME | F6: TIME | G6: BOTTLED | H6: Efficiency | J6: HLS | K6: HLS | P6: LOSS | Q6: CASE/HR | R6: Ave Case per hour
F7: Mins | H7: %
B8: 46296 | C8: 1 | D8: STAR MALT | F8: =[3]Oct!$N79 -> -15 | H8: =(G8)*24/(F8/60)/17000*100 -> 0 | K8: =(G8)*0.066 -> 0 | L8: =J8-K8 -> 0 | M8: =[3]Oct!$AD8 -> 27 | P8: =(J8-K8)/J8*100 -> #DIV/0! | Q8: =(G8+G9)/(F8/60) -> 0
F9: =[3]Oct!$N80 -> 0 | H9: =(G9)*24/(F9/60)/17000*100 -> #DIV/0! | K9: =(G9)*0.066 -> 0 | L9: =J9-K9 -> 0 | M9: =[3]Oct!$AD9 -> 0 | P9: =(J9-K9)/J9*100 -> #DIV/0! | Q9: =(G9+G10)/(F9/60) -> #DIV/0!
F10: =[3]Oct!$N81 -> 0 | H10: =(G10)*24/(F10/60)/17000*100 -> #DIV/0! | K10: =(G10)*0.066 -> 0 | L10: =J10-K10 -> 0 | M10: =[3]Oct!$AD10 -> 0 | P10: =(J10-K10)/J10*100 -> #DIV/0! | Q10: =(G10+G11)/(F10/60) -> #DIV/0!
F11: =[3]Oct!$N82 -> 0 | H11: =(G11)*24/(F11/60)/17000*100 -> #DIV/0! | K11: =(G11)*0.066 -> 0 | L11: =J11-K11 -> 0 | M11: =[3]Oct!$AD11 -> 0 | P11: =(J11-K11)/J11*100 -> #DIV/0! | Q11: =(G11+G12)/(F11/60) -> #DIV/0!
F12: =[3]Oct!$N83 -> 0 | H12: =(G12)*24/(F12/60)/17000*100 -> #DIV/0! | K12: =(G12)*0.066 -> 0 | L12: =J12-K12 -> 0 | M12: =[3]Oct!$AD12 -> 0 | P12: =(J12-K12)/J12*100 -> #DIV/0! | Q12: =(G12+G13)/(F12/60) -> #DIV/0!
F13: =[3]Oct!$N84 -> 0 | H13: =(G13)*24/(F13/60)/17000*100 -> #DIV/0! | K13: =(G13)*0.066 -> 0 | L13: =J13-K13 -> 0 | M13: =[3]Oct!$AD13 -> 0 | P13: =(J13-K13)/J13*100 -> #DIV/0! | Q13: =(G13)/(E13/60) -> #DIV/0!
F14: =[3]Oct!$N85 -> 0 | H14: =(G14)*24/(F14/60)/17000*100 -> #DIV/0! | K14: =(G14)*0.066 -> 0 | L14: =J14-K14 -> 0 | M14: =[3]Oct!$AD14 -> 0 | P14: =(J14-K14)/J14*100 -> #DIV/0! | Q14: =(G14)/(E14/60) -> #DIV/0!
F15: =[3]Oct!$N86 -> 0 | H15: =(G15)*24/(F15/60)/17000*100 -> #DIV/0! | K15: =(G15)*0.066 -> 0 | L15: =J15-K15 -> 0 | M15: =[3]Oct!$AD15 -> 0 | P15: =(J15-K15)/J15*100 -> #DIV/0! | Q15: =(G15)/(E15/60) -> #DIV/0!
F16: =[3]Oct!$N87 -> 0 | H16: =(G16)*24/(F16/60)/17000*100 -> #DIV/0! | K16: =(G16)*0.066 -> 0 | L16: =J16-K16 -> 0 | M16: =[3]Oct!$AD16 -> 0 | P16: =(J16-K16)/J16*100 -> #DIV/0! | Q16: =(G16)/(E16/60) -> #DIV/0!
F17: =[3]Oct!$N88 -> 0 | H17: =(G17)*24/(F17/60)/17000*100 -> #DIV/0! | K17: =(G17)*0.066 -> 0 | L17: =J17-K17 -> 0 | M17: =[3]Oct!$AD17 -> 0 | P17: =(J17-K17)/J17*100 -> #DIV/0! | Q17: =(G17)/(E17/60) -> #DIV/0!
F18: =[3]Oct!$N89 -> 0 | H18: =(G18)*24/(F18/60)/17000*100 -> #DIV/0! | K18: =(G18)*0.066 -> 0 | L18: =J18-K18 -> 0 | M18: =[3]Oct!$AD18 -> 0 | P18: =(J18-K18)/J18*100 -> #DIV/0! | Q18: =(G18)/(E18/60) -> #DIV/0!
F19: =[3]Oct!$N90 -> 0 | H19: =(G19)*24/(F19/60)/17000*100 -> #DIV/0! | K19: =(G19)*0.066 -> 0 | L19: =J19-K19 -> 0 | M19: =[3]Oct!$AD19 -> 0 | P19: =(J19-K19)/J19*100 -> #DIV/0! | Q19: =(G19)/(E19/60) -> #DIV/0!
F20: =[3]Oct!$N91 -> 0 | H20: =(G20)*24/(F20/60)/17000*100 -> #DIV/0! | K20: =(G20)*0.066 -> 0 | L20: =J20-K20 -> 0 | M20: =[3]Oct!$AD20 -> 0 | P20: =(J20-K20)/J20*100 -> #DIV/0! | Q20: =(G20)/(E20/60) -> #DIV/0!
F21: =[3]Oct!$N92 -> 0 | H21: =(G21)*24/(F21/60)/17000*100 -> #DIV/0! | K21: =(G21)*0.066 -> 0 | L21: =J21-K21 -> 0 | M21: =[3]Oct!$AD21 -> 0 | P21: =(J21-K21)/J21*100 -> #DIV/0! | Q21: =(G21)/(E21/60) -> #DIV/0!
F22: =[3]Oct!$N93 -> 0 | H22: =(G22)*24/(F22/60)/17000*100 -> #DIV/0! | K22: =(G22)*0.066 -> 0 | L22: =J22-K22 -> 0 | M22: =[3]Oct!$AD22 -> 0 | P22: =(J22-K22)/J22*100 -> #DIV/0! | Q22: =(G22)/(E22/60) -> #DIV/0!
F23: =[3]Oct!$N94 -> 0 | H23: =(G23)*24/(F23/60)/17000*100 -> #DIV/0! | K23: =(G23)*0.066 -> 0 | L23: =J23-K23 -> 0 | M23: =[3]Oct!$AD23 -> 0 | P23: =(J23-K23)/J23*100 -> #DIV/0! | Q23: =(G23)/(E23/60) -> #DIV/0!
F24: =[3]Oct!$N95 -> 0 | H24: =(G24)*24/(F24/60)/17000*100 -> #DIV/0! | K24: =(G24)*0.066 -> 0 | L24: =J24-K24 -> 0 | M24: =[3]Oct!$AD24 -> 0 | P24: =(J24-K24)/J24*100 -> #DIV/0! | Q24: =(G24)/(E24/60) -> #DIV/0!
... F58: =[3]Oct!$N129 -> 0 | H58: =(G58)*24/(F58/60)/17000*100 -> #DIV/0! | K58: =(G58)*0.066 -> 0 | L58: =J58-K58 -> 0 | M58: =[3]Oct!$AD58 -> 0 | P58: =(J58-K58)/J58*100 -> #DIV/0! | Q58: =(G58)/(E58/60) -> #DIV/0!
H59: =(G59)*24/(F59/60)/17000*100 -> #DIV/0! | K59: =(G59)*0.066 -> 0 | L59: =J59-K59 -> 0 | M59: =[3]Oct!$AD59 -> 0 | P59: =(J59-K59)/J59*100 -> #DIV/0! | Q59: =(G59)/(E59/60) -> #DIV/0!
H60: =(G60)*24/(F60/60)/17000*100 -> #DIV/0! | K60: =(G60)*0.066 -> 0 | L60: =J60-K60 -> 0 | M60: =[3]Oct!$AD60 -> 0 | P60: =(J60-K60)/J60*100 -> #DIV/0! | Q60: =(G60)/(E60/60) -> #DIV/0!
H61: =(G61)*24/(F61/60)/17000*100 -> #DIV/0! | K61: =(G61)*0.066 -> 0 | L61: =J61-K61 -> 0 | P61: =(J61-K61)/J61*100 -> #DIV/0! | Q61: =(G61)/(E61/60) -> #DIV/0!
H62: =(G62)*24/(F62/60)/17000*100 -> #DIV/0! | K62: =(G62)*0.066 -> 0 | L62: =J62-K62 -> 0 | P62: =(J62-K62)/J62*100 -> #DIV/0! | Q62: =(G62)/(E62/60) -> #DIV/0!
H63: =(G63)*24/(F63/60)/17000*100 -> #DIV/0! | K63: =(G63)*0.066 -> 0 | L63: =J63-K63 -> 0 | P63: =(J63-K63)/J63*100 -> #DIV/0! | Q63: =(G63)/(E63/60) -> #DIV/0!
E64: =SUM(E8:E63) -> 0 | F64: =SUM(F8:F63) -> -15 | G64: =SUM(G8:G63) -> 0 | H64: =(G64)*24/(F64/60)/17000*100 -> 0 | I64: =SUM(I8:I63) -> 0 | J64: =SUM(J8:J63) -> 0 | K64: =SUM(K8:K63) -> 0 | L64: =J64-K64 -> 0 | M64: =SUM(M8:M63) -> 27 | N64: =SUM(N8:N63) -> 0 | O64: =SUM(O8:O63) -> 0 | P64: =(J64-K64)/J64 -> #DIV/0! | Q64: =(G64)/(F64/60) -> 0 | R64: =(January_2026!G65+February_2026!G63+March_2026!G62+'April_2026 '!G54+May_2026!G63+June_2026!G57+July_2026!G60+August_2026!G57+September_206!G54+G64)/((January_2026!F65+February_2026!F63+March_2026!F62+'April_2026 '!F54+May_2026!F63+June_2026!F57+July_2026!F60+August_2026!F57+September_206!F54+F64)/60) -> 363.02641
N65: KEGS
K66: Produced | L66: =G64+O66 -> 0 | N66: TOTAL CASES | O66: =O64*2.75 -> 0
H68: 689 | I68: Carib | N68: Stag | O68: =SUM(O9+O30+O39) -> 0
H69: 1120 | I69: Carib | J69: Added | N69: Carib | O69: =SUM(O8+O27+O40) -> 0
N70: Bad Dog
N71: Total Kegs | O71: =SUM(O68:O70) -> 0
P75: =(J75-K75)/J75*100 -> #DIV/0!

Sheet November_2026
B1: GRENADA BREWERIES LIMITED
B3: PRODUCTION DEPARTMENT
B4: 46327
B5: DATE | C5: DAY | D5: PRODUCT | E5: AVAIL. | F5: FILL | G5: CASES | H5: Line Rated | I5: Cases on Hold | J5: BBT | K5: BOTTLED | L5: Diff BBT Hls vs Hls in Package | M5: DOWNTIME (Mins) | N5: REJECTS (Cases) | O5: KEGS | P5: BOTTLED | Q5: AVERAGE | R5: YTD
E6: TIME | F6: TIME | G6: BOTTLED | H6: Efficiency | J6: HLS | K6: HLS | P6: LOSS | Q6: CASE/HR | R6: Ave Case per hour
F7: Mins | H7: %
F8: =[3]Nov!$N78 -> 0 | H8: =(G8)*24/(F8/60)/17000*100 -> #DIV/0! | K8: =(G8)*0.066 -> 0 | L8: =J8-K8 -> 0 | M8: =[3]Nov!$AD8 -> 0 | P8: =(J8-K8)/J8*100 -> #DIV/0! | Q8: =(G8)/(E8/60) -> #DIV/0!
F9: =[3]Nov!$N79 -> 0 | H9: =(G9)*24/(F9/60)/17000*100 -> #DIV/0! | K9: =(G9+G10)*0.066 -> 0 | L9: =J9-K9 -> 0 | M9: =[3]Nov!$AD9 -> 0 | P9: =(J9-K9)/J9*100 -> #DIV/0! | Q9: =(G9)/(E9/60) -> #DIV/0!
F10: =[3]Nov!$N80 -> 0 | H10: =(G10)*24/(F10/60)/17000*100 -> #DIV/0! | K10: =(G10+G11)*0.066 -> 0 | L10: =J10-K10 -> 0 | M10: =[3]Nov!$AD10 -> 0 | P10: =(J10-K10)/J10*100 -> #DIV/0! | Q10: =(G10)/(E10/60) -> #DIV/0!
F11: =[3]Nov!$N81 -> 0 | H11: =(G11)*24/(F11/60)/17000*100 -> #DIV/0! | K11: =(G11+G12)*0.066 -> 0 | L11: =J11-K11 -> 0 | M11: =[3]Nov!$AD11 -> 0 | P11: =(J11-K11)/J11*100 -> #DIV/0! | Q11: =(G11)/(E11/60) -> #DIV/0!
F12: =[3]Nov!$N82 -> 0 | H12: =(G12)*24/(F12/60)/17000*100 -> #DIV/0! | K12: =(G12+G13)*0.066 -> 0 | L12: =J12-K12 -> 0 | M12: =[3]Nov!$AD12 -> 0 | P12: =(J12-K12)/J12*100 -> #DIV/0! | Q12: =(G12)/(E12/60) -> #DIV/0!
F13: =[3]Nov!$N83 -> 0 | H13: =(G13)*24/(F13/60)/17000*100 -> #DIV/0! | K13: =(G13+G14)*0.066 -> 0 | L13: =J13-K13 -> 0 | M13: =[3]Nov!$AD13 -> 0 | P13: =(J13-K13)/J13*100 -> #DIV/0! | Q13: =(G13)/(E13/60) -> #DIV/0!
F14: =[3]Nov!$N84 -> 0 | H14: =(G14)*24/(F14/60)/17000*100 -> #DIV/0! | K14: =(G14+G15)*0.066 -> 0 | L14: =J14-K14 -> 0 | M14: =[3]Nov!$AD14 -> 0 | P14: =(J14-K14)/J14*100 -> #DIV/0! | Q14: =(G14)/(E14/60) -> #DIV/0!
F15: =[3]Nov!$N85 -> 0 | H15: =(G15)*24/(F15/60)/17000*100 -> #DIV/0! | K15: =(G15+G16)*0.066 -> 0 | L15: =J15-K15 -> 0 | M15: =[3]Nov!$AD15 -> 0 | P15: =(J15-K15)/J15*100 -> #DIV/0! | Q15: =(G15)/(E15/60) -> #DIV/0!
F16: =[3]Nov!$N86 -> 0 | H16: =(G16)*24/(F16/60)/17000*100 -> #DIV/0! | K16: =(G16+G17)*0.066 -> 0 | L16: =J16-K16 -> 0 | M16: =[3]Nov!$AD16 -> 0 | P16: =(J16-K16)/J16*100 -> #DIV/0! | Q16: =(G16)/(E16/60) -> #DIV/0!
F17: =[3]Nov!$N87 -> 0 | H17: =(G17)*24/(F17/60)/17000*100 -> #DIV/0! | K17: =(G17+G18)*0.066 -> 0 | L17: =J17-K17 -> 0 | M17: =[3]Nov!$AD17 -> 0 | P17: =(J17-K17)/J17*100 -> #DIV/0! | Q17: =(G17)/(E17/60) -> #DIV/0!
F18: =[3]Nov!$N88 -> 0 | H18: =(G18)*24/(F18/60)/17000*100 -> #DIV/0! | K18: =(G18+G19)*0.066 -> 0 | L18: =J18-K18 -> 0 | M18: =[3]Nov!$AD18 -> 0 | P18: =(J18-K18)/J18*100 -> #DIV/0! | Q18: =(G18)/(E18/60) -> #DIV/0!
F19: =[3]Nov!$N89 -> 0 | H19: =(G19)*24/(F19/60)/17000*100 -> #DIV/0! | K19: =(G19+G20)*0.066 -> 0 | L19: =J19-K19 -> 0 | M19: =[3]Nov!$AD19 -> 0 | P19: =(J19-K19)/J19*100 -> #DIV/0! | Q19: =(G19)/(E19/60) -> #DIV/0!
F20: =[3]Nov!$N90 -> 0 | H20: =(G20)*24/(F20/60)/17000*100 -> #DIV/0! | K20: =(G20+G21)*0.066 -> 0 | L20: =J20-K20 -> 0 | M20: =[3]Nov!$AD20 -> 0 | P20: =(J20-K20)/J20*100 -> #DIV/0! | Q20: =(G20)/(E20/60) -> #DIV/0!
... F42: =[3]Nov!$N112 -> 0 | H42: =(G42)*24/(F42/60)/17000*100 -> #DIV/0! | K42: =(G42+G43)*0.066 -> 0 | L42: =J42-K42 -> 0 | M42: =[3]Nov!$AD42 -> 0 | P42: =(J42-K42)/J42*100 -> #DIV/0! | Q42: =(G42)/(E42/60) -> #DIV/0!
F43: =[3]Nov!$N113 -> 0 | H43: =(G43)*24/(F43/60)/17000*100 -> #DIV/0! | K43: =(G43)*0.066 -> 0 | L43: =J43-K43 -> 0 | M43: =[3]Nov!$AD43 -> 0 | P43: =(J43-K43)/J43*100 -> #DIV/0! | Q43: =(G43)/(E43/60) -> #DIV/0!
F44: =[3]Nov!$N114 -> 0 | H44: =(G44)*24/(F44/60)/17000*100 -> #DIV/0! | K44: =(G44)*0.066 -> 0 | L44: =J44-K44 -> 0 | M44: =[3]Nov!$AD44 -> 0 | P44: =(J44-K44)/J44*100 -> #DIV/0! | Q44: =(G44)/(E44/60) -> #DIV/0!
F45: =[3]Nov!$N115 -> 0 | H45: =(G45)*24/(F45/60)/17000*100 -> #DIV/0! | K45: =(G45)*0.066 -> 0 | L45: =J45-K45 -> 0 | M45: =[3]Nov!$AD45 -> 0 | P45: =(J45-K45)/J45*100 -> #DIV/0! | Q45: =(G45)/(E45/60) -> #DIV/0!
F46: =[3]Nov!$N116 -> 0 | H46: =(G46)*24/(F46/60)/17000*100 -> #DIV/0! | K46: =(G46)*0.066 -> 0 | L46: =J46-K46 -> 0 | M46: =[3]Nov!$AD46 -> 0 | P46: =(J46-K46)/J46*100 -> #DIV/0! | Q46: =(G46)/(E46/60) -> #DIV/0!
F47: =[3]Nov!$N117 -> 0 | H47: =(G47)*24/(F47/60)/17000*100 -> #DIV/0! | K47: =(G47)*0.066 -> 0 | L47: =J47-K47 -> 0 | M47: =[3]Nov!$AD47 -> 0 | P47: =(J47-K47)/J47*100 -> #DIV/0! | Q47: =(G47)/(E47/60) -> #DIV/0!
F48: =[3]Nov!$N118 -> 0 | H48: =(G48)*24/(F48/60)/17000*100 -> #DIV/0! | K48: =(G48)*0.066 -> 0 | L48: =J48-K48 -> 0 | M48: =[3]Nov!$AD48 -> 0 | P48: =(J48-K48)/J48*100 -> #DIV/0! | Q48: =(G48)/(E48/60) -> #DIV/0!
H49: =(G49)*24/(F49/60)/17000*100 -> #DIV/0! | K49: =(G49)*0.066 -> 0 | L49: =J49-K49 -> 0 | M49: =[3]Nov!$AD49 -> 0 | P49: =(J49-K49)/J49*100 -> #DIV/0! | Q49: =(G49)/(E49/60) -> #DIV/0!
H50: =(G50)*24/(F50/60)/17000*100 -> #DIV/0! | K50: =(G50)*0.066 -> 0 | L50: =J50-K50 -> 0 | M50: =[3]Nov!$AD50 -> 0 | P50: =(J50-K50)/J50*100 -> #DIV/0! | Q50: =(G50)/(E50/60) -> #DIV/0!
H51: =(G51)*24/(F51/60)/17000*100 -> #DIV/0! | K51: =(G51)*0.066 -> 0 | L51: =J51-K51 -> 0 | M51: =[3]Nov!$AD51 -> 0 | P51: =(J51-K51)/J51*100 -> #DIV/0! | Q51: =(G51)/(E51/60) -> #DIV/0!
H52: =(G52)*24/(F52/60)/17000*100 -> #DIV/0! | K52: =(G52)*0.066 -> 0 | L52: =J52-K52 -> 0 | M52: =[3]Nov!$AD52 -> 0 | P52: =(J52-K52)/J52*100 -> #DIV/0! | Q52: =(G52)/(E52/60) -> #DIV/0!
H53: =(G53)*24/(F53/60)/17000*100 -> #DIV/0! | K53: =(G53)*0.066 -> 0 | L53: =J53-K53 -> 0 | M53: =[3]Nov!$AD53 -> 0 | P53: =(J53-K53)/J53*100 -> #DIV/0! | Q53: =(G53)/(E53/60) -> #DIV/0!
H54: =(G54)*24/(F54/60)/17000*100 -> #DIV/0! | K54: =(G54)*0.066 -> 0 | L54: =J54-K54 -> 0 | P54: =(J54-K54)/J54*100 -> #DIV/0! | Q54: =(G54)/(E54/60) -> #DIV/0!
H55: =(G55)*24/(F55/60)/17000*100 -> #DIV/0! | K55: =(G55)*0.066 -> 0 | L55: =J55-K55 -> 0 | P55: =(J55-K55)/J55*100 -> #DIV/0! | Q55: =(G55)/(E55/60) -> #DIV/0!
H56: =(G56)*24/(F56/60)/17000*100 -> #DIV/0! | K56: =(G56)*0.066 -> 0 | L56: =J56-K56 -> 0 | P56: =(J56-K56)/J56*100 -> #DIV/0! | Q56: =(G56)/(E56/60) -> #DIV/0!
H57: =(G57)*24/(F57/60)/17000*100 -> #DIV/0! | K57: =(G57)*0.066 -> 0 | L57: =J57-K57 -> 0 | P57: =(J57-K57)/J57*100 -> #DIV/0! | Q57: =(G57)/(E57/60) -> #DIV/0!
H58: =(G58)*24/(F58/60)/17000*100 -> #DIV/0! | K58: =(G58)*0.066 -> 0 | L58: =J58-K58 -> 0 | P58: =(J58-K58)/J58*100 -> #DIV/0! | Q58: =(G58)/(F58/60) -> #DIV/0!
H59: =(G59)*24/(F59/60)/17000*100 -> #DIV/0! | K59: =(G59)*0.066 -> 0 | L59: =J59-K59 -> 0 | P59: =(J59-K59)/J59*100 -> #DIV/0! | Q59: =(G59)/(F59/60) -> #DIV/0!
H60: =(G60)*24/(F60/60)/17000*100 -> #DIV/0! | L60: =J60-K60 -> 0 | P60: =(J60-K60)/J60*100 -> #DIV/0! | Q60: =(G60)/(F60/60) -> #DIV/0!
H61: =(G61)*24/(F61/60)/17000*100 -> #DIV/0! | K61: =(G61)*0.066 -> 0 | L61: =J61-K61 -> 0 | P61: =(J61-K61)/J61*100 -> #DIV/0! | Q61: =(G61)/(F61/60) -> #DIV/0!
E62: =SUM(E8:E61) -> 0 | F62: =SUM(F8:F61) -> 0 | G62: =SUM(G8:G61) -> 0 | H62: =(G62)*24/(F62/60)/17000*100 -> #DIV/0! | I62: =SUM(I8:I36) -> 0 | J62: =SUM(J8:J61) -> 0 | K62: =SUM(K8:K61) -> 0 | L62: =J62-K62 -> 0 | M62: =SUM(M8:M61) -> 0 | N62: =SUM(N8:N61) -> 0 | O62: =SUM(O8:O61) -> 0 | P62: =(J62-K62)/J62 -> #DIV/0! | Q62: =(G62)/(F62/60) -> #DIV/0! | R62: =(January_2026!G65+February_2026!G63+March_2026!G62+'April_2026 '!G54+May_2026!G63+June_2026!G57+July_2026!G60+August_2026!G57+September_206!G54+October_2026!G64+G62)/((January_2026!F65+February_2026!F63+March_2026!F62+'April_2026 '!F54+May_2026!F63+June_2026!F57+July_2026!F60+August_2026!F57+September_206!F54+October_2026!F64+F62)/60) -> 363.02641
N63: KEGS
K64: Produced | L64: =G62+O64 -> 0 | N64: TOTAL CASES | O64: =O62*2.75 -> 0
N66: Stag | O66: =SUM(O49+O13+O36+O33) -> 0
N67: Carib | O67: =SUM(O9+O19+O27+O40+O51) -> 0
N68: Guinn | O68: =SUM(O10+O20+O28+O41+O52) -> 0
N69: Total Kegs | O69: =SUM(O66:O68) -> 0

Sheet December_2026
B1: GRENADA BREWERIES LIMITED
B3: PRODUCTION DEPARTMENT
B4: 46357
B5: DATE | C5: DAY | D5: PRODUCT | E5: AVAIL. | F5: FILL | G5: CASES | H5: Line Rated | I5: Cases on Hold | J5: BBT | K5: BOTTLED | L5: Diff BBT Hls vs Hls in Package | M5: DOWNTIME (Mins) | N5: REJECTS (Cases) | O5: KEGS | P5: BOTTLED | Q5: AVERAGE | R5: GLUE | S5: YTD
E6: TIME | F6: TIME | G6: BOTTLED | H6: Efficiency | J6: HLS | K6: HLS | P6: LOSS | Q6: CASE/HR | R6: USAGE | S6: Ave Case per hour
F7: Mins | H7: %
F8: =[3]Dec!$N66 -> 0 | H8: =(G8)*24/(F8/60)/17000*100 -> #DIV/0! | K8: =(G8)*0.066 -> 0 | L8: =J8-K8 -> 0 | M8: =[3]Dec!$AD8 -> 0 | O8: 60 | P8: =(J8-K8)/J8*100 -> #DIV/0! | Q8: =(G8)/(E8/60) -> #DIV/0!
F9: =[3]Dec!$N67 -> 0 | H9: =(G9)*24/(F9/60)/17000*100 -> #DIV/0! | K9: =(G9)*0.066 -> 0 | L9: =J9-K9 -> 0 | M9: =[3]Dec!$AD9 -> 0 | P9: =(J9-K9)/J9*100 -> #DIV/0! | Q9: =(G9)/(E9/60) -> #DIV/0!
F10: =[3]Dec!$N68 -> 0 | H10: =(G10)*24/(F10/60)/17000*100 -> #DIV/0! | K10: =(G10)*0.066 -> 0 | L10: =J10-K10 -> 0 | M10: =[3]Dec!$AD10 -> 0 | P10: =(J10-K10)/J10*100 -> #DIV/0! | Q10: =(G10)/(E10/60) -> #DIV/0!
F11: =[3]Dec!$N69 -> 0 | H11: =(G11)*24/(F11/60)/17000*100 -> #DIV/0! | K11: =(G11)*0.066 -> 0 | L11: =J11-K11 -> 0 | M11: =[3]Dec!$AD11 -> 0 | P11: =(J11-K11)/J11*100 -> #DIV/0! | Q11: =(G11)/(E11/60) -> #DIV/0! | Y11: =36+10.8 -> 46.8
F12: =[3]Dec!$N70 -> 0 | H12: =(G12)*24/(F12/60)/17000*100 -> #DIV/0! | K12: =(G12)*0.066 -> 0 | L12: =J12-K12 -> 0 | M12: =[3]Dec!$AD12 -> 0 | P12: =(J12-K12)/J12*100 -> #DIV/0! | Q12: =(G12)/(E12/60) -> #DIV/0! | Y12: =+Y11+50.7 -> 97.5
F13: =[3]Dec!$N71 -> 0 | H13: =(G13)*24/(F13/60)/17000*100 -> #DIV/0! | K13: =(G13)*0.066 -> 0 | L13: =J13-K13 -> 0 | M13: =[3]Dec!$AD13 -> 0 | P13: =(J13-K13)/J13*100 -> #DIV/0! | Q13: =(G13)/(E13/60) -> #DIV/0!
F14: =[3]Dec!$N72 -> 0 | H14: =(G14)*24/(F14/60)/17000*100 -> #DIV/0! | K14: =(G14)*0.066 -> 0 | L14: =J14-K14 -> 0 | M14: =[3]Dec!$AD14 -> 0 | P14: =(J14-K14)/J14*100 -> #DIV/0! | Q14: =(G14)/(E14/60) -> #DIV/0!
F15: =[3]Dec!$N73 -> 0 | H15: =(G15)*24/(F15/60)/17000*100 -> #DIV/0! | K15: =(G15)*0.066 -> 0 | L15: =J15-K15 -> 0 | M15: =[3]Dec!$AD15 -> 0 | P15: =(J15-K15)/J15*100 -> #DIV/0! | Q15: =(G15)/(E15/60) -> #DIV/0!
F16: =[3]Dec!$N74 -> 0 | H16: =(G16)*24/(F16/60)/17000*100 -> #DIV/0! | K16: =(G16)*0.066 -> 0 | L16: =J16-K16 -> 0 | M16: =[3]Dec!$AD16 -> 0 | P16: =(J16-K16)/J16*100 -> #DIV/0! | Q16: =(G16)/(E16/60) -> #DIV/0!
F17: =[3]Dec!$N75 -> 0 | H17: =(G17)*24/(F17/60)/17000*100 -> #DIV/0! | K17: =(G17)*0.066 -> 0 | L17: =J17-K17 -> 0 | M17: =[3]Dec!$AD17 -> 0 | P17: =(J17-K17)/J17*100 -> #DIV/0! | Q17: =(G17)/(E17/60) -> #DIV/0!
F18: =[3]Dec!$N76 -> 0 | H18: =(G18)*24/(F18/60)/17000*100 -> #DIV/0! | K18: =(G18)*0.066 -> 0 | L18: =J18-K18 -> 0 | M18: =[3]Dec!$AD18 -> 0 | P18: =(J18-K18)/J18*100 -> #DIV/0! | Q18: =(G18)/(E18/60) -> #DIV/0!
F19: =[3]Dec!$N77 -> 0 | H19: =(G19)*24/(F19/60)/17000*100 -> #DIV/0! | K19: =(G19)*0.066 -> 0 | L19: =J19-K19 -> 0 | M19: =[3]Dec!$AD19 -> 0 | P19: =(J19-K19)/J19*100 -> #DIV/0! | Q19: =(G19)/(E19/60) -> #DIV/0!
F20: =[3]Dec!$N78 -> 0 | H20: =(G20)*24/(F20/60)/17000*100 -> #DIV/0! | K20: =(G20)*0.066 -> 0 | L20: =J20-K20 -> 0 | M20: =[3]Dec!$AD20 -> 0 | P20: =(J20-K20)/J20*100 -> #DIV/0! | Q20: =(G20)/(E20/60) -> #DIV/0!
F21: =[3]Dec!$N79 -> 0 | H21: =(G21)*24/(F21/60)/17000*100 -> #DIV/0! | K21: =(G21)*0.066 -> 0 | L21: =J21-K21 -> 0 | M21: =[3]Dec!$AD21 -> 0 | P21: =(J21-K21)/J21*100 -> #DIV/0! | Q21: =(G21)/(E21/60) -> #DIV/0!
F22: =[3]Dec!$N80 -> 0 | H22: =(G22)*24/(F22/60)/17000*100 -> #DIV/0! | K22: =(G22)*0.066 -> 0 | L22: =J22-K22 -> 0 | M22: =[3]Dec!$AD22 -> 0 | P22: =(J22-K22)/J22*100 -> #DIV/0! | Q22: =(G22)/(E22/60) -> #DIV/0!
F23: =[3]Dec!$N81 -> 0 | H23: =(G23)*24/(F23/60)/17000*100 -> #DIV/0! | K23: =(G23)*0.066 -> 0 | L23: =J23-K23 -> 0 | M23: =[3]Dec!$AD23 -> 0 | P23: =(J23-K23)/J23*100 -> #DIV/0! | Q23: =(G23)/(E23/60) -> #DIV/0!
F24: =[3]Dec!$N82 -> 0 | H24: =(G24)*24/(F24/60)/17000*100 -> #DIV/0! | K24: =(G24)*0.066 -> 0 | L24: =J24-K24 -> 0 | M24: =[3]Dec!$AD24 -> 0 | P24: =(J24-K24)/J24*100 -> #DIV/0! | Q24: =(G24)/(E24/60) -> #DIV/0!
F25: =[3]Dec!$N83 -> 0 | H25: =(G25)*24/(F25/60)/17000*100 -> #DIV/0! | K25: =(G25)*0.066 -> 0 | L25: =J25-K25 -> 0 | M25: =[3]Dec!$AD25 -> 0 | P25: =(J25-K25)/J25*100 -> #DIV/0! | Q25: =(G25)/(E25/60) -> #DIV/0! | T25: `
F26: =[3]Dec!$N84 -> 0 | H26: =(G26)*24/(F26/60)/17000*100 -> #DIV/0! | K26: =(G26)*0.066 -> 0 | L26: =J26-K26 -> 0 | M26: =[3]Dec!$AD26 -> 0 | P26: =(J26-K26)/J26*100 -> #DIV/0! | Q26: =(G26)/(E26/60) -> #DIV/0!
F27: =[3]Dec!$N85 -> 0 | H27: =(G27)*24/(F27/60)/17000*100 -> #DIV/0! | K27: =(G27)*0.066 -> 0 | L27: =J27-K27 -> 0 | M27: =[3]Dec!$AD27 -> 0 | P27: =(J27-K27)/J27*100 -> #DIV/0! | Q27: =(G27)/(E27/60) -> #DIV/0!
F28: =[3]Dec!$N86 -> 0 | H28: =(G28)*24/(F28/60)/17000*100 -> #DIV/0! | K28: =(G28)*0.066 -> 0 | L28: =J28-K28 -> 0 | M28: =[3]Dec!$AD28 -> 0 | P28: =(J28-K28)/J28*100 -> #DIV/0! | Q28: =(G28)/(E28/60) -> #DIV/0!
F29: =[3]Dec!$N87 -> 0 | H29: =(G29)*24/(F29/60)/17000*100 -> #DIV/0! | K29: =(G29)*0.066 -> 0 | L29: =J29-K29 -> 0 | M29: =[3]Dec!$AD29 -> 0 | P29: =(J29-K29)/J29*100 -> #DIV/0! | Q29: =(G29)/(E29/60) -> #DIV/0!
F30: =[3]Dec!$N88 -> 0 | H30: =(G30)*24/(F30/60)/17000*100 -> #DIV/0! | K30: =(G30)*0.066 -> 0 | L30: =J30-K30 -> 0 | M30: =[3]Dec!$AD30 -> 0 | P30: =(J30-K30)/J30*100 -> #DIV/0! | Q30: =(G30)/(E30/60) -> #DIV/0!
F31: =[3]Dec!$N89 -> 0 | H31: =(G31)*24/(F31/60)/17000*100 -> #DIV/0! | K31: =(G31)*0.066 -> 0 | L31: =J31-K31 -> 0 | M31: =[3]Dec!$AD31 -> 0 | P31: =(J31-K31)/J31*100 -> #DIV/0! | Q31: =(G31)/(E31/60) -> #DIV/0!
F32: =[3]Dec!$N90 -> 0 | H32: =(G32)*24/(F32/60)/17000*100 -> #DIV/0! | K32: =(G32)*0.066 -> 0 | L32: =J32-K32 -> 0 | M32: =[3]Dec!$AD32 -> 0 | P32: =(J32-K32)/J32*100 -> #DIV/0! | Q32: =(G32)/(E32/60) -> #DIV/0!
