Workbook

Sheet January_17
B2: Daily Bottling Hall Summary 2017
B3: Date | C3: Product Bottled | D3: Planned Production Cases | E3: Filler Start Time | F3: BBT Hls | G3: Cases bottled | H3: Bott Hls | I3: No.of Rejects | J3: Cases Per hour (524) | K3: Fill Time Mins | L3: Packer End Time | M3: Down Time Mins | N3: Change Over % (1.1) | O3: Cases on hold | P3: Bottling Loss (1.1%) | Q3: GBL Plant Utilization @15,000 | R3: GBL Plant Utilization @17,000 | S3: Line Rated Efficiency (74%) @15,000 | T3: Line Rated Efficiency (74%) @17,000 | U3: Plant Availability (95%) | V3: Comments
B4: 42738 | C4: VITAMALT | D4: 1100 | E4: 0.32777778 | F4: =SUM([3]January_2017!$J8) -> 78.7 | G4: =SUM([3]January_2017!$F8) -> 1008 | H4: =SUM([3]January_2017!$K8) -> 74.9952 | I4: =SUM([3]January_2017!$N8) -> 7.75 | J4: =SUM([3]January_2017!$Q8) -> 258.51429 | K4: =SUM([3]January_2017!$E8) -> 525 | L4: 0.72847222 | M4: =SUM([3]January_2017!$M8) -> 12 | P4: =SUM([3]January_2017!$P8) -> 4.7074968 | Q4: =($G$4+$G$5+$G$6)/(($K$4/60)*$AC$4*(1/24)) -> 0.41362286 | R4: =($G$4+$G$5+$G$6)/(($K$4/60)*$AD$4*(1/24)) -> 0.36496134 | S4: =(G4+G5+G6)*24/(K4/60)/15000 -> 0.41362286 | T4: =(G4+G5+G6)*24/(K4/60)/17000 -> 0.36496134 | U4: =((607-207)/607) -> 0.65897858 | V4: 5mins downtime due to the back-up sensor on the Filler malfunctioning. 3mins for stuck crowns; & 4mins downtime caused by lack of bottles. | AC4: 15000 | AD4: 17000
C5: STAG | D5: 1100 | F5: =SUM([3]January_2017!$J9) -> 65.2 | G5: =SUM([3]January_2017!$F9) -> 966 | H5: =SUM([3]January_2017!$K9) -> 63.756 | I5: =SUM([3]January_2017!$N9) -> 12 | M5: =SUM([3]January_2017!$M9) -> 155 | N5: =[4]Jan!$I$9/K4 -> 0.24952381 | P5: =SUM([3]January_2017!$P9) -> 2.2147239 | V5: 131mins Change-over from Vitamalt; 9mins stuck crowns & 2mins back-up sensor malfunction. 5mins downtime to increase CO2 on the line; 3mins waiting on pallet packer; 3mins Packer adjustments. | AC5: 15000 | AD5: 17000
C6: CARIB (AMBER) | F6: =SUM([3]January_2017!$J10) -> 34.1 | G6: =SUM([3]January_2017!$F10) -> 288 | H6: =SUM([3]January_2017!$K10) -> 32.688 | I6: =SUM([3]January_2017!$N10) -> 3 | M6: =SUM([3]January_2017!$M10) -> 40 | N6: =[4]Jan!$I$10/K4 -> 0.057142857 | P6: =SUM([3]January_2017!$P10) -> 4.1407625 | V6: 30mins Change-over from Stag; 7mins low water pressure on the Washer; & 2mins downtime to increase CO2 on the line. | AC6: 15000 | AD6: 17000
B7: 42739 | C7: CARIB (FLINT) | D7: 2200 | E7: 0.31736111 | F7: =SUM([3]January_2017!$J11) -> 308.3 | G7: =SUM([3]January_2017!$F11) -> 2249 | H7: =SUM([3]January_2017!$K11) -> 307.534 | I7: =SUM([3]January_2017!$N11) -> 11 | J7: =SUM([3]January_2017!$Q11) -> 459.43144 | K7: =SUM([3]January_2017!$E11) -> 598 | L7: 0.7875 | M7: =SUM([3]January_2017!$M11) -> 105 | N7: =[4]Jan!$I$11/K7 -> 0.018394649 | P7: =SUM([3]January_2017!$P11) -> 0.24845929 | Q7: =($G$7+$G$8)/(($K$7/60)*$AC$7*(1/24)) -> 0.7350903 | R7: =($G$7+$G$8)/(($K$7/60)*$AD$7*(1/24)) -> 0.64860909 | S7: =(G7+G8)*24/(K7/60)/15000 -> 0.7350903 | T7: =(G7+G8)*24/(K7/60)/17000 -> 0.64860909 | U7: =(708-M7)/708 -> 0.85169492 | V7: 13mins due to foreign object found in bottles past the EBI; & 10mins high rejection. 10mins adjusting the tape on the Sealer. 8mins cleaning & adjusting the rollers on the Sealer; 7mins changing over the Packer from cartons to crates. Pasteurizer stopped for 4mins to separate Flint from CDC Amber; & 10mins low air pressure on the Filler. | AC7: 15000 | AD7: 17000
C8: CARIB (AMBER) | D8: 2400 | G8: =SUM([3]January_2017!$F12) -> 2330 | AC8: 15000 | AD8: 17000
B9: 42740 | C9: CARIB (AMBER) | D9: 1000 | E9: 0.32152778 | F9: =SUM([3]January_2017!$J13) -> 61.3 | G9: =SUM([3]January_2017!$F13) -> 905 | H9: =SUM([3]January_2017!$K13) -> 59.73 | I9: =SUM([3]January_2017!$N13) -> 10.75 | J9: =SUM([3]January_2017!$Q$13:$Q14) -> 534.54545 | K9: =SUM([3]January_2017!$E13) -> 583 | L9: 0.77291667 | M9: =SUM([3]January_2017!$M13) -> 14 | P9: =SUM([3]January_2017!$P13) -> 2.5611746 | Q9: =($G$9+$G$10)/(($K$9/60)*$AC$9*(1/24)) -> 0.85527273 | R9: =($G$9+$G$10)/(($K$9/60)*$AD$9*(1/24)) -> 0.75465241 | S9: =(G9+G10)*24/(K9/60)/15000 -> 0.85527273 | T9: =(G9+G10)*24/(K9/60)/17000 -> 0.75465241 | U9: =(686-52)/686 -> 0.92419825 | V9: 7mins low pressure on the BBT at the end of filling. 2mins for stuck crowns & 3mins high rejection. | AC9: 15000 | AD9: 17000
C10: STAG | D10: 4200 | F10: =SUM([3]January_2017!$J14) -> 284.3 | G10: =SUM([3]January_2017!$F14) -> 4289 | H10: =SUM([3]January_2017!$K14) -> 283.074 | I10: =SUM([3]January_2017!$N14) -> 2.25 | M10: =SUM([3]January_2017!$M14) -> 38 | N10: =[4]Jan!$I$13/K9 -> 0.012006861 | P10: =SUM([3]January_2017!$P14) -> 0.43123461 | V10: 15mins downtime investigation to check why some bottles were leaking resulted in 3 worn-out pistons being changed & a crimp test done. 9mins stuck crowns; & 7mins change-over downtime. | AC10: 15000 | AD10: 17000
B11: 42741 | C11: TING | D11: 3600 | E11: 0.32777778 | F11: =SUM([3]January_2017!$J15) -> 245.916 | G11: =SUM([3]January_2017!$F15) -> 3632 | H11: =SUM([3]January_2017!$K15) -> 239.712 | I11: =SUM([3]January_2017!$N15) -> 7 | J11: =SUM([3]January_2017!$Q15) -> 433.24056 | K11: =SUM([3]January_2017!$E15) -> 503 | L11: 0.71666667 | M11: =SUM([3]January_2017!$M15) -> 96 | P11: =SUM([3]January_2017!$P15) -> 2.5228127 | Q11: =($G$11)/(($K$11/60)*$AC$11*(1/24)) -> 0.69318489 | R11: =($G$11)/(($K$11/60)*$AD$11*(1/24)) -> 0.61163373 | S11: =(G11)*24/(K11/60)/15000 -> 0.69318489 | T11: =(G11)*24/(K11/60)/17000 -> 0.61163373 | U11: =(608-96)/608 -> 0.84210526 | V11: 26mins low water pressure on the Washer due to repairs on the water supply pump (Seal replacement). 18mins downtime caused by lack of water in the condenser in the Soft Drink plant. 20mins Labeler repair @ start-up due to twisting labels (Sponge changed); 16mins downtime on the Uncaser due to a damaged sprocket; 6mins downtime to increase CO2 on the line to end filling; & 5mins stuck crowns | AC11: 15000 | AD11: 17000
B12: 42744 | C12: GUINNESS | D12: 2800 | E12: 0.35972222 | F12: =SUM([3]January_2017!$J16) -> 193.6 | G12: =SUM([3]January_2017!$F16) -> 2920 | H12: =SUM([3]January_2017!$K16) -> 192.72 | I12: =SUM([3]January_2017!$N16) -> 8.25 | J12: =SUM([3]January_2017!$Q16) -> 395.48533 | K12: =SUM([3]January_2017!$E16) -> 443 | L12: 0.67361111 | M12: =SUM([3]January_2017!$M16) -> 91 | P12: =SUM([3]January_2017!$P16) -> 0.45454545 | Q12: =($G$12)/(($K$12/60)*$AC$12*(1/24)) -> 0.63277652 | R12: =($G$12)/(($K$12/60)*$AD$12*(1/24)) -> 0.55833223 | S12: =(G12)*24/(K12/60)/15000 -> 0.63277652 | T12: =(G12)*24/(K12/60)/17000 -> 0.55833223 | U12: =(524-M12)/524 -> 0.82633588 | V12: 48mins late start due to fault with the crown transfer system on the Filler. 6mins for stuck crowns. 12mins and 6mins low air pressure on the Filler & Uncaser respectively; 2mins Labeler adjustments for flagging & missing labels; & 5mins waiting on labels. | AC12: 15000 | AD12: 17000
B13: 42745 | C13: CARIB (AMBER) | D13: 4900 | E13: 0.31736111 | F13: =SUM([3]January_2017!$J17) -> 229 | G13: =SUM([3]January_2017!$F17) -> 3240 | H13: =SUM([3]January_2017!$K17) -> 228.47 | I13: =SUM([3]January_2017!$N17) -> 9.75 | J13: =SUM([3]January_2017!$Q17) -> 353.45455 | K13: =SUM([3]January_2017!$E17) -> 550 | L13: 0.725 | M13: =SUM([3]January_2017!$M17) -> 168 | P13: =SUM([3]January_2017!$P17) -> 0.23144105 | Q13: =($G$13)/(($K$13/60)*$AC$13*(1/24)) -> 0.56552727 | R13: =($G$13)/(($K$13/60)*$AD$13*(1/24)) -> 0.49899465 | S13: =(G13)*24/(K13/60)/15000 -> 0.56552727 | T13: =(G13)*24/(K13/60)/17000 -> 0.49899465 | U13: =(615-M13)/615 -> 0.72682927 | V13: 150mins EBI downtime for repairs and adjustments to the sprocket, shaft, rollers & bearing of the belt drive system; 4mins stuck crowns; Uncaser conveyor line needed adjusting; & 5mins Labeler adjustments. | AC13: 15000 | AD13: 17000
B14: 42746 | C14: CARIB (FLINT) | D14: 300 | E14: 0.31458333 | F14: =SUM([3]January_2017!$J18) -> 311.93 | G14: =SUM([3]January_2017!$F18) -> 276 | H14: =SUM([3]January_2017!$K18) -> 311.058 | I14: =SUM([3]January_2017!$N18) -> 24.25 | J14: =SUM([3]January_2017!$Q18) -> 460.55375 | K14: =SUM([3]January_2017!$E18) -> 614 | L14: 0.71111111 | M14: =SUM([3]January_2017!$M18) -> 57 | N14: =[4]Jan!$I$17/K14 -> 0.0016286645 | P14: =SUM([3]January_2017!$P18) -> 0.2795499 | Q14: =($G$14+$G$15)/(($K$14/60)*$AC$14*(1/24)) -> 0.73688599 | R14: =($G$14+$G$15)/(($K$14/60)*$AD$14*(1/24)) -> 0.65019352 | S14: =(G14+G15)*24/(K14/60)/15000 -> 0.73688599 | T14: =(G14+G15)*24/(K14/60)/17000 -> 0.65019352 | U14: =(723-M14)/723 -> 0.92116183 | V14: 13mins downtime for stuck crowns; 3mins for air dryer fault; 9mins low air pressure on the Filler; 6mins downtime due to bottle jams on line ex. Pasteurizer; & 5mins each for EBI & Labeler adjustments. | AC14: 15000 | AD14: 17000
C15: CARIB (AMBER) | D15: 2800 | G15: =SUM([3]January_2017!$F19) -> 4437 | AC15: 15000 | AD15: 17000
B16: 42747 | C16: GUINNESS | D16: 4800 | E16: 0.31111111 | F16: =SUM([3]January_2017!$J20) -> 321.8 | G16: =SUM([3]January_2017!$F20) -> 4854 | H16: =SUM([3]January_2017!$K20) -> 320.364 | I16: =SUM([3]January_2017!$N20) -> 23.5 | J16: =SUM([3]January_2017!$Q20) -> 470.50081 | K16: =SUM([3]January_2017!$E20) -> 619 | L16: 0.80763889 | M16: =SUM([3]January_2017!$M20) -> 128 | P16: =SUM([3]January_2017!$P20) -> 0.4462399 | Q16: =($G$16)/(($K$16/60)*$AC$16*(1/24)) -> 0.75280129 | R16: =($G$16)/(($K$16/60)*$AD$16*(1/24)) -> 0.66423643 | S16: =(G16)*24/(K16/60)/15000 -> 0.75280129 | T16: =(G16)*24/(K16/60)/17000 -> 0.66423643 | U16: =(745-M16)/745 -> 0.82818792 | V16: 46mins downtime to replace damaged fingers on the Packer; 12mins adjusting the crate-stop on the Packer; 12mins waiting on pallet packer; 11mins for stuck crowns; 3mins air dryer fault; 4mins bottle jam in the worm; 7mins downtime on line ex. Pasteurizer & 4mins on the in-feed line to the Pasteurizer. | AC16: 15000 | AD16: 17000
B17: 42748 | C17: GUINNESS | D17: 2200 | E17: 0.31388889 | F17: =SUM([3]January_2017!$J21) -> 155.2 | G17: =SUM([3]January_2017!$F21) -> 2341 | H17: =SUM([3]January_2017!$K21) -> 154.506 | I17: =SUM([3]January_2017!$N21) -> 31 | J17: =SUM([3]January_2017!$Q21) -> 340.09685 | K17: =SUM([3]January_2017!$E21) -> 413 | L17: 0.69930556 | M17: =SUM([3]January_2017!$M21) -> 225 | P17: =SUM([3]January_2017!$P21) -> 0.44716495 | Q17: =($G$17)/(($K$17/60)*$AC$17*(1/24)) -> 0.54415496 | R17: =($G$17)/(($K$17/60)*$AD$17*(1/24)) -> 0.48013673 | S17: =(G17)*24/(K17/60)/15000 -> 0.54415496 | T17: =(G17)*24/(K17/60)/17000 -> 0.48013673 | U17: =(593-M17)/593 -> 0.62057336 | V17: 142mins downtime for adjustments to the crate stopper on the Packer; 28mins adjusting the centering device & 15mins adjusting the fingers. 13mins downtime for low PU; 8mins for stuck crowns; 4mins bleeding thr Fobber line; 3mins flushing the crowner; & 3mins air dryer fault. | AC17: 15000 | AD17: 17000
B18: 42751 | C18: STARMALT | D18: 4200 | E18: 0.32430556 | F18: =SUM([3]January_2017!$J22) -> 296.7 | G18: =SUM([3]January_2017!$F22) -> 4467 | H18: =SUM([3]January_2017!$K22) -> 294.822 | I18: =SUM([3]January_2017!$N22) -> 15 | J18: =SUM([3]January_2017!$Q22) -> 521.43969 | K18: =SUM([3]January_2017!$E22) -> 514 | L18: 0.72916667 | M18: =SUM([3]January_2017!$M22) -> 79 | P18: =SUM([3]January_2017!$P22) -> 0.63296259 | Q18: =($G$18)/(($K$18/60)*$AC$18*(1/24)) -> 0.8343035 | R18: =($G$18)/(($K$18/60)*$AD$18*(1/24)) -> 0.73615015 | S18: =(G18)*24/(K18/60)/15000 -> 0.8343035 | T18: =(G18)*24/(K18/60)/17000 -> 0.73615015 | U18: =(615-M18)/615 -> 0.87154472 | V18: 14mins Low air pressure on the Filler; 9mins for stuck crowns; 7mins downtime on the Filler due to air faults; 15mins Packer downtime for adjustments; & 9mins downtime due to the backup sensor on the line behind the Pasteurizer malfunctioning. | AC18: 15000 | AD18: 17000
B19: 42752 | C19: STAG | D19: 4200 | E19: 0.31597222 | F19: =SUM([3]January_2017!$J23) -> 301.1 | G19: =SUM([3]January_2017!$F23) -> 4480 | H19: =SUM([3]January_2017!$K23) -> 299.48 | I19: =SUM([3]January_2017!$N23) -> 32.75 | J19: =SUM([3]January_2017!$Q23) -> 534.39364 | K19: =SUM([3]January_2017!$E23) -> 503 | L19: 0.72152778 | M19: =SUM([3]January_2017!$M23) -> 113 | P19: =SUM([3]January_2017!$P23) -> 0.53802723 | Q19: =($G$19)/(($K$19/60)*$AC$19*(1/24)) -> 0.85502982 | R19: =($G$19)/(($K$19/60)*$AD$19*(1/24)) -> 0.75443808 | S19: =(G19)*24/(K19/60)/15000 -> 0.85502982 | T19: =(G19)*24/(K19/60)/17000 -> 0.75443808 | U19: =(612-M19)/612 -> 0.81535948 | V19: 34mins Packer downtime adjusting the centering cup assembly & 12mins for adjustments to fingers and the crate stopper. 18mins downtime resulted from the conveyor leading the Labeler tripping off; 10mins downtime on the line ex. Pasteurizer due to fallen bottles; 10mins for stuck crowns; 9mins downtime caused by Air Dryer faults. | AC19: 15000 | AD19: 17000
B20: 42753 | C20: MACKESON | D20: 5200 | E20: 0.31875 | F20: =SUM([3]January_2017!$J24) -> 349.6 | G20: =SUM([3]January_2017!$F24) -> 5258 | H20: =SUM([3]January_2017!$K24) -> 347.028 | I20: =SUM([3]January_2017!$N24) -> 24.75 | J20: =SUM([3]January_2017!$Q24) -> 528.44221 | K20: =SUM([3]January_2017!$E24) -> 597 | L20: 0.79027778 | M20: =SUM([3]January_2017!$M24) -> 105 | P20: =SUM([3]January_2017!$P24) -> 0.73569794 | Q20: =($G$20)/(($K$20/60)*$AC$20*(1/24)) -> 0.84550754 | R20: =($G$20)/(($K$20/60)*$AD$20*(1/24)) -> 0.74603606 | S20: =(G20)*24/(K20/60)/15000 -> 0.84550754 | T20: =(G20)*24/(K20/60)/17000 -> 0.74603606 | U20: =(715-M20)/715 -> 0.85314685 | V20: 27mins downtime adjusting the Sealer & tape; 21mins Labeler adjustments (10mins preparation & 11mins for missing body labels); 26mins downtime for stuck crowns (the vibrator was also malfunctioning); 6mins air fault; 6mins downtime on the Uncaser to replacing leaking suction cups; & 7mins while switching BBT's. | AC20: 15000 | AD20: 17000
B21: 42754 | C21: MACKESON | D21: 1100 | E21: 0.32152778 | F21: =SUM([3]January_2017!$J25) -> 69.7 | G21: =SUM([3]January_2017!$F25) -> 1034 | H21: =SUM([3]January_2017!$K25) -> 68.244 | I21: =SUM([3]January_2017!$N25) -> 14 | J21: =SUM([3]January_2017!$Q25) -> 488.4 | K21: =SUM([3]January_2017!$E25) -> 600 | L21: 0.7875 | M21: =SUM([3]January_2017!$M25) -> 18 | P21: =SUM([3]January_2017!$P25) -> 2.0889527 | Q21: =($G$21+$G$22)/(($K$21/60)*$AC$21*(1/24)) -> 0.78144 | R21: =($G$21+$G$22)/(($K$21/60)*$AD$21*(1/24)) -> 0.68950588 | S21: =(G21+G22)*24/(K21/60)/15000 -> 0.78144 | T21: =(G21+G22)*24/(K21/60)/17000 -> 0.68950588 | U21: =(706-101)/706 -> 0.85694051 | V21: 6mins uncaser adjustments; 3mins Sealer adjustments; & 3mins waiting on CO2 to push up product to end filling. | AC21: 15000 | AD21: 17000
C22: MAXIMALT | D22: 4900 | F22: =SUM([3]January_2017!$J26) -> 258.3 | G22: =SUM([3]January_2017!$F26) -> 3850 | H22: =SUM([3]January_2017!$K26) -> 254.1 | I22: =SUM([3]January_2017!$N26) -> 11 | M22: =SUM([3]January_2017!$M26) -> 83 | N22: =[4]Jan!$I$24/K21 -> 0.061666667 | P22: =SUM([3]January_2017!$P26) -> 1.6260163 | V22: 37mins Change-over downtime; 17mins low CO2 on the Filler; 4mins air dryer fault & 11mins stuck crows; & 6mins Videojet adjustment. | AC22: 15000 | AD22: 17000
B23: 42755 | C23: MAXIMALT | E23: 0.31875 | F23: =SUM([3]January_2017!$J27) -> 87.7 | G23: =SUM([3]January_2017!$F27) -> 1312 | H23: =SUM([3]January_2017!$K27) -> 86.592 | I23: =SUM([3]January_2017!$N27) -> 11.25 | J23: =SUM([3]January_2017!$Q27) -> 525.56818 | K23: =SUM([3]January_2017!$E27) -> 528 | L23: 0.7375 | M23: =SUM([3]January_2017!$M27) -> 12 | P23: =SUM([3]January_2017!$P27) -> 1.2633979 | Q23: =($G$23+$G$24)/(($K$23/60)*$AC$23*(1/24)) -> 0.84090909 | R23: =($G$23+$G$24)/(($K$23/60)*$AD$23*(1/24)) -> 0.74197861 | S23: =(G23+G24)*24/(K23/60)/15000 -> 0.84090909 | T23: =(G23+G24)*24/(K23/60)/17000 -> 0.74197861 | U23: =(636-(M23+M24))/636 -> 0.82075472 | V23: 6mins for stuck crowns & 2mins Air dryer fault. 4mins downtime on conveyor ex. Pasteurizer due to fallen bottles. | AC23: 15000 | AD23: 17000
C24: STAG | D24: 3500 | F24: =SUM([3]January_2017!$J28) -> 221.1 | G24: =SUM([3]January_2017!$F28) -> 3313 | H24: =SUM([3]January_2017!$K28) -> 218.658 | I24: =SUM([3]January_2017!$N28) -> 13.75 | M24: =SUM([3]January_2017!$M28) -> 102 | N24: =[4]Jan!$I$26/K23 -> 0.10795455 | P24: =SUM([3]January_2017!$P28) -> 1.1044776 | V24: 57mins Change-Over downtime; 11mins downtime for stuck crowns; 3mins for air dryer fault; 9mins Packer downtime to change damaged fingers; & 6mins downtime for fallen bottles on the line ex. Pasteurizer; & 3mins for bottle jams on the in-feed line to the Pasteurizer. | AC24: 15000 | AD24: 17000
B25: 42758 | C25: CARIB (AMBER) | D25: 4900 | E25: 0.31458333 | F25: =SUM([3]January_2017!$J29) -> 362.7 | G25: =SUM([3]January_2017!$F29) -> 5083 | H25: =SUM([3]January_2017!$K29) -> 359.228 | I25: =SUM([3]January_2017!$N29) -> 16.25 | J25: =SUM([3]January_2017!$Q29) -> 498.33333 | K25: =SUM([3]January_2017!$E29) -> 612 | L25: 0.79027778 | M25: =SUM([3]January_2017!$M29) -> 118 | P25: =SUM([3]January_2017!$P29) -> 0.95726496 | Q25: =($G$25)/(($K$25/60)*$AC$25*(1/24)) -> 0.79733333 | R25: =($G$25)/(($K$25/60)*$AD$25*(1/24)) -> 0.70352941 | S25: =(G25)*24/(K25/60)/15000 -> 0.79733333 | T25: =(G25)*24/(K25/60)/17000 -> 0.70352941 | U25: =(708-M25)/708 -> 0.83333333 | V25: 48mins adjusting the the centering device & head on the Packer; 13mins adjusting thr Packer fingers; &11mins adjustments to Packer air hose. 11mins Labeler magazine adjustments for missing labels; 6mins for stuck crowns; 3mins air dryer fault; & 2mins bleeding the Fobber line. 6mins adjusting the EBI belt (Rejection table full); & 4mins bottle backup on line ex. Pasteruizer & 3mins on Pasteurizer in-feed line. | AC25: 15000 | AD25: 17000
B26: 42759 | C26: CARIB (AMBER) | D26: 1500 | E26: 0.3125 | F26: =SUM([3]January_2017!$J30) -> 90.4 | G26: =SUM([3]January_2017!$F30) -> 1069 | H26: =SUM([3]January_2017!$K30) -> 89.364 | I26: =SUM([3]January_2017!$N30) -> 9 | J26: =SUM([3]January_2017!$Q30) -> 461.34783 | K26: =SUM([3]January_2017!$E30) -> 460 | L26: 0.69166667 | M26: =SUM([3]January_2017!$M30) -> 30 | P26: =SUM([3]January_2017!$P30) -> 1.1460177 | Q26: =($G$26+$G$27+$G$28+$G$29)/(($K$26/60)*$AC$26*(1/24)) -> 0.73815652 | R26: =($G$26+$G$27+$G$28+$G$29)/(($K$26/60)*$AD$26*(1/24)) -> 0.65131458 | S26: =(G26+G27+G28+G29)*24/(K26/60)/15000 -> 0.73815652 | T26: =(G26+G27+G28+G29)*24/(K26/60)/17000 -> 0.65131458 | U26: =(571-(M26+M28+M29))/571 -> 0.80035026 | V26: 13mins downtime on the Packer replacing fingers & suction cups; 3mins Air dryer fault on the Filler; 4mins downtime on line ex. Pasteurizer due to fallen bottles; & 2mins on in-feed line to the Pasteurizer. | AC26: 15000 | AD26: 17000
C27: CARIB (FLINT) | D27: 300 | G27: =SUM([3]January_2017!$F31) -> 285 | AC27: 15000 | AD27: 17000
C28: SHANDY (GINGER) | D28: 1400 | F28: =SUM([3]January_2017!$J32) -> 98.5 | G28: =SUM([3]January_2017!$F32) -> 1468 | H28: =SUM([3]January_2017!$K32) -> 96.888 | I28: =SUM([3]January_2017!$N32) -> 3.25 | M28: =SUM([3]January_2017!$M32) -> 27 | N28: =[4]Jan!$I$29/K26 -> 0.017391304 | P28: =SUM([3]January_2017!$P32) -> 1.6365482 | V28: 8mins Change-over from Carib to Shandy Ginger; 6mins downtime due to an object being found in a bottle by the manual sighter; 4mins Videojet adjustment; 3mins of fluctuating Fobber pressure & 2mins bleeding the Fobber line. | AC28: 15000 | AD28: 17000
C29: SHANDY (LIME) | D29: 700 | F29: =SUM([3]January_2017!$J33) -> 50.2 | G29: =SUM([3]January_2017!$F33) -> 715 | H29: =SUM([3]January_2017!$K33) -> 47.19 | I29: =SUM([3]January_2017!$N33) -> 5 | M29: =SUM([3]January_2017!$M33) -> 57 | N29: =[4]Jan!$I$30/K26 -> 0.10652174 | P29: =SUM([3]January_2017!$P33) -> 5.9960159 | V29: 49mins Change-Over downtime from Shandy Ginger to Shandy Lime; & 6mins Labeler adjustments for flagging labels. | AC29: 15000 | AD29: 17000
B30: 42760 | C30: VITAMALT | D30: 4000 | E30: 0.31597222 | F30: =SUM([3]January_2017!$J34) -> 314 | G30: =SUM([3]January_2017!$F34) -> 4202 | H30: =SUM([3]January_2017!$K34) -> 312.6288 | I30: =SUM([3]January_2017!$N34) -> 15.5 | J30: =SUM([3]January_2017!$Q34) -> 380.84592 | K30: =SUM([3]January_2017!$E34) -> 662 | L30: 0.82847222 | M30: =SUM([3]January_2017!$M34) -> 127 | P30: =SUM([3]January_2017!$P34) -> 0.4366879 | Q30: =($G$30)/(($K$30/60)*$AC$30*(1/24)) -> 0.60935347 | R30: =($G$30)/(($K$30/60)*$AD$30*(1/24)) -> 0.53766483 | S30: =(G30)*24/(K30/60)/15000 -> 0.60935347 | T30: =(G30)*24/(K30/60)/17000 -> 0.53766483 | U30: =(783-M30)/783 -> 0.83780332 | V30: 50mins downtime on the EBI for high rejections (belt adjustments); 19mins downtime due to a broken kidney on the Washer; 17mins downtime cleaning the Fobber; 9mins for stuck crowns; 7mins adjusting the Filler in-feed worm & 4mins air dryer fault. 6mins low air pressure on the Filler; 6mins Uncaser adjustments; & 4mins Packer adjustments. | AC30: 15000 | AD30: 17000
B31: 42761 | C31: CLUB SODA | D31: 350 | E31: 0.325 | F31: =SUM([3]January_2017!$J35) -> 28.045 | G31: =SUM([3]January_2017!$F35) -> 355 | H31: =SUM([3]January_2017!$K35) -> 28.045 | I31: =SUM([3]January_2017!$N35) -> 11 | J31: =SUM([3]January_2017!$Q35) -> 446.55098 | K31: =SUM([3]January_2017!$E35) -> 461 | L31: 0.7 | M31: =SUM([3]January_2017!$M35) -> 10 | P31: =SUM([3]January_2017!$P35) -> 0 | Q31: =($G$31+$G$32+$G$33+$G$34)/(($K$31/60)*$AC$31*(1/24)) -> 0.71448156 | R31: =($G$31+$G$32+$G$33+$G$34)/(($K$31/60)*$AD$31*(1/24)) -> 0.63042491 | S31: =(G31+G32+G33+G34)*24/(K31/60)/15000 -> 0.71448156 | T31: =(G31+G32+G33+G34)*24/(K31/60)/17000 -> 0.63042491 | U31: =(590-(M31+M32+M33+M34))/590 -> 0.78644068 | V31: 10mins low water pressure on the Soft Drink Plant. | AC31: 15000 | AD31: 17000
C32: ORNAGE | D32: 1200 | F32: =SUM([3]January_2017!$J36) -> 90.4 | G32: =SUM([3]January_2017!$F36) -> 1142 | H32: =SUM([3]January_2017!$K36) -> 90.218 | I32: =SUM([3]January_2017!$N36) -> 2.25 | M32: =SUM([3]January_2017!$M36) -> 28 | N32: =[4]Jan!$I$33/K31 -> 0.028199566 | P32: =SUM([3]January_2017!$P36) -> 0.20132743 | V32: 13mins Change-over downtime. 10mins low water pressure on the Soft Drink Plant (resulting in low product level in the filling bowl). 3mins Packer adjustments. | AC32: 15000 | AD32: 17000
C33: CREAM SODA | D33: 1200 | F33: =SUM([3]January_2017!$J37) -> 90.4 | G33: =SUM([3]January_2017!$F37) -> 1120 | H33: =SUM([3]January_2017!$K37) -> 88.48 | I33: =SUM([3]January_2017!$N37) -> 3.75 | M33: =SUM([3]January_2017!$M37) -> 52 | N33: =[4]Jan!$I$34/K31 -> 0.088937093 | P33: =SUM([3]January_2017!$P37) -> 2.1238938 | V33: 41mins Change-over downtime. 10mins low water pressure on the Soft Drink Plant. | AC33: 15000 | AD33: 17000
C34: KOLA CHAMPAGNE | D34: 900 | F34: =SUM([3]January_2017!$J38) -> 65.622449 | G34: =SUM([3]January_2017!$F38) -> 814 | H34: =SUM([3]January_2017!$K38) -> 64.306 | I34: =SUM([3]January_2017!$N38) -> 0 | M34: =SUM([3]January_2017!$M38) -> 36 | N34: =[4]Jan!$I$35/K31 -> 0.069414317 | P34: =SUM([3]January_2017!$P38) -> 2.0060955 | V34: 32mins Change-over downtime. 3mins low filling level as a result of low water pressure. | AC34: 15000 | AD34: 17000
B35: 42762 | C35: STAG | D35: 4200 | E35: 0.3125 | F35: =SUM([3]January_2017!$J39) -> 289.2 | G35: =SUM([3]January_2017!$F39) -> 4308 | H35: =SUM([3]January_2017!$K39) -> 288.128 | I35: =SUM([3]January_2017!$N39) -> 22.75 | J35: =SUM([3]January_2017!$Q39) -> 531.85185 | K35: =SUM([3]January_2017!$E39) -> 486 | L35: 0.70138889 | M35: =SUM([3]January_2017!$M39) -> 79 | P35: =SUM([3]January_2017!$P39) -> 0.37067773 | Q35: =($G$35)/(($K$35/60)*$AC$35*(1/24)) -> 0.85096296 | R35: =($G$35)/(($K$35/60)*$AD$35*(1/24)) -> 0.75084967 | S35: =(G35)*24/(K35/60)/15000 -> 0.85096296 | T35: =(G35)*24/(K35/60)/17000 -> 0.75084967 | U35: =(566-M35)/566 -> 0.86042403 | V35: 24mins Packer adjustments to the head (air hose).12mins downtime for jams & fallen bottles on the conveyor line ex. Pasteurizer. 5mins adjusting the in-feed worm on the Filler; 5mins flushing the crowner; 4mins air dryer fault; & 7mins low CO2 on the Filler. | AC35: 15000 | AD35: 17000
B36: 42765 | C36: CARIB (AMBER) | D36: 4900 | E36: 0.42152778 | F36: =SUM([3]January_2017!$J40) -> 319.4 | G36: =SUM([3]January_2017!$F40) -> 4456 | H36: =SUM([3]January_2017!$K40) -> 317.846 | I36: =SUM([3]January_2017!$N40) -> 8.75 | J36: =SUM([3]January_2017!$Q40) -> 587.6044 | K36: =SUM([3]January_2017!$E40) -> 455 | L36: 0.77916667 | M36: =SUM([3]January_2017!$M40) -> 23 | P36: =SUM([3]January_2017!$P40) -> 0.48653726 | Q36: =($G$36)/(($K$36/60)*$AC$36*(1/24)) -> 0.94016703 | R36: =($G$36)/(($K$36/60)*$AD$36*(1/24)) -> 0.82955915 | S36: =(G36)*24/(K36/60)/15000 -> 0.94016703 | T36: =(G36)*24/(K36/60)/17000 -> 0.82955915 | U36: =(696-M36)/696 -> 0.96695402 | V36: 4mins downtime for Air dryer fault on the Filler; 2mins stuck crowns; 8mins downtime switching BBT's; 3mins Labeler adjustments for missing labels; & 2mins switching pallet packer. | AC36: 15000 | AD36: 17000
B37: 42766 | C37: CARIB (AMBER) | D37: 2100 | E37: 0.31388889 | F37: =SUM([3]January_2017!$J41) -> 133.9 | G37: =SUM([3]January_2017!$F41) -> 2007 | H37: =SUM([3]January_2017!$K41) -> 132.462 | I37: =SUM([3]January_2017!$N41) -> 16 | J37: =SUM([3]January_2017!$Q41) -> 546.83417 | K37: =SUM([3]January_2017!$E41) -> 597 | L37: 0.78263889 | M37: =SUM([3]January_2017!$M41) -> 15 | P37: =SUM([3]January_2017!$P41) -> 1.0739358 | Q37: =($G$37+$G$38)/(($K$37/60)*$AC$38*(1/24)) -> 0.87493467 | R37: =($G$37+$G$38)/(($K$37/60)*$AD$38*(1/24)) -> 0.77200118 | S37: =(G37+G38)*24/(K37/60)/15000 -> 0.87493467 | T37: =(G37+G38)*24/(K37/60)/17000 -> 0.77200118 | U37: =(702-(M37+M38))/702 -> 0.91452991 | V37: 8mis downtime changing a gasket on the gaf filter line. 5mins Air dryer fault on the Filler. | AC37: 15000 | AD37: 17000
C38: STAG | D38: 2800 | F38: =SUM([3]January_2017!$J42) -> 227.4 | G38: =SUM([3]January_2017!$F42) -> 3434 | H38: =SUM([3]January_2017!$K42) -> 226.644 | I38: =SUM([3]January_2017!$N42) -> 10 | M38: =SUM([3]January_2017!$M42) -> 45 | N38: =[4]Jan!$I$39/K37 -> 0.031825796 | P38: =SUM([3]January_2017!$P42) -> 0.33245383 | V38: 19mins Change-Over downtime; 9mins adjustments to the Packer head; 5mins downtime for jammed & fallen bottles on conveyor ex. Pasteurizer; 2mins Air dryer fault on the Filler & 3mins for stuck crowns. | AC38: 15000 | AD38: 17000
AC39: 15000 | AD39: 17000
AC40: 15000 | AD40: 17000
AC41: 15000 | AD41: 17000
AC42: 15000 | AD42: 17000
AC43: 15000 | AD43: 17000
AC44: 15000 | AD44: 17000
AC45: 15000 | AD45: 17000
AC46: 15000 | AD46: 17000
AC47: 15000 | AD47: 17000
AC48: 15000 | AD48: 17000
AC49: 15000 | AD49: 17000
AC50: 15000 | AD50: 17000
... AC59: 15000 | AD59: 17000
B60: MTD | D60: =SUM(D4:D58) -> 86950 | E60: =AVERAGE(E4:E58) -> 0.32506614 | F60: =SUM(F4:F58) -> 6033.7134 | G60: =SUM(G4:G58) -> 87907 | H60: =SUM(H4:H58) -> 5978.959 | I60: =SUM(I4:I58) -> 396.5 | J60: =G60/(K60/60) -> 465.81471 | K60: =SUM(K4:K58) -> 11323 | L60: =AVERAGE(L4:L59) -> 0.74580026 | M60: =SUM(M4:M58) -> 2288 | N60: =[4]Jan!$I$54/K60 -> 0.038505696 | O60: =SUM(O4:O59) -> 0 | P60: =(F60-H60)/F60 -> 0.0090747513 | Q60: =((Q4*($G$4+$G$5+$G$6))+(Q7*($G$7+$G$8))+(Q9*($G$9+$G$10))+(Q11*$G$11)+(Q12*$G$12)+(Q13*$G$13)+(Q14*($G$14+$G$15))+(Q16*$G$16)+(Q17*$G$17)+(Q18*$G$18)+(Q19*$G$19)+(Q20*$G$20)+(Q21*($G$21+$G$22))+(Q23*($G$23+$G$24))+(Q25*$G$25)+(Q26*($G$26+$G$27+$G$28+$G$29))+(Q30*$G$30)+(Q31*($G$31+$G$32+$G$33+$G$34))+(Q35*$G$35)+(Q36*$G$36)+(Q37*($G$37+$G$38)))/($G$60) -> 0.76606757 | R60: =((R4*($G$4+$G$5+$G$6))+(R7*($G$7+$G$8))+(R9*($G$9+$G$10))+(R11*$G$11)+(R12*$G$12)+(R13*$G$13)+(R14*($G$14+$G$15))+(R16*$G$16)+(R17*$G$17)+(R18*$G$18)+(R19*$G$19)+(R20*$G$20)+(R21*($G$21+$G$22))+(R23*($G$23+$G$24))+(R25*$G$25)+(R26*($G$26+$G$27+$G$28+$G$29))+(R30*$G$30)+(R31*($G$31+$G$32+$G$33+$G$34))+(R35*$G$35)+(R36*$G$36)+(R37*($G$37+$G$38)))/($G$60) -> 0.67594197 | S60: =(G60)*24/(K60/60)/15000 -> 0.74530354 | T60: =(G60)*24/(K60/60)/17000 -> 0.65762077 | U60: =(13709-(M60-528))/13709 -> 0.87161719 | AC60: 15000 | AD60: 17000
C61: Montly Budget | D61: 94940 | E61: January balance | G61: =D61-G60 -> 7033 | H61: % Bottled | I61: =G60/D61 -> 0.92592163 | J61: 0
C62: YTD Budget | D62: =D61 -> 94940 | E62: YTD Cases | G62: =G60 -> 87907 | H62: DAYS LEFT | I62: 0 | K62: 0
C64: Category | D64: Product | E64: Cases | F64: Fill Time | G64: BBT Hls | H64: Bott Hls | I64: Loss | J64: B. Efficiency | P64: YTD Loss (1.1%) | Q64: YTD Utilization | R64: YTD Utilization @ 17,000 | S64: YTD Efficiency @ 15,000 | T64: YTD Efficiency @ 17,000 | U64: YTD Efficiency @ 95% | W64: BOTTLE TYPE | X64: Daily Rejection | Y64: MTD Rejection | Z64: YTD Rejection
C65: 1 | D65: Lagers | E65: =SUM(G5:G6,G7:G8,G9:G10,G13,G14:G15,G19,G24,G25,G26:G27,G35,G36,G37:G38) -> 47415 | F65: =SUM(K4,K7,K9,K13,K14,K19,K23,K25,K26,K35,K36,K37) -> 6511 | G65: =SUM(F5:F6,F7,F9:F10,F13,F14,F19,F24,F25,F26,F35,F36,F37:F38) -> 3239.33 | H65: =SUM(H5:H6,H7,H9:H10,H13,H14,H19,H24,H25,H26,H35,H36,H37:H38) -> 3218.12 | I65: =(G65-H65)/G65 -> 0.0065476503 | J65: =(E65+G4+G23+G28+G29)*24/(F65/60)/17000 -> 0.67543542 | P65: =P60 -> 0.0090747513 | Q65: =Q60 -> 0.76606757 | R65: =R60 -> 0.67594197 | S65: =S60 -> 0.74530354 | T65: =T60 -> 0.65762077 | U65: =U60 -> 0.87161719 | W65: CDC Amber | X65: =[5]Jan_2017!$F$37 -> 0.082268922 | Y65: =[5]Jan_2017!F85 -> 0.099707661 | Z65: =[5]YearToDate!F5 -> 0.05750807
C66: 2 | D66: Stouts | E66: =SUM(G12,G16,G17,G20,G21) -> 16407 | F66: =SUM(K12,K16,K17,K20,K21) -> 2672 | G66: =SUM(F12,F16,F17,F20,F21) -> 1089.9 | H66: =SUM(H12,H16,H17,H20,H21) -> 1082.862 | I66: =(G66-H66)/G66 -> 0.0064574732 | J66: =(E66+G22)*24/(F66/60)/17000 -> 0.6421733 | W66: CDC Flint | Y66: =[5]Jan_2017!F86 -> 0.137327 | Z66: =[5]YearToDate!F6 -> 0.074495145
C67: 3 | D67: Ale | I67: =(G67-H67)/G67 -> #DIV/0! | W67: CDC Green | X67: =[5]Jan_2017!$F$38 -> 0.048013623 | Y67: =[5]Jan_2017!F87 -> 0.06943123 | Z67: =[5]YearToDate!F7 -> 0.052359215
C68: 4 | D68: Malts | E68: =SUM(G4,G18,G22,G23,G30) -> 14839 | F68: =SUM(K4,K18,K21,K23,K30) -> 2829 | G68: =SUM(F4,F18,F22,F23,F30) -> 1035.4 | H68: =SUM(H4,H18,H22,H23,H30) -> 1023.138 | I68: =(G68-H68)/G68 -> 0.011842766 | J68: =(E68+G5+G6+G21+G24)*24/(F68/60)/17000 -> 0.61201422 | W68: Guinness | Y68: =[5]Jan_2017!F88 -> 0.093557794 | Z68: =[5]YearToDate!F8 -> 0.054903171
C69: 5 | D69: SH/GS/TN | E69: =SUM(G11,G28:G29) -> 5815 | F69: =SUM(K11,K26) -> 963 | G69: =SUM(F11,F28:F29) -> 394.616 | H69: =SUM(H11,H28:H29) -> 383.79 | I69: =(G69-H69)/G69 -> 0.027434265 | J69: =(E69+G26+G27)*24/(F69/60)/17000 -> 0.63058824 | W69: Vita Malt | Y69: =[5]Jan_2017!F89 -> 0.075407925 | Z69: =[5]YearToDate!F9 -> 0.076171674
C70: 6 | D70: Juicy Cool | E70: =SUM(G31:G34) -> 3431 | F70: =SUM(K31) -> 461 | G70: =SUM(F31:F34) -> 274.46745 | H70: =SUM(H31:H34) -> 271.049 | I70: =(G70-H70)/G70 -> 0.012454843 | J70: =(E70)*24/(F70/60)/17000 -> 0.63042491 | W70: Juicy Cool | Y70: =[5]Jan_2017!F90 -> 0.012124389 | Z70: =[5]YearToDate!F10 -> 0.045790074
D71: Total | E71: =SUM(E65:E70) -> 87907 | F71: =K60 -> 11323 | G71: =SUM(G65:G70) -> 6033.7134 | H71: =SUM(H65:H70) -> 5978.959 | I71: =((G71)-(H71))/(G71) -> 0.0090747513 | J71: =E71*24/(F71/60)/17000 -> 0.65762077 | W71: TOTAL | X71: =AVERAGE(X65:X70) -> 0.065141273 | Y71: =[5]Jan_2017!$F$92 -> 0.087280127 | Z71: =[5]YearToDate!$F$12 -> 0.057449686
P78: =SUM(G60) -> 87907 | Q78: =SUM(K60) -> 11323 | S78: =(P78)*24/(Q78/60)/15000 -> 0.74530354 | T78: =(P78)*24/(Q78/60)/17000 -> 0.65762077
P79: =SUM(F60) -> 6033.7134 | Q79: =SUM(H60) -> 5978.959 | S79: =(P79-Q79)/P79 -> 0.0090747513

Sheet February_17
B2: Daily Bottling Hall Summary 2017
B3: Date | C3: Product Bottled | D3: Planned Production Cases | E3: Filler Start Time | F3: BBT Hls | G3: Cases bottled | H3: Bott Hls | I3: No.of Rejects | J3: Cases Per hour (524) | K3: Fill Time Mins | L3: Packer End Time | M3: Down Time Mins | N3: Change Over % (1.1) | O3: Cases on hold | P3: Bottling Loss (1.1%) | Q3: Reworks Cases | R3: GBL Plant Utilization @ 15,000 | S3: GBL Plant Utilization @ 17,000 | T3: Line Rated Efficiency (74%) @15,000 | U3: Line Rated Efficiency (15000 74%) | V3: Line Rated Efficiency (74%) @17,000 | W3: Plant Availability (95%) | X3: Comments | AE3: 15000 | AF3: 17000
B4: 42767 | C4: STAG | D4: 2200 | E4: 0.34027778 | F4: =SUM([3]February_2017!$J8) -> 145 | G4: =SUM([3]February_2017!$F8) -> 2121 | H4: =SUM([3]February_2017!$K8) -> 143.786 | I4: =SUM([3]February_2017!$N8) -> 12.5 | J4: =SUM([3]February_2017!$Q8:$Q9) -> 488.87273 | K4: =SUM([3]February_2017!$E8) -> 825 | L4: 0.94097222 | M4: =SUM([3]February_2017!$M8) -> 57 | O4: =SUM([3]February_2017!$H8) -> 0 | P4: =SUM([3]February_2017!$P8) -> 0.83724138 | R4: =($G4+$G5)/(($K4/60)*AE$3*(1/24)) -> 0.78219636 | S4: =($G4+$G5)/(($K4/60)*AF$3*(1/24)) -> 0.69017326 | T4: =(G4+G5)*24/(K4/60)/15000 -> 0.78219636 | U4: =(H4+H7)*24/(M4/60)/15000 -> 0.24216589 | V4: =(G4+G5)*24/(K4/60)/17000 -> 0.69017326 | W4: =(929-(M4+M5))/929 -> 0.82454252 | X4: 20mins late start fixing a leaking gasket & clamp on the Gaf Filter line; 20mins for repairs to the Uncaser; 5mins for stuck crowns; & 3mins Air dryer fault. | AE4: 15000 | AF4: 17000
C5: STARMALT | D5: 2700 | F5: =SUM([3]February_2017!$J9) -> 307.7 | G5: =SUM([3]February_2017!$F9) -> 4601 | H5: =SUM([3]February_2017!$K9) -> 303.666 | I5: =SUM([3]February_2017!$N9) -> 14.5 | M5: =SUM([3]February_2017!$M9) -> 106 | N5: =[4]Feb!$I$9/K4 -> 0.048484848 | O5: =SUM([3]February_2017!$H9) -> 210 | P5: =SUM([3]February_2017!$P9) -> 1.3110172 | X5: 40mins Change-Over downtime; 21mins for repairs to the Uncaser; 2mins air dryer fault & 11mins for stuck crowns; 6mins for Videojet date adjustment; 8mins downtime switching/waiting on Pallet Packer; & 4mins downtime on conveyor ex. Pasteurizer for jammed bottles & 3mins for jammed bottles on the conveyor ex. Filler. | AE5: 15000 | AF5: 17000
B6: 42774 | C6: =[3]February_2017!$D10 -> CARIB (FLINT) | D6: 2650 | E6: 0.37777778 | F6: =SUM([3]February_2017!$J10) -> 229.6 | G6: =SUM([3]February_2017!$F10) -> 3069 | H6: =SUM([3]February_2017!$K10) -> 228.624 | I6: =SUM([3]February_2017!$N10) -> 22 | J6: =SUM([3]February_2017!$Q10) -> 330.95541 | K6: =SUM([3]February_2017!$E10) -> 628 | L6: 0.81527778 | M6: =SUM([3]February_2017!$M10) -> 147 | N6: =[4]Feb!$I$10/K6 -> 0.042993631 | O6: =SUM([3]February_2017!$H10) -> 2 | P6: =SUM([3]February_2017!$P10) -> 0.42508711 | R6: =($G6+$G7)/(($K6/60)*AE$3*(1/24)) -> 0.52952866 | S6: =($G6+$G7)/(($K6/60)*AF$3*(1/24)) -> 0.46723117 | T6: =(G6+G7)*24/(K6/60)/15000 -> 0.52952866 | U6: =(H6+H9)*24/(M6/60)/15000 -> 0.21009502 | V6: =(G6+G7)*24/(K6/60)/17000 -> 0.46723117 | W6: =(753-(M6))/753 -> 0.80478088 | X6: 74mins late startup due to adjustments/repairs on the EBI passageway. 10mins downtime for stuck crowns; 8mins adjusting the wear strip for the table-top parts; 5mins for adjustments & stuck bottles in the in-feed worm; 8mins Change-over from export to local & 19mins changing from cartons to crates. | AE6: 15000 | AF6: 17000
C7: =[3]February_2017!$D11 -> CARIB (AMBER) | D7: 2255 | G7: =SUM([3]February_2017!$F11) -> 395 | AE7: 15000 | AF7: 17000
B8: 42775 | C8: =[3]February_2017!$D12 -> CARIB (AMBER) | D8: 2800 | E8: 0.31597222 | F8: =SUM([3]February_2017!$J12) -> 286.2 | G8: =SUM([3]February_2017!$F12) -> 4322 | H8: =SUM([3]February_2017!$K12) -> 285.252 | I8: =SUM([3]February_2017!$N12) -> 15.25 | J8: =SUM([3]February_2017!$Q12) -> 557.17105 | K8: =SUM([3]February_2017!$E12) -> 608 | L8: 0.79166667 | M8: =SUM([3]February_2017!$M12) -> 23 | O8: =SUM([3]February_2017!$H12) -> 0 | P8: =SUM([3]February_2017!$P12) -> 0.3312369 | R8: =($G8+$G9)/(($K8/60)*AE$3*(1/24)) -> 0.89147368 | S8: =($G8+$G9)/(($K8/60)*AF$3*(1/24)) -> 0.78659443 | T8: =(G8+G9)*24/(K8/60)/15000 -> 0.89147368 | U8: =(H8+H11)*24/(M8/60)/15000 -> 2.5996883 | V8: =(G8+G9)*24/(K8/60)/17000 -> 0.78659443 | W8: =(597-(M8+M9))/597 -> 0.91792295 | X8: 6mins low air pressure on the Filler; 4mins for stuck crowns; 2mins flushing the crowner. 2mins due to no crowns in the hopper; & 3mins downtime because crowns had finished in the bin. | AE8: 15000 | AF8: 17000
C9: STAG | D9: 1400 | F9: =SUM([3]February_2017!$J13) -> 95.6 | G9: =SUM([3]February_2017!$F13) -> 1324 | H9: =SUM([3]February_2017!$K13) -> 93.084 | I9: =SUM([3]February_2017!$N13) -> 6.25 | M9: =SUM([3]February_2017!$M13) -> 26 | N9: =[4]Feb!$I$9/K8 -> 0.065789474 | O9: =SUM([3]February_2017!$H13) -> 0 | P9: =SUM([3]February_2017!$P13) -> 2.6317992 | X9: 10mins change-over downtime; 6mins Labeler adjustments for missing neck labels; & 4mins downtime removing bent crown in the bin on top the crowner. | AE9: 15000 | AF9: 17000
B10: 42776 | C10: STAG | D10: 4200 | E10: 0.30833333 | F10: =SUM([3]February_2017!$J14) -> 284 | G10: =SUM([3]February_2017!$F14) -> 4287 | H10: =SUM([3]February_2017!$K14) -> 282.942 | I10: =SUM([3]February_2017!$N14) -> 21.5 | J10: =SUM([3]February_2017!$Q14) -> 546.11465 | K10: =SUM([3]February_2017!$E14) -> 471 | L10: 0.69652778 | M10: =SUM([3]February_2017!$M14) -> 62 | N10: =[4]Feb!$I$13/K10 -> 0.014861996 | P10: =SUM([3]February_2017!$P14) -> 0.37253521 | R10: =($G10)/(($K10/60)*AE$3*(1/24)) -> 0.87378344 | S10: =($G10)/(($K10/60)*AF$3*(1/24)) -> 0.77098539 | T10: =(G10)*24/(K10/60)/15000 -> 0.87378344 | U10: =(H10+H13)*24/(M10/60)/15000 -> 0.49533213 | V10: =(G10)*24/(K10/60)/17000 -> 0.77098539 | W10: =(591-M10)/591 -> 0.89509306 | X10: 9mins downtime replacing a broken bolt on the Shuffler for the Packer & 8mins for a broken bolt beneath the Packer. 8mins Labeler startup adjustments due to the operator being late; 6mins downtime due to the crown transfer sensor malfunctioning; 3mins for stuck crowns; 6mins downtime switching BBT's; & 2mins switching Labeler from local to export and 5mins from export to local. | AE10: 15000 | AF10: 17000
B11: 42779 | C11: CARIB (AMBER) | D11: 4900 | E11: 0.33333333 | F11: =SUM([3]February_2017!$J15) -> 339.9 | G11: =SUM([3]February_2017!$F15) -> 5115 | H11: =SUM([3]February_2017!$K15) -> 337.59 | I11: =SUM([3]February_2017!$N15) -> 11.25 | J11: =SUM([3]February_2017!$Q15) -> 514.93289 | K11: =SUM([3]February_2017!$E15) -> 596 | L11: 0.78194444 | M11: =SUM([3]February_2017!$M15) -> 49 | P11: =SUM([3]February_2017!$P15) -> 0.67961165 | R11: =($G11)/(($K11/60)*AE$3*(1/24)) -> 0.82389262 | S11: =($G11)/(($K11/60)*AF$3*(1/24)) -> 0.72696407 | T11: =(G11)*24/(K11/60)/15000 -> 0.82389262 | U11: =(H11+H14)*24/(M11/60)/15000 -> 1.3389649 | V11: =(G11)*24/(K11/60)/17000 -> 0.72696407 | W11: =(686-M11)/686 -> 0.92857143 | X11: 10mins late start due to low temperature on the Washer; 10mins downtime resulting from adjustments to the pusher for EBI rejection; 7mins downtime for stuck crowns; 3mins for jammed bottle in the Filler worm; 2mins HPI temperature fault; 6mins downtime switching BBT's (low level in the filling bowl); & 3mins waiting on the forklift. | AE11: 15000 | AF11: 17000
B12: 42780 | C12: CARIB (AMBER) | D12: 4900 | E12: 0.31319444 | F12: =SUM([3]February_2017!$J16) -> 320.6 | G12: =SUM([3]February_2017!$F16) -> 4707 | H12: =SUM([3]February_2017!$K16) -> 320.162 | I12: =SUM([3]February_2017!$N16) -> 38.75 | J12: =SUM([3]February_2017!$Q16) -> 531.12605 | K12: =SUM([3]February_2017!$E16) -> 595 | L12: 0.78402778 | M12: =SUM([3]February_2017!$M16) -> 71 | P12: =SUM([3]February_2017!$P16) -> 0.13661884 | R12: =($G12+$G13)/(($K12/60)*AE$3*(1/24)) -> 0.84980168 | S12: =($G12+$G13)/(($K12/60)*AF$3*(1/24)) -> 0.74982501 | T12: =(G12+G13)*24/(K12/60)/15000 -> 0.84980168 | U12: =(H12+H15)*24/(M12/60)/15000 -> 0.82304992 | V12: =(G12+G13)*24/(K12/60)/17000 -> 0.74982501 | W12: =(709-(M12+M13))/709 -> 0.87447109 | X12: 27mins Packer downtime for adjustments to the cup on the head; 11mins downtime for back up on the conveyor line ex. Pasteurizer due to bottle jams. 4mins on line ex. Filler; 8mins downtime for stuck crowns; & 10mins product delay for an air lock on the line. | AE12: 15000 | AF12: 17000
C13: STAG | F13: =SUM([3]February_2017!$J17) -> 37.9 | G13: =SUM([3]February_2017!$F17) -> 560 | H13: =SUM([3]February_2017!$K17) -> 36.96 | I13: =SUM([3]February_2017!$N17) -> 1.5 | M13: =SUM([3]February_2017!$M17) -> 18 | N13: =[4]Feb!$I$16/K12 -> 0.021848739 | P13: =SUM([3]February_2017!$P17) -> 2.4802111 | X13: 13mins change-over downtime; 2mins EBI adjustments; 1min for stuck crowns. | AE13: 15000 | AF13: 17000
B14: 42781 | C14: STAG | D14: 5600 | E14: 0.32152778 | F14: =SUM([3]February_2017!$J18) -> 347 | G14: =SUM([3]February_2017!$F18) -> 5240 | H14: =SUM([3]February_2017!$K18) -> 345.84 | I14: =SUM([3]February_2017!$N18) -> 33.75 | J14: =SUM([3]February_2017!$Q18) -> 583.30241 | K14: =SUM([3]February_2017!$E18) -> 539 | L14: 0.75 | M14: =SUM([3]February_2017!$M18) -> 49 | P14: =SUM([3]February_2017!$P18) -> 0.33429395 | R14: =($G14)/(($K14/60)*AE$3*(1/24)) -> 0.93328386 | S14: =($G14)/(($K14/60)*AF$3*(1/24)) -> 0.82348576 | T14: =(G14)*24/(K14/60)/15000 -> 0.93328386 | U14: =(H14+H17)*24/(M14/60)/15000 -> 0.84317388 | V14: =(G14)*24/(K14/60)/17000 -> 0.82348576 | W14: =(654-M14)/654 -> 0.92507645 | X14: 27mins downtime for stuck crowns in the chute; hopper; & bin. 3mins stuck bottles in the in-feed worm; 6mins product delay switching BBT's; & 4mins downtime due to slow packing. | AE14: 15000 | AF14: 17000
B15: 42782 | C15: MACKESON | D15: 4200 | E15: 0.31458333 | F15: =SUM([3]February_2017!$J19) -> 289.5 | G15: =SUM([3]February_2017!$F19) -> 4372 | H15: =SUM([3]February_2017!$K19) -> 288.552 | I15: =SUM([3]February_2017!$N19) -> 16.75 | J15: =SUM([3]February_2017!$Q19) -> 484.87985 | K15: =SUM([3]February_2017!$E19) -> 541 | L15: 0.75 | M15: =SUM([3]February_2017!$M19) -> 121 | P15: =SUM([3]February_2017!$P19) -> 0.32746114 | R15: =($G15)/(($K15/60)*AE$3*(1/24)) -> 0.77580776 | S15: =($G15)/(($K15/60)*AF$3*(1/24)) -> 0.68453626 | T15: =(G15)*24/(K15/60)/15000 -> 0.77580776 | U15: =(H15+H18)*24/(M15/60)/15000 -> 0.29744053 | V15: =(G15)*24/(K15/60)/17000 -> 0.68453626 | W15: =(652-M15)/652 -> 0.81441718 | X15: 42mins downtime for adjustments on the Sealer; 20mins downtime to make adjustments on the Labeler & remove bottles with upside down labels from the line; 16mins low temperature on the Pasteurizer at startup; 13mins downtime for stuck crowns in the chute and hopper. 1min flushing the crowner; & 8mins Labeler adjustments for missing labels. | AE15: 15000 | AF15: 17000
B16: 42783 | C16: =[3]February_2017!$D20 -> GINGER | D16: 1200 | E16: 0.32291667 | F16: =SUM([3]February_2017!$J20) -> 90.4 | G16: =SUM([3]February_2017!$F20) -> 1126 | H16: =SUM([3]February_2017!$K20) -> 88.954 | I16: =SUM([3]February_2017!$N20) -> 1.75 | J16: =SUM([3]February_2017!$Q20) -> 401.09756 | K16: =SUM([3]February_2017!$E20) -> 492 | L16: 0.70833333 | M16: =SUM([3]February_2017!$M20) -> 49 | P16: =SUM([3]February_2017!$P20) -> 1.5995575 | R16: =($G$16+$G$17+$G$18)/(($K$16/60)*AE3*(1/24)) -> 0.6417561 | S16: =($G$16+$G$17+$G$18)/(($K$16/60)*AF3*(1/24)) -> 0.56625538 | T16: =(G16+G17+G18)*24/(K16/60)/15000 -> 0.6417561 | U16: =(H16+H19)*24/(M16/60)/15000 -> 0.72678661 | V16: =(G16+G17+G18)*24/(K16/60)/17000 -> 0.56625538 | W16: =(590-M16)/590 -> 0.91694915 | X16: 13mins low water pressure in the Soft Drink Plant; 9mins adjusting the guide in the crown transfer chute; 4mins for stuck crowns in the chute; 4mins adjusting the centering cup on the Packer; 5mins adjusting the guard rail; & 4mins Labeler downtime for adjustments. | AE16: 15000 | AF16: 17000
C17: =[3]February_2017!$D21 -> BANANA | D17: 1200 | F17: =SUM([3]February_2017!$J21) -> 90.4 | G17: =SUM([3]February_2017!$F21) -> 1070 | H17: =SUM([3]February_2017!$K21) -> 84.53 | I17: =SUM([3]February_2017!$N21) -> 0.5 | M17: =SUM([3]February_2017!$M21) -> 43 | N17: =[4]Feb!$I$20/K16 -> 0.054878049 | P17: =SUM([3]February_2017!$P21) -> 6.4933628 | X17: 27mins change-over downtime; 7mins for Labeler adjustments; & 4mins Packer downtime for adjustments. | AE17: 15000 | AF17: 17000
C18: =[3]February_2017!$D22 -> GRAPE | D18: 1200 | F18: =SUM([3]February_2017!$J22) -> 90.4 | G18: =SUM([3]February_2017!$F22) -> 1093 | H18: =SUM([3]February_2017!$K22) -> 86.347 | I18: =SUM([3]February_2017!$N22) -> 6.75 | M18: =SUM([3]February_2017!$M22) -> 90 | N18: =[4]Feb!$I$21/K16 -> 0.038617886 | P18: =SUM([3]February_2017!$P22) -> 4.4834071 | X18: 19mins change-over downtime; 24mins Product delay (Grape mixing was not complete); 28mins downtime resulted from the pump in the Soft Drink Plant tripping off (A fuse had to be changed); 8mins downtime for stuck crowns; & 6mins low air pressure on the Filler. | AE18: 15000 | AF18: 17000
B19: 42786 | C19: CARIB (AMBER) | D19: 4200 | E19: 0.38194444 | F19: =SUM([3]February_2017!$J23) -> 284.5 | G19: =SUM([3]February_2017!$F23) -> 3985 | H19: =SUM([3]February_2017!$K23) -> 282.01 | I19: =SUM([3]February_2017!$N23) -> 27.75 | J19: =SUM([3]February_2017!$Q23) -> 496.05809 | K19: =SUM([3]February_2017!$E23) -> 482 | L19: 0.71111111 | M19: =SUM([3]February_2017!$M23) -> 114 | P19: =SUM([3]February_2017!$P23) -> 0.87521968 | R19: =($G$19)/(($K$19/60)*15000*(1/24)) -> 0.79369295 | S19: =($G$19)/(($K$19/60)*17000*(1/24)) -> 0.70031731 | T19: =(G19)*24/(K19/60)/15000 -> 0.79369295 | U19: =(H19+H22)*24/(M19/60)/15000 -> 0.46919074 | V19: =(G19)*24/(K19/60)/17000 -> 0.70031731 | W19: =(532-M19)/532 -> 0.78571429 | X19: 70mins late start due to a breakdown on the Boiler (low temperature on the Washer & Pasteurizer); 14mins downtime for stuck crowns; 9mins adjusting the Labeler for body labels; 5mins Pasteurizer downtime (hydraulics cut off); & 5mins low CO2 on the Filler. | AE19: 15000 | AF19: 17000
B20: 42787 | C20: =[3]February_2017!$D24 -> CARIB (FLINT) | D20: 500 | E20: 0.31111111 | F20: =SUM([3]February_2017!$J24) -> 263.3 | G20: =SUM([3]February_2017!$F24) -> 992 | H20: =SUM([3]February_2017!$K24) -> 262.03 | I20: =SUM([3]February_2017!$N24) -> 17.5 | J20: =SUM([3]February_2017!$Q24) -> 539.16084 | K20: =SUM([3]February_2017!$E24) -> 429 | L20: 0.66805556 | M20: =SUM([3]February_2017!$M24) -> 39 | N20: =[4]Feb!$I$23/K20 -> 0.011655012 | P20: =SUM([3]February_2017!$P24) -> 0.48233954 | R20: =($G$20+$G$21)/(($K$20/60)*15000*(1/24)) -> 0.86265734 | S20: =($G$20+$G$21)/(($K$20/60)*17000*(1/24)) -> 0.76116824 | T20: =(G20+G21)*24/(K20/60)/15000 -> 0.86265734 | U20: =(H20+H23)*24/(M20/60)/15000 -> 1.326848 | V20: =(G20+G21)*24/(K20/60)/17000 -> 0.76116824 | W20: =(542-M20)/542 -> 0.92804428 | X20: 9mins EBI adjustments (changing the belt); 5mins Labeler downtime for adjustments; 5mins change-over from export to local and local to export; 5mins downtime for bottle jams ex. Pasteurizer; 4mins cleaning the Fobber line; 3mins adjusting the centering bell on the Filler; & 3mins adjusting the in-feed worm on the Filler. | AE20: 15000 | AF20: 17000
C21: =[3]February_2017!$D25 -> CARIB (AMBER) | D21: 3700 | G21: =SUM([3]February_2017!$F25) -> 2863 | AE21: 15000 | AF21: 17000
B22: 42789 | C22: =[3]February_2017!$D26 -> STAG | D22: 4900 | E22: 0.31597222 | F22: =SUM([3]February_2017!$J26) -> 276.95 | G22: =SUM([3]February_2017!$F26) -> 4169 | H22: =SUM([3]February_2017!$K26) -> 275.154 | I22: =SUM([3]February_2017!$N26) -> 12 | J22: =SUM([3]February_2017!$Q26) -> 535.63169 | K22: =SUM([3]February_2017!$E26) -> 467 | L22: 0.69791667 | M22: =SUM([3]February_2017!$M26) -> 43 | P22: =SUM([3]February_2017!$P26) -> 0.64849251 | R22: =($G22)/(($K$22/60)*15000*(1/24)) -> 0.85701071 | S22: =($G22)/(($K$22/60)*17000*(1/24)) -> 0.75618592 | T22: =(G22)*24/(K22/60)/15000 -> 0.85701071 | U22: =(H22+H25)*24/(M22/60)/15000 -> 1.533312 | V22: =(G22)*24/(K22/60)/17000 -> 0.75618592 | W22: =(582-M22)/582 -> 0.92611684 | X22: 13mins EBI downtime adjusting the blue belt in the passageway; 14mins downtime for stuck crowns in the chute and hopper; 6mins product delat switching BBT's; & 3mins downtime to repair broken rail on the in-feed conveyor to the Packer. | AE22: 15000 | AF22: 17000
B23: 42790 | C23: =[3]February_2017!$D27 -> GUINNESS | D23: 4200 | E23: 0.32291667 | F23: =SUM([3]February_2017!$J27) -> 278.1 | G23: =SUM([3]February_2017!$F27) -> 4197 | H23: =SUM([3]February_2017!$K27) -> 277.002 | I23: =SUM([3]February_2017!$N27) -> 26 | J23: =SUM([3]February_2017!$Q27) -> 369.77974 | K23: =SUM([3]February_2017!$E27) -> 681 | L23: 0.84861111 | M23: =SUM([3]February_2017!$M27) -> 239 | P23: =SUM([3]February_2017!$P27) -> 0.39482201 | R23: =($G23)/(($K$23/60)*15000*(1/24)) -> 0.59164758 | S23: =($G23)/(($K$23/60)*17000*(1/24)) -> 0.52204198 | T23: =(G23)*24/(K23/60)/15000 -> 0.59164758 | U23: =(H23+H26)*24/(M23/60)/15000 -> 0.1112644 | V23: =(G23)*24/(K23/60)/17000 -> 0.52204198 | W23: =(795-M23)/795 -> 0.69937107 | X23: 110mins Washer downtime caused by a damaged motor on the load table; 49mins Labeler downtime for alignment issues at startup (back station). 15mins of adjustments for flagging labels; 17mins downtime due to low filling bowl level (explanation needed); 15mins Packer downtime for adjustments to the Head; The Videojet cut off for 12mins; & 7mins downtime on line ex. Pasteurizer. | AE23: 15000 | AF23: 17000
B24: 42793 | C24: =[3]February_2017!$D28 -> CARIB (AMBER) | D24: 4900 | E24: 0.31597222 | F24: =SUM([3]February_2017!$J28) -> 348.1 | G24: =SUM([3]February_2017!$F28) -> 5036 | H24: =SUM([3]February_2017!$K28) -> 345.676 | I24: =SUM([3]February_2017!$N28) -> 31.25 | J24: =SUM([3]February_2017!$Q28) -> 543.45324 | K24: =SUM([3]February_2017!$E28) -> 556 | L24: 0.75486111 | M24: =SUM([3]February_2017!$M28) -> 117 | P24: =SUM([3]February_2017!$P28) -> 0.69635162 | R24: =($G24)/(($K$24/60)*15000*(1/24)) -> 0.86952518 | S24: =($G24)/(($K$24/60)*17000*(1/24)) -> 0.7672281 | T24: =(G24)*24/(K24/60)/15000 -> 0.86952518 | U24: =(H24+H27)*24/(M24/60)/15000 -> 0.28363159 | V24: =(G24)*24/(K24/60)/17000 -> 0.7672281 | W24: =(658-M24)/658 -> 0.82218845 | X24: 85mins downtime for repairs to the crown transfer sensor; & 14mins for stuck crowns; 7mins downtime for fallen & jammed bottles on the conveyor line ex. Pasteurizer; & 4mins Packer downtime for adjustments. | AE24: 15000 | AF24: 17000
B25: 42794 | C25: STAG | D25: 4900 | E25: 0.33680556 | F25: =SUM([3]February_2017!$J29) -> 412.9 | G25: =SUM([3]February_2017!$F29) -> 6237 | H25: =SUM([3]February_2017!$K29) -> 411.642 | I25: =SUM([3]February_2017!$N29) -> 38.25 | J25: =SUM([3]February_2017!$Q29) -> 591.18483 | K25: =SUM([3]February_2017!$E29) -> 633 | L25: 0.80763889 | M25: =SUM([3]February_2017!$M29) -> 65 | P25: =SUM([3]February_2017!$P29) -> 0.30467426 | R25: =($G25)/(($K$25/60)*15000*(1/24)) -> 0.94589573 | S25: =($G25)/(($K$25/60)*17000*(1/24)) -> 0.83461388 | T25: =(G25)*24/(K25/60)/15000 -> 0.94589573 | U25: =(H25+H28)*24/(M25/60)/15000 -> 0.60796357 | V25: =(G25)*24/(K25/60)/17000 -> 0.83461388 | W25: =(736-M25)/736 -> 0.91168478 | X25: 15mins late startup replacing damaged oring on the gaf filter. 9mins downtime making adjustments for half-fills; 10mins for stuck crowns; 15mins low air pressure on the Filler; 7mins downtime picking up fallen bottles on line ex. Pasteurizer; & 4mins adjusting the in-feed sensor to the Packer. | AE25: 15000 | AF25: 17000
AE26: 15000 | AF26: 17000
AE27: 15000 | AF27: 17000
AE28: 15000 | AF28: 17000
AE29: 15000 | AF29: 17000
AE30: 15000 | AF30: 17000
AE31: 15000 | AF31: 17000
AE32: 15000 | AF32: 17000
AE33: 15000 | AF33: 17000
AE34: 15000 | AF34: 17000
AE35: 15000 | AF35: 17000
AE36: 15000 | AF36: 17000
AE37: 15000 | AF37: 17000
... AE54: 15000 | AF54: 17000
U55: =G55*24/(K55/60)/15400 -> #DIV/0! | AE55: 15000 | AF55: 17000
U56: =G56*24/(K56/60)/15400 -> #DIV/0! | AE56: 15000 | AF56: 17000
AE57: 15000 | AF57: 17000
AE58: 15000 | AF58: 17000
AE59: 15000 | AF59: 17000
B60: MTD | D60: =SUM(D4:D58) -> 68705 | E60: =AVERAGE(E4:E58) -> 0.32884259 | F60: =SUM(F4:F58) -> 4818.05 | G60: =SUM(G4:G58) -> 70881 | H60: =SUM(H4:H58) -> 4779.803 | I60: =SUM(I4:I58) -> 355.75 | J60: =G60/(K60/60) -> 497.8181 | K60: =SUM(K4:K58) -> 8543 | L60: =AVERAGE(L4:L59) -> 0.76712963 | M60: =SUM(M4:M58) -> 1528 | N60: =[4]Feb!$I$54/K60 -> 0.017324125 | O60: =SUM(O4:O59) -> 212 | P60: =(F60-H60)/F60 -> 0.0079382738 | Q60: =SUM(Q4:Q58) -> 0 | R60: =((R4*($G$4+$G$5))+(R6*($G$6+$G$7))+(R8*($G$8+$G$9))+(R10*$G$10)+(R11+$G$11)+(R12*($G$12+$G$13))+(R14*$G$14)+(R15*$G$15)+(R16*($G$16+$G$17+$G$18))+(R19*$G$19)+(R20*($G$20+$G$21))+(R22*$G$22)+(R23*$G$23)+(R24*$G$24)+(R25*$G$25))/($G$60) -> 0.8278523 | S60: =((S4*($G$4+$G$5))+(S6*($G$6+$G$7))+(S8*($G$8+$G$9))+(S10*$G$10)+(S11+$G$11)+(S12*($G$12+$G$13))+(S14*$G$14)+(S15*$G$15)+(S16*($G$16+$G$17+$G$18))+(S19*$G$19)+(S20*($G$20+$G$21))+(S22*$G$22)+(S23*$G$23)+(S24*$G$24)+(S25*$G$25))/($G$60) -> 0.7389477 | T60: =(G60)*24/(K60/60)/15000 -> 0.79650895 | U60: =H60*24/(M60/60)/15000 -> 0.30030176 | V60: =(G60)*24/(K60/60)/17000 -> 0.70280202 | W60: =(10006-(M60-350))/10006 -> 0.88227064 | AE60: 15000 | AF60: 17000
C61: Montly Budget | D61: 65590 | E61: February balance | G61: =D61-G60 -> -5291 | H61: % Bottled | I61: =G60/D61 -> 1.0806678 | J61: 0
C62: YTD Budget | D62: =January_17!D62+February_17!D61 -> 160530 | E62: YTD Cases | G62: =January_17!G62+February_17!G60 -> 158788 | H62: DAYS LEFT | I62: 0 | K62: 0
C64: Category | D64: Product | E64: Cases | F64: Fill Time | G64: BBT Hls | H64: Bott Hls | I64: Loss | J64: B. Efficiency | P64: YTD Loss (1.1%) | Q64: YTD Efficiency @ 15k | R64: YTD Utilization @ 15k | S64: YTD Utilization @ 17k | T64: YTD Efficiency @ 15,000 | V64: YTD Efficiency @ 17,000 | Y64: BOTTLE TYPE | Z64: Daily Rejection | AA64: MTD Rejection | AB64: YTD Rejection
C65: 1 | D65: Lagers | E65: =SUM(G4,G6:G7,G8:G9,G10,G11,G12,G13,G14,G19,G20:G21,G22,G24,G25) -> 54422 | F65: =SUM(K4,K6,K8,K10,K11,K12,K14,K19,K20,K22,K24,K25) -> 6829 | G65: =SUM(F4,F6,F8:F9,F10,F11,F12,F13,F14,F19,F20,F22,F24,F25) -> 3671.55 | H65: =SUM(H4,H6,H8:H9,H10,H11,H12,H13,H14,H19,H20,H22,H24,H25) -> 3650.752 | I65: =(G65-H65)/G65 -> 0.0056646376 | J65: =(E65+G5)*24/(F65/60)/17000 -> 0.73211236 | P65: =T79 -> 0.0085701692 | R65: =((January_17!$Q$60*January_17!$G$60)+(February_17!$R$60*February_17!$G$60))/($G$62) -> 0.79364751 | S65: =((January_17!$R$60*January_17!$G$60)+(February_17!$S$60*February_17!$G$60))/($G$62) -> 0.70406695 | T65: =T78 -> 0.76732347 | V65: =V78 -> 0.67705012 | Y65: CDC Amber | AA65: =[5]Feb_2017!F85 -> 0.063781693 | AB65: =[5]YearToDate!F5 -> 0.05750807
C66: 2 | D66: Stouts | E66: =SUM(G15,G23) -> 8569 | F66: =SUM(K15,K23) -> 1222 | G66: =SUM(F15,F23) -> 567.6 | H66: =SUM(H15,H23) -> 565.554 | I66: =(G66-H66)/G66 -> 0.0036046512 | J66: =(E66)*24/(F66/60)/17000 -> 0.59398094 | Y66: CDC Flint | AA66: =[5]Feb_2017!F86 -> 0.078237021 | AB66: =[5]YearToDate!F6 -> 0.074495145
C67: 3 | D67: Ale | I67: =(G67-H67)/G67 -> #DIV/0! | Y67: CDC Green | Z67: =[5]Feb_2017!$F$25 -> 0.083948445 | AA67: =[5]Feb_2017!F87 -> 0.080274723 | AB67: =[5]YearToDate!F7 -> 0.052359215
C68: 4 | D68: Malts | E68: =SUM(G5) -> 4601 | F68: =SUM(K4) -> 825 | G68: =SUM(F5) -> 307.7 | H68: =SUM(H5) -> 303.666 | I68: =(G68-H68)/G68 -> 0.013110172 | J68: =(E68+G4)*24/(F68/60)/17000 -> 0.69017326 | Y68: Guinness | AA68: =[5]Feb_2017!F88 -> 0.037307674 | AB68: =[5]YearToDate!F8 -> 0.054903171
C69: 5 | D69: SH/GS/TN | I69: =(G69-H69)/G69 -> #DIV/0! | T69: =((13709+10006)-(2288+1528))/(13709+10006) -> 0.83908918 | Y69: Vita Malt | AA69: =[5]Feb_2017!F89 -> #DIV/0! | AB69: =[5]YearToDate!F9 -> 0.076171674
C70: 6 | D70: Juicy Cool | E70: =SUM(G16:G18) -> 3289 | F70: =SUM(K16) -> 492 | G70: =SUM(F16:F18) -> 271.2 | H70: =SUM(H16:H18) -> 259.831 | I70: =(G70-H70)/G70 -> 0.041921091 | J70: =(E70)*24/(F70/60)/17000 -> 0.56625538 | Y70: Juicy Cool | AA70: =[5]Feb_2017!F90 -> 0.0079349506 | AB70: =[5]YearToDate!F10 -> 0.045790074
D71: Total | E71: =SUM(E65:E70) -> 70881 | F71: =K60 -> 8543 | G71: =SUM(G65:G70) -> 4818.05 | H71: =SUM(H65:H70) -> 4779.803 | I71: =((G71)-(H71))/(G71) -> 0.0079382738 | J71: =E71*24/(F71/60)/17000 -> 0.70280202 | Y71: TOTAL | AA71: =[5]Feb_2017!$F$92 -> 0.066273824 | AB71: =[5]YearToDate!$F$12 -> 0.057449686
P78: =SUM(January_17!G60,February_17!G60) -> 158788 | R78: =SUM(January_17!K60,February_17!K60) -> 19866 | T78: =(P78)*24/(R78/60)/15000 -> 0.76732347 | V78: =(P78)*24/(R78/60)/17000 -> 0.67705012
P79: =SUM(January_17!F60,February_17!F60) -> 10851.763 | R79: =SUM(January_17!H60,February_17!H60) -> 10758.762 | T79: =(P79-R79)/P79 -> 0.0085701692

Sheet March_17
B2: Daily Bottling Hall Summary 2017
B3: Date | C3: Product Bottled | D3: Planned Production Cases | E3: Filler Start Time | F3: BBT Hls | G3: Cases bottled | H3: Bott Hls | I3: No.of Rejects | J3: Cases Per hour (524 @ 17000bph) | K3: Fill Time Mins | L3: Packer End Time | M3: Down Time Mins | N3: Change Over % (1.1) | O3: Cases on hold | P3: Bottling Loss (1.1%) | Q3: Reworks Cases | R3: GBL Plant Utilization @ 15,000 | S3: GBL Plant Utilization @ 17,000 | T3: Line Rated Efficiency (74%) @15,000 | U3: Line Rated Efficiency (15000 74%) | V3: Line Rated Efficiency (74%) @17,000 | W3: Plant Availability (95%) | X3: Comments | AE3: 15000 | AF3: 17000
B4: 42795 | C4: SHANDY SORREL | D4: 2800 | E4: 0.31458333 | F4: =SUM([3]March_2017!$J8) -> 171 | G4: =SUM([3]March_2017!$F8) -> 2582 | H4: =SUM([3]March_2017!$K8) -> 170.412 | I4: =SUM([3]March_2017!$N8) -> 10.25 | J4: =SUM([3]March_2017!$Q8) -> 607.52941 | K4: =SUM([3]March_2017!$E8) -> 255 | L4: 0.54513889 | M4: =SUM([3]March_2017!$M8) -> 25 | O4: =SUM([3]March_2017!$H8) -> 0 | P4: =SUM([3]March_2017!$P8) -> 0.34385965 | R4: =($G4)/(($K4/60)*AE$3*(1/24)) -> 0.97204706 | S4: =($G4)/(($K4/60)*AF$3*(1/24)) -> 0.85768858 | T4: =(G4)*24/(K4/60)/15000 -> 0.97204706 | U4: =(H4+H7)*24/(M4/60)/15000 -> 1.0553242 | V4: =(G4)*24/(K4/60)/17000 -> 0.85768858 | W4: =(360-(M4))/360 -> 0.93055556 | X4: 13mins downtime for broken and jammed bottles on line ex. Pasteurizer; 7mins downtime for stuck crowns; & 1min flushing the crowner.
B5: 42796 | C5: VITAMALT | D5: 4000 | E5: 0.32986111 | F5: =SUM([3]March_2017!$J9) -> 298.9 | G5: =SUM([3]March_2017!$F9) -> 3985 | H5: =SUM([3]March_2017!$K9) -> 296.484 | I5: =SUM([3]March_2017!$N9) -> 22.75 | J5: =SUM([3]March_2017!$Q9) -> 387.52026 | K5: =SUM([3]March_2017!$E9) -> 617 | L5: 0.8 | M5: =SUM([3]March_2017!$M9) -> 159 | O5: =SUM([3]March_2017!$H9) -> 0 | P5: =SUM([3]March_2017!$P9) -> 0.80829709 | R5: =($G5)/(($K5/60)*AE$3*(1/24)) -> 0.62003241 | S5: =($G5)/(($K5/60)*AF$3*(1/24)) -> 0.54708742 | T5: =(G5)*24/(K5/60)/15000 -> 0.62003241 | U5: =(H5+H8)*24/(M5/60)/15000 -> 0.38899442 | V5: =(G5)*24/(K5/60)/17000 -> 0.54708742 | W5: =(724-(M5))/724 -> 0.78038674 | X5: 100mins downtime repairing a broken guide on the crown transfer shute; 20mins downtime removing bent crowns from the chute and bin on top the crowner; 6mins Labeler downtime for start-up adjustments; 5mins caustic carry over on the Washer; 5mins Packer adjustments; & 3mins air dryer fault.
B6: 42797 | C6: TING | D6: 1800 | E6: 0.33333333 | F6: =SUM([3]March_2017!$J10) -> 122.958 | G6: =SUM([3]March_2017!$F10) -> 1802 | H6: =SUM([3]March_2017!$K10) -> 118.932 | I6: =SUM([3]March_2017!$N10) -> 5.5 | J6: =SUM([3]March_2017!$Q10) -> 345.89438 | K6: =SUM([3]March_2017!$E10) -> 587 | L6: 0.77638889 | M6: =SUM([3]March_2017!$M10) -> 179 | O6: =SUM([3]March_2017!$H10) -> 0 | P6: =SUM([3]March_2017!$P10) -> 3.2742888 | R6: =($G6+$G7)/(($K6/60)*AE$3*(1/24)) -> 0.55343101 | S6: =($G6+$G7)/(($K6/60)*AF$3*(1/24)) -> 0.48832148 | T6: =(G6+G7)*24/(K6/60)/15000 -> 0.55343101 | U6: =(H6+H9)*24/(M6/60)/15000 -> 0.2153886 | V6: =(G6+G7)*24/(K6/60)/17000 -> 0.48832148 | W6: =(698-(M6+M7))/698 -> 0.67621777 | X6: 166mins late start-up due to a broken key on the EBI Shaft; 6mins for stuck crowns; 2mins air dryer fault; & 2mins for stuck bottles in the Filler in-feed worm.
C7: GINSENG | D7: 1500 | F7: =SUM([3]March_2017!$J11) -> 104.5 | G7: =SUM([3]March_2017!$F11) -> 1582 | H7: =SUM([3]March_2017!$K11) -> 104.412 | I7: =SUM([3]March_2017!$N11) -> 9.5 | M7: =SUM([3]March_2017!$M11) -> 47 | N7: =[4]Mar!$I$11/K6 -> 0.042589438 | O7: =SUM([3]March_2017!$H11) -> 0 | P7: =SUM([3]March_2017!$P11) -> 0.084210526 | X7: 25mins Change-over downtime; 9mins Videojet adjustments because it was not printing; & 6mins downtime for jammed bottles on conveyor line ex. Pasteurizer.
B8: 42800 | C8: CARIB (AMBER) | D8: 4900 | E8: 0.38125 | F8: =SUM([3]March_2017!$J12) -> 349.8 | G8: =SUM([3]March_2017!$F12) -> 5068 | H8: =SUM([3]March_2017!$K12) -> 347.788 | I8: =SUM([3]March_2017!$N12) -> 20 | J8: =SUM([3]March_2017!$Q12) -> 512.78246 | K8: =SUM([3]March_2017!$E12) -> 593 | L8: 0.78055556 | M8: =SUM([3]March_2017!$M12) -> 135 | P8: =SUM([3]March_2017!$P12) -> 0.57518582 | R8: =($G8)/(($K8/60)*AE$3*(1/24)) -> 0.82045194 | S8: =($G8)/(($K8/60)*AF$3*(1/24)) -> 0.72392818 | T8: =(G8)*24/(K8/60)/15000 -> 0.82045194 | U8: =(H8+H11)*24/(M8/60)/15000 -> 0.47386311 | V8: =(G8)*24/(K8/60)/17000 -> 0.72392818 | W8: =(594-(M8))/594 -> 0.77272727 | X8: Late start-up due to malfunction on panel that controls the conveyor lines to the Washer & Crate Rinser. 6mins downtime due to the line ex. Washer tripping off & 5mins due to bottle jams on line ex. Pasteurizer. 14mins for stuck crowns; 2mins air dryer fault; 9mins downtime switching pallet packer; & 9mins downtime to low filling bowl level when switching BBT's.
B9: 42801 | C9: CARIB (AMBER) | D9: 4900 | E9: 0.34375 | F9: =SUM([3]March_2017!$J13) -> 285 | G9: =SUM([3]March_2017!$F13) -> 4283 | H9: =SUM([3]March_2017!$K13) -> 282.678 | I9: =SUM([3]March_2017!$N13) -> 18 | J9: =SUM([3]March_2017!$Q13) -> 520.87379 | K9: =SUM([3]March_2017!$E13) -> 618 | L9: 0.78541667 | M9: =SUM([3]March_2017!$M13) -> 95 | P9: =SUM([3]March_2017!$P13) -> 0.81473684 | R9: =($G9+$G10)/(($K9/60)*AE$3*(1/24)) -> 0.83339806 | S9: =($G9+$G10)/(($K9/60)*AF$3*(1/24)) -> 0.73535123 | T9: =(G9+G10)*24/(K9/60)/15000 -> 0.83339806 | U9: =(H9+H12)*24/(M9/60)/15000 -> 0.64000269 | V9: =(G9+G10)*24/(K9/60)/17000 -> 0.73535123 | W9: =(707-(M9+M10))/707 -> 0.83451202 | X9: 25mins late start waiting for product release; 10mins downtime for low PU. 8mins Pasteurizer downtime for hydraulics malfunction; 9mins for jammed bottle ex. Pasteurizer; 8mins downtime for stuck crowns; 2mins dryer fault; 3mins for jammed bottle in the in-feed worm; & 7mins low bowl level while switching BBT's.
C10: STAG | D10: 1000 | F10: =SUM([3]March_2017!$J14) -> 72 | G10: =SUM([3]March_2017!$F14) -> 1082 | H10: =SUM([3]March_2017!$K14) -> 71.412 | I10: =SUM([3]March_2017!$N14) -> 1 | M10: =SUM([3]March_2017!$M14) -> 22 | N10: =[4]Mar!$I$14/K9 -> 0.027508091 | P10: =SUM([3]March_2017!$P14) -> 0.81666667 | X10: 17mins Change-over downtime; 3mins for stuck crowns & 2mins air dryer fault.
B11: 42802 | C11: STAG | D11: 4900 | E11: 0.32847222 | F11: =SUM([3]March_2017!$J15) -> 320.9 | G11: =SUM([3]March_2017!$F15) -> 4827 | H11: =SUM([3]March_2017!$K15) -> 318.582 | I11: =SUM([3]March_2017!$N15) -> 44 | J11: =SUM([3]March_2017!$Q15) -> 451.82527 | K11: =SUM([3]March_2017!$E15) -> 641 | L11: 0.80208333 | M11: =SUM([3]March_2017!$M15) -> 172 | P11: =SUM([3]March_2017!$P15) -> 0.72234341 | R11: =($G11)/(($K11/60)*AE$3*(1/24)) -> 0.72292044 | S11: =($G11)/(($K11/60)*AF$3*(1/24)) -> 0.63787097 | T11: =(G11)*24/(K11/60)/15000 -> 0.72292044 | U11: =(H11+H14)*24/(M11/60)/15000 -> 0.31644726 | V11: =(G11)*24/(K11/60)/17000 -> 0.63787097 | W11: =(733-(M11))/733 -> 0.76534789 | X11: 58mins waiting on product release (perceived high haze); 33mins downtime resulting from the conveyor ex. Pasteurizer coming off the track; 14mins for jammed bottles on conveyor ex. Pasteurizer. 20mins for stuck crowns in the chute; 10mins stuck crowns in the bin on top the crowner; 8mins flushing the crowner; & 5mins air dryer fault. 9mins adjusting the EBI belt at start-up; & 8mins of caustic carry-over on the Washer.
B12: 42803 | C12: STAG | D12: 5600 | E12: 0.34097222 | F12: =SUM([3]March_2017!$J16) -> 351.8 | G12: =SUM([3]March_2017!$F16) -> 5313 | H12: =SUM([3]March_2017!$K16) -> 350.658 | I12: =SUM([3]March_2017!$N16) -> 13 | J12: =SUM([3]March_2017!$Q16) -> 508.42105 | K12: =SUM([3]March_2017!$E16) -> 627 | L12: 0.79236111 | M12: =SUM([3]March_2017!$M16) -> 115 | P12: =SUM([3]March_2017!$P16) -> 0.32461626 | R12: =($G12)/(($K12/60)*AE$3*(1/24)) -> 0.81347368 | S12: =($G12)/(($K12/60)*AF$3*(1/24)) -> 0.7177709 | T12: =(G12)*24/(K12/60)/15000 -> 0.81347368 | U12: =(H12+H15)*24/(M12/60)/15000 -> 0.46668856 | V12: =(G12)*24/(K12/60)/17000 -> 0.7177709 | W12: =(720-(M12))/720 -> 0.84027778 | X12: 27mins adjusting the fingers on the gripper cylinder for the Labeler; 10mins low steam on the Pasteurizer at start-up & 17mins around mid-day. 21mins delay waiting on product release; 10mins downtime on the Pasteurizer due to the hydraulics malfunctioning; 8mins downtime for jammed bottles on conveyor ex. Pasterizer; & 6mins for stuck crowns.
B13: 42804 | C13: STAG | D13: 1100 | E13: 0.34027778 | F13: =SUM([3]March_2017!$J17) -> 103 | G13: =SUM([3]March_2017!$F17) -> 1467 | H13: =SUM([3]March_2017!$K17) -> 101.572 | I13: =SUM([3]March_2017!$N17) -> 7.25 | J13: =SUM([3]March_2017!$Q17) -> 522.12766 | K13: =SUM([3]March_2017!$E17) -> 564 | L13: 0.74722222 | M13: =SUM([3]March_2017!$M17) -> 42 | P13: =SUM([3]March_2017!$P17) -> 1.3864078 | R13: =($G13+$G14)/(($K13/60)*AE$3*(1/24)) -> 0.83540426 | S13: =($G13+$G14)/(($K13/60)*AF$3*(1/24)) -> 0.7371214 | T13: =(G13+G14)*24/(K13/60)/15000 -> 0.83540426 | U13: =(H13+H16)*24/(M13/60)/15000 -> 0.23216457 | V13: =(G13+G14)*24/(K13/60)/17000 -> 0.7371214 | W13: =(644-(M13+M14))/644 -> 0.88198758 | X13: 20mins late start waiting on product release & 4mins for stuck crowns.
C14: CARIB (AMBER) | D14: 3500 | F14: =SUM([3]March_2017!$J18) -> 249.3 | G14: =SUM([3]March_2017!$F18) -> 3441 | H14: =SUM([3]March_2017!$K18) -> 248.386 | I14: =SUM([3]March_2017!$N18) -> 11.5 | M14: =SUM([3]March_2017!$M18) -> 34 | N14: =[4]Mar!$I$18/K13 -> 0.010638298 | P14: =SUM([3]March_2017!$P18) -> 0.36662655 | X14: 15mins low air pressure on the Uncaser; 6mins change-over downtime; & 6mins stuck crowns & 3mins air dryer fault.
B15: 42807 | C15: CARIB (AMBER) | D15: 835 | E15: 0.33472222 | F15: =SUM([3]March_2017!$J19) -> 208.6 | G15: =SUM([3]March_2017!$F19) -> 1464 | H15: =SUM([3]March_2017!$K19) -> 208.396 | I15: =SUM([3]March_2017!$N19) -> 11 | J15: =SUM([3]March_2017!$Q19) -> 491.5493 | K15: =SUM([3]March_2017!$E19) -> 639 | L15: 0.80347222 | M15: =SUM([3]March_2017!$M19) -> 36 | P15: =SUM([3]March_2017!$P19) -> 0.097794823 | R15: =($G15+$G16+$G17+$G18)/(($K15/60)*AE$3*(1/24)) -> 0.78647887 | S15: =($G15+$G16+$G17+$G18)/(($K15/60)*AF$3*(1/24)) -> 0.69395195 | T15: =(G15+G16+G18+G17)*24/(K15/60)/15000 -> 0.78647887 | U15: =(H15+H18)*24/(M15/60)/15000 -> 0.81057067 | V15: =(G15+G16+G17+G18)*24/(K15/60)/17000 -> 0.69395195 | W15: =(728-(M15+M17+M18))/728 -> 0.87774725 | X15: 12mins late start waiting on product release; 9mins for stuck crowns; 3mins air dryer faults; & 4mins labeler adjustments.
C16: CARIB (FLINT) | D16: 1800 | G16: =SUM([3]March_2017!$F20) -> 1587
C17: SHANDY LIME | D17: 1400 | F17: =SUM([3]March_2017!$J21) -> 50.2 | G17: =SUM([3]March_2017!$F21) -> 736 | H17: =SUM([3]March_2017!$K21) -> 48.576 | I17: =SUM([3]March_2017!$N21) -> 0 | M17: =SUM([3]March_2017!$M21) -> 22 | N17: =[4]Mar!$I$20/(K15) -> 0.021909233 | P17: =SUM([3]March_2017!$P21) -> 3.2350598 | X17: 14mins change-over
C18: SHANDY GINGER | D18: 700 | F18: =SUM([3]March_2017!$J22) -> 99.7 | G18: =SUM([3]March_2017!$F22) -> 1448 | H18: =SUM([3]March_2017!$K22) -> 95.568 | I18: =SUM([3]March_2017!$N22) -> 0 | M18: =SUM([3]March_2017!$M22) -> 31 | N18: =[4]Mar!$I$21/K15 -> 0.034428795 | P18: =SUM([3]March_2017!$P22) -> 4.1444333 | X18: 22mins change-over.
B19: 42808 | C19: GUINNESS | D19: 4900 | E19: 0.32986111 | F19: =SUM([3]March_2017!$J23) -> 310.7 | G19: =SUM([3]March_2017!$F23) -> 4671 | H19: =SUM([3]March_2017!$K23) -> 308.286 | I19: =SUM([3]March_2017!$N23) -> 19 | J19: =SUM([3]March_2017!$Q23) -> 495.15901 | K19: =SUM([3]March_2017!$E23) -> 566 | L19: 0.75763889 | M19: =SUM([3]March_2017!$M23) -> 94 | P19: =SUM([3]March_2017!$P23) -> 0.77695526 | R19: =($G19)/(($K19/60)*AE$3*(1/24)) -> 0.79225442 | S19: =($G19)/(($K19/60)*AF$3*(1/24)) -> 0.69904801 | T19: =(G19)*24/(K19/60)/15000 -> 0.79225442 | U19: =(H19+H22)*24/(M19/60)/15000 -> 0.40440102 | V19: =(G19)*24/(K19/60)/17000 -> 0.69904801 | W19: =(665-(M19))/665 -> 0.85864662 | X19: 58mins downtime making adjustments on the Labeler back station; 12mins for stuck crowns; 5mins removing jammed bottles from in-feed worm on the Filler; 3mins lost checking the Fobber pressure; & 8mins downtime for jammed bottles on conveyor ex. Pasterizer.
B20: 42809 | C20: STARMALT | D20: 4900 | E20: 0.33472222 | F20: =SUM([3]March_2017!$J24) -> 344.7 | G20: =SUM([3]March_2017!$F24) -> 5197 | H20: =SUM([3]March_2017!$K24) -> 343.002 | I20: =SUM([3]March_2017!$N24) -> 10 | J20: =SUM([3]March_2017!$Q24) -> 564.8913 | K20: =SUM([3]March_2017!$E24) -> 552 | L20: 0.73680556 | M20: =SUM([3]March_2017!$M24) -> 60 | P20: =SUM([3]March_2017!$P24) -> 0.49260226 | R20: =($G20)/(($K20/60)*AE$3*(1/24)) -> 0.90382609 | S20: =($G20)/(($K20/60)*AF$3*(1/24)) -> 0.79749361 | T20: =(G20)*24/(K20/60)/15000 -> 0.90382609 | U20: =(H20+H23)*24/(M20/60)/15000 -> 0.688728 | V20: =(G20)*24/(K20/60)/17000 -> 0.79749361 | W20: =(641-(M20))/641 -> 0.90639626 | X20: 19mins late start due to low PU; & 3mins low PU after start up. 10mins downtime for jammed bottles on conveyor ex. Pasteurizer; 2mins to fix rail on line ex. Pasteurizer; 7mins for stuck crowns; 3mins to remove broken/jammed bottle on the Packer; 3mins adjusting a finger on the Packer head; & 4mins switching pallet packer.
B21: 42810 | C21: STAG | D21: 4900 | E21: 0.32638889 | F21: =SUM([3]March_2017!$J25) -> 344.7 | G21: =SUM([3]March_2017!$F25) -> 5000 | H21: =SUM([3]March_2017!$K25) -> 342.92 | I21: =SUM([3]March_2017!$N25) -> 19 | J21: =SUM([3]March_2017!$Q25) -> 450.45045 | K21: =SUM([3]March_2017!$E25) -> 666 | L21: 0.81597222 | M21: =SUM([3]March_2017!$M25) -> 210 | P21: =SUM([3]March_2017!$P25) -> 0.51639106 | R21: =($G21)/(($K21/60)*AE$3*(1/24)) -> 0.72072072 | S21: =($G21)/(($K21/60)*AF$3*(1/24)) -> 0.63593005 | T21: =(G21)*24/(K21/60)/15000 -> 0.72072072 | U21: =(H21+H24)*24/(M21/60)/15000 -> 0.1978976 | V21: =(G21)*24/(K21/60)/17000 -> 0.63593005 | W21: =(746-(M21))/746 -> 0.71849866 | X21: 67mins downtime caused by difficulties resetting the EBI. 62mins adjusting the gripper cylinder on the Labeler due to misaligned labels; 10mins adjustments for missing labels & 6mins caused by the glue pump cutting off; 10mins downtime due to the Conveyor ex. Washer tripping off; 8mins downtime due to bottle jams on conveyor ex. Pasteurizer; 14mins for stuck crowns; 7mins flushing the crowner; 8mins low air pressure on the Uncaser; & 10mins waiting on PU monitor from the Pasteurizer.
B22: 42811 | C22: CREAM SODA | D22: 1200 | E22: 0.34722222 | F22: =SUM([3]March_2017!$J26) -> 90.4 | G22: =SUM([3]March_2017!$F26) -> 1110 | H22: =SUM([3]March_2017!$K26) -> 87.69 | I22: =SUM([3]March_2017!$N26) -> 3.5 | J22: =SUM([3]March_2017!$Q26) -> 393.28125 | K22: =SUM([3]March_2017!$E26) -> 512 | L22: 0.7125 | M22: =SUM([3]March_2017!$M26) -> 19 | P22: =SUM([3]March_2017!$P26) -> 2.9977876 | R22: =($G22+G23+G24)/(($K22/60)*AE$3*(1/24)) -> 0.62925 | S22: =($G22+G23+G24)/(($K22/60)*AF$3*(1/24)) -> 0.55522059 | T22: =(G22+G23+G24)*24/(K22/60)/15000 -> 0.62925 | U22: =(H22+H25)*24/(M22/60)/15000 -> 0.86297937 | V22: =(G22+G23+G24)*24/(K22/60)/17000 -> 0.55522059 | W22: =(598-(M22+M23+M24))/598 -> 0.75752508 | X22: 1 min crown stuck in transfer plate, 2 mins air dryer fault on filler, 2 mins crwon stuck in chute, 1 min labeller stopped for adjustments,10 mins no water in soft drink plant; 2 mins bottle jam ex-pasteurizer line,1 min product level dropped on carbo cooler; and 3 mins bowl level went low.
C23: ORANGE | D23: 1200 | F23: =SUM([3]March_2017!$J27) -> 90.4 | G23: =SUM([3]March_2017!$F27) -> 1107 | H23: =SUM([3]March_2017!$K27) -> 87.453 | I23: =SUM([3]March_2017!$N27) -> 1 | M23: =SUM([3]March_2017!$M27) -> 64 | N23: =[4]Mar!$I$26/K22 -> 0.076171875 | P23: =SUM([3]March_2017!$P27) -> 3.2599558 | X23: 1 min line empty, 4 mins crown stuck in chute, 5 mins bend crown in chute, 4 mins removing bend crowns from crowner from conveyer bin; 3 mins checking crowner bin for bend crowns,1 min air dryer fault on filler, 1 min bowl level went low; and 7 mins water pressure low in softdrink plant.
C24: KOLA CHAMP | D24: 1200 | F24: =SUM([3]March_2017!$J28) -> 90.4 | G24: =SUM([3]March_2017!$F28) -> 1139 | H24: =SUM([3]March_2017!$K28) -> 89.981 | I24: =SUM([3]March_2017!$N28) -> 0.5 | M24: =SUM([3]March_2017!$M28) -> 62 | N24: =[4]Mar!$I$27/K22 -> 0.080078125 | P24: =SUM([3]March_2017!$P28) -> 0.46349558 | X24: 4 mins crown stuck in chute, 4 mins labeller making adjustments at start up, 2 mins packer stopped for adjustments; 7 mins adjusting packer crate stopper, 1 min bottle jam ex-pasteurizer line, 2 mins removing bend crowns from crowner bin; and 3 mins stop to put water on line.
B25: 42814 | C25: BANANA | D25: 1200 | E25: 0.46319444 | F25: =[3]March_2017!$J$29 -> 86.095238 | G25: =[3]March_2017!$F$29 -> 1052 | H25: =[3]March_2017!$K$29 -> 83.108 | I25: =[3]March_2017!$N$29 -> 8 | J25: =[3]March_2017!$Q$29 -> 282.85714 | K25: =[3]March_2017!$E$29 -> 469 | L25: 0.81458333 | M25: =[3]March_2017!$M$29 -> 306 | P25: =SUM([3]March_2017!$P29) -> 3.4696903 | R25: =($G25+G26)/(($K25/60)*AE$3*(1/24)) -> 0.45257143 | S25: =($G25+G26)/(($K25/60)*AF$3*(1/24)) -> 0.39932773 | T25: =(G25+G26)*24/(K25/60)/15000 -> 0.45257143 | V25: =(G25+G26)*24/(K25/60)/17000 -> 0.39932773 | W25: =(714-(M25+M26))/714 -> 0.39915966 | X25: 100 mins EBI under repairs, 3 mins bowl level drop, waiting on product, 1 min crown stuck in chute, 1 min air dryer fault on filler, 2 mins crown stuck in crowner bin; and 2 mins stop to put water on line.
C26: GINGER | D26: 1200 | F26: =[3]March_2017!$J$30 -> 94.92 | G26: =[3]March_2017!$F$30 -> 1159 | H26: =[3]March_2017!$K$30 -> 91.561 | I26: =[3]March_2017!$N$30 -> 2 | M26: =[3]March_2017!$M$30 -> 123 | N26: =[4]Mar!$I$29/K25 -> 0.11727079 | P26: =SUM([3]March_2017!$P30) -> 3.5387695 | X26: 2 mins crown stuck in chute, 1 min air dryer fault on filler, 1 min bowl level went low, 6 mins back up sensor on filler malfuntioning; 2 mins stop to adjust bottle presence sensor, 30 mins ex- pasteurizer conveyor line jam, 18 mins low water pressure in soft drink plant, 4 mins labeller stopped for adjustments, 2 mins bowl level went low; and 2 mins stop to put water on line.
B27: 42815 | C27: CARIB (AMBER) | D27: 2100 | E27: 0.33333333 | F27: =[3]March_2017!$J31 -> 279.1 | G27: =[3]March_2017!$F$31 -> 2112 | H27: =[3]March_2017!$K31 -> 278.784 | I27: =[3]March_2017!$N31 -> 22.25 | J27: =[3]March_2017!$Q31 -> 402.92528 | K27: =[3]March_2017!$E31 -> 629 | L27: 0.79166667 | M27: =[3]March_2017!$M31 -> 140 | P27: =SUM([3]March_2017!P31) -> 0.11322107 | R27: =($G27+G28)/(($K27/60)*AE$3*(1/24)) -> 0.64468045 | S27: =($G27+G28)/(($K27/60)*AF$3*(1/24)) -> 0.56883569 | T27: =(G27+G28)*24/(K27/60)/15000 -> 0.64468045 | V27: =(G27+G28)*24/(K27/60)/17000 -> 0.56883569 | W27: =(719-(M27+M28))/719 -> 0.80528512 | X27: 4 min air dryer fault on filler, 2 mins back up sensor on filler malfuntioning, 12 mins packer making adjustments, 6 mins crown stuck in chute, 9 mins stop to clean fobber and bleed air from line, 2 mins crowner self flashing, 6 mins bottle jam infeed worm on filler, 9 mins forklift breakdown, packer waiting crates; 38 mins forklift breakdown, uncaser waiting on bottles, 5 mins bowl level went high, 3 mins plate close in hopper, 16 mins stop to change over packer to soft box, 3 mins blend crown stuck in transfer plate, 2 mins crown stuck in hopper, 2 mins crowner self flushing, 3 mins stop to adjust the in feed worm, 9 mins stopped to check broken bottles under crowner, 1 min palletizer changing pallet, 1 min bottle jam ex-pasteurizer line, 2 mins bottle block sensor behind pasteurizer, 2 mins cleaning line to pack pallet, 5 mins cartoon jam on conveyor line packer, 4 mins making space for pasteurizer to run CDC Brown, 4 mins low water pressure on washer, 10 mins changing over packer from cartoon to crate and 13 mins conveyer line to crate; and 13 mins conveyer line to create washer not conveyer.
C28: CARIB (FLINT) | D28: 2100 | G28: =[3]March_2017!$F32 -> 2112
B29: 42816 | C29: CARIB (AMBER) | D29: 1800 | E29: 0.32777778 | F29: =SUM([3]March_2017!$J33) -> 133.3 | G29: =SUM([3]March_2017!$F33) -> 2002 | H29: =SUM([3]March_2017!$K33) -> 132.132 | I29: =SUM([3]March_2017!$N33) -> 14 | J29: =SUM([3]March_2017!$Q33) -> 359.52229 | K29: =SUM([3]March_2017!$E33) -> 628 | L29: 0.79305556 | M29: =SUM([3]March_2017!$M33) -> 83 | P29: =SUM([3]March_2017!$P33) -> 0.87621905 | R29: =($G29+$G30)/(($K29/60)*AE$3*(1/24)) -> 0.57523567 | S29: =($G29+$G30)/(($K29/60)*AF$3*(1/24)) -> 0.50756088 | T29: =(G29+G30)*24/(K29/60)/15000 -> 0.57523567 | U29: =(H29+H32)*24/(M29/60)/15000 -> 0.51229995 | V29: =(G29+G30)*24/(K29/60)/17000 -> 0.50756088 | W29: =(724-(M29+M30))/724 -> 0.66712707 | X29: 3 mins EBI rejection table full up, 3 mins stop to change bend tube, 29 mins bottle pad on filler run slack, 1 min air dryer fault on filler, 1 min crown stuck in chute, 1 min crown stuck in transfer plate, 1 min crowner self flushing, 1 min bottle jam ex-pasteurizer line, 30 mins waiting on bottles conveyer line by uncaser tripe off; 17 mins packer stop waiting on crate; and 2 mins level low in filling bowl.
C30: STAG | D30: 4200 | F30: =SUM([3]March_2017!$J34) -> 116.6 | G30: =SUM([3]March_2017!$F34) -> 1761 | H30: =SUM([3]March_2017!$K34) -> 116.226 | I30: =SUM([3]March_2017!$N34) -> 9 | M30: =SUM([3]March_2017!$M34) -> 158 | P30: =SUM([3]March_2017!$P34) -> 0.32075472 | X30: 3 mins crown stuck in chute, 10 min pressure on BBT drop, Co2 hose bend,3 mins plate close in hopper, 1 min pasteurizer in feed back up, 1 min bottle block sensor behind pasteurizer;1 min crowner self flushing, 2 mins packer stop crate stick; and 6 mins packer stop for adjustments.
B31: 42817 | C31: STAG | E31: 0.33055556 | F31: =SUM([3]March_2017!$J35) -> 148.3 | G31: =SUM([3]March_2017!$F35) -> 2234 | H31: =SUM([3]March_2017!$K35) -> 147.444 | I31: =SUM([3]March_2017!$N35) -> 8 | J31: =SUM([3]March_2017!$Q35) -> 550.30383 | K31: =SUM([3]March_2017!$E35) -> 757 | L31: 0.88472222 | M31: =SUM([3]March_2017!$M35) -> 18 | P31: =SUM([3]March_2017!$P35) -> 0.57720836 | R31: =($G31+$G32)/(($K31/60)*AE$3*(1/24)) -> 0.88048613 | S31: =($G31+$G32)/(($K31/60)*AF$3*(1/24)) -> 0.77689953 | T31: =(G31+G32)*24/(K31/60)/15000 -> 0.88048613 | U31: =(H31+H34)*24/(M31/60)/15000 -> 2.3502613 | V31: =(G31+G32)*24/(K31/60)/17000 -> 0.77689953 | W31: =(857-(M31+M32))/857 -> 0.88914819 | X31: 2 mins crown stuck in chute, 2mins air dryer fault on filler,1 min bottle jammed ex-filler line; 2 mins bottle jam pasterizer infeed line, 1 min Lab tech installing monitor in the pasteurizer, 2 mins pasteurizer in feed back up,1 mins packer stopped for adjustments, 2 mins packer waiting on crate (stuck on crate washer), 3 mins low air pressure on filler; and 2 mins accumulation table infront packer full.
C32: MACKESON | D32: 4900 | F32: =SUM([3]March_2017!$J36) -> 312.4 | G32: =SUM([3]March_2017!$F36) -> 4709 | H32: =SUM([3]March_2017!$K36) -> 310.794 | I32: =SUM([3]March_2017!$N36) -> 18 | M32: =SUM([3]March_2017!$M36) -> 77 | N32: =[4]Mar!$I$34/K31 -> 0.047556143 | P32: =SUM([3]March_2017!$P36) -> 0.51408451 | X32: 4 mins Labeller making adjustments at start up, 3 mins crowner self flushing,3 mins BBT tank empty,bowl level went low; 1 min palletizer backup, packer stopped, 2 mins packer stopped for adjustments, 1 min fallen bottle jam shuffler on packer,1 min bottle jam infeed worm on filler, 3 mins waiting on palletizer, 3 mins labeller stop for adjustment, 3 mins waiting for the product, 2 mins air dryer fault on filler, 1 min fallen bottles on ex pasteurizer conveyor, 9 mins crown stick in chute, 2 mins crown stick in hoper; and 4 mins stop to pick up half filled from bed change over.
B33: 42818 | C33: MACKESON | D33: 4900 | E33: 0.32638889 | F33: =SUM([3]March_2017!$J37) -> 323.3 | G33: =SUM([3]March_2017!$F37) -> 4878 | H33: =SUM([3]March_2017!$K37) -> 321.948 | I33: =SUM([3]March_2017!$N37) -> 18.25 | J33: =SUM([3]March_2017!$Q37) -> 561.76583 | K33: =SUM([3]March_2017!$E37) -> 521 | L33: 0.72291667 | M33: =SUM([3]March_2017!$M37) -> 76 | P33: =SUM([3]March_2017!$P37) -> 0.41818744 | R33: =($G33)/(($K33/60)*AE$3*(1/24)) -> 0.89882534 | S33: =($G33)/(($K33/60)*AF$3*(1/24)) -> 0.79308118 | T33: =(G33)*24/(K33/60)/15000 -> 0.89882534 | V33: =(G33)*24/(K33/60)/17000 -> 0.79308118 | W33: =(617-(M33))/617 -> 0.87682334 | X33: 17 mins labeller stop for adjustments, 2 mins labeller adressing missing back labels, 3 mins bottle jam ex-pasteurizer line, 5 mins bad product change over bowl level drop,1 min packer stopped to unstick crate; 4 mins crate stopper on packer malfunction, 2 mins packer stopped for adjustments, 5 mins air dryer fault on filler, 4 mins bottle block sensor behind pateurizer,4 mins crown stick in chute,5 mins sensor on crate washer malfunction, 10 mins broken bottle block sensor on packer, 1 min accumulation table infront packer full, 2 mins bottle jam ex-pasteurizer line, 1 min crowner self flushing, 8 mins valve close by mistake in filtration bowl level went low; and 2 mins lab tech stop pasteurizer to put in PU monitor.
B34: 42821 | C34: CARIB (AMBER) | D34: 4900 | E34: 0.37361111 | F34: =SUM([3]March_2017!$J38) -> 295.9 | G34: =SUM([3]March_2017!$F38) -> 4155 | H34: =SUM([3]March_2017!$K38) -> 293.23 | I34: =SUM([3]March_2017!$N38) -> 22.25 | J34: =SUM([3]March_2017!$Q38) -> 449.18919 | K34: =SUM([3]March_2017!$E38) -> 555 | L34: 0.78958333 | M34: =SUM([3]March_2017!$M38) -> 211 | P34: =SUM([3]March_2017!$P38) -> 0.90233187 | R34: =($G34)/(($K34/60)*AE$3*(1/24)) -> 0.7187027 | S34: =($G34)/(($K34/60)*AF$3*(1/24)) -> 0.63414944 | T34: =(G34)*24/(K34/60)/15000 -> 0.7187027 | V34: =(G34)*24/(K34/60)/17000 -> 0.63414944 | W34: =(689-(M34))/689 -> 0.69375907 | X34: 68mins late start up due to the conveyor line ex. Washer tripping off. 85mins EBI downtime to change the drive belt and repair shaft. 13mins for stuck crowns.
B35: 42822 | C35: STAG | D35: 1400 | E35: 0.41944444 | F35: =SUM([3]March_2017!$J39) -> 98.7 | G35: =SUM([3]March_2017!$F39) -> 1398 | H35: =SUM([3]March_2017!$K39) -> 96.068 | I35: =SUM([3]March_2017!$N39) -> 11.5 | J35: =SUM([3]March_2017!$Q39) -> 504.19162 | K35: =SUM([3]March_2017!$E39) -> 501 | L35: 0.79583333 | M35: =SUM([3]March_2017!$M39) -> 155 | P35: =SUM([3]March_2017!$P39) -> 2.6666667 | R35: =($G35+G36)/(($K35/60)*AE$3*(1/24)) -> 0.80670659 | S35: =($G35+G36)/(($K35/60)*AF$3*(1/24)) -> 0.71179993 | T35: =(G35+G36)*24/(K35/60)/15000 -> 0.80670659 | V35: =(G35+G36)*24/(K35/60)/17000 -> 0.71179993 | W35: =(717-(M35+M36))/717 -> 0.66108787 | X35: 134mins late due to repairs made on the EBI. 12mins Packer downtime for adjustments; & 6mins for stuck crowns.
C36: CARIB (AMBER) | D36: 2100 | F36: =SUM([3]March_2017!$J40) -> 186.7 | G36: =SUM([3]March_2017!$F40) -> 2812 | H36: =SUM([3]March_2017!$K40) -> 185.592 | I36: =SUM([3]March_2017!$N40) -> 4 | M36: =SUM([3]March_2017!$M40) -> 88 | P36: =SUM([3]March_2017!$P40) -> 0.59346545 | X36: 20mins change-over downtime; 33mins EBI downtime for repairs; 12mins Labeler downtime; & 12mins for stuck crowns.
B37: 42823 | C37: GUINNESS | D37: 4900 | E37: 0.32777778 | F37: =SUM([3]March_2017!$J41) -> 311.6 | G37: =SUM([3]March_2017!$F41) -> 4687 | H37: =SUM([3]March_2017!$K41) -> 309.342 | I37: =SUM([3]March_2017!$N41) -> 8.75 | J37: =SUM([3]March_2017!$Q41) -> 478.26531 | K37: =SUM([3]March_2017!$E41) -> 588 | L37: 0.77361111 | M37: =SUM([3]March_2017!$M41) -> 163 | P37: =SUM([3]March_2017!$P41) -> 0.72464698 | R37: =($G37)/(($K37/60)*AE$3*(1/24)) -> 0.76522449 | S37: =($G37)/(($K37/60)*AF$3*(1/24)) -> 0.67519808 | T37: =(G37)*24/(K37/60)/15000 -> 0.76522449 | V37: =(G37)*24/(K37/60)/17000 -> 0.67519808 | W37: =(688-(M37))/688 -> 0.7630814 | X37: 86mins downtime on the Packer making adjustments to the crate stopper, centering device & leaking suction cups. 33mins downtime on the EBI due to a misssing screw on the shaft; 15mins Labeler downtime making adjustments for flagging back labels; 8mins for stuck crowns.
B38: 42824 | C38: VITAMALT | D38: 4000 | E38: 0.32986111 | F38: =SUM([3]March_2017!$J42) -> 302.6 | G38: =SUM([3]March_2017!$F42) -> 4036 | H38: =SUM([3]March_2017!$K42) -> 300.2784 | I38: =SUM([3]March_2017!$N42) -> 32 | J38: =SUM([3]March_2017!$Q42) -> 430.12433 | K38: =SUM([3]March_2017!$E42) -> 563 | L38: 0.75069444 | M38: =SUM([3]March_2017!$M42) -> 130 | P38: =SUM([3]March_2017!$P42) -> 0.76721745 | R38: =($G38)/(($K38/60)*AE$3*(1/24)) -> 0.68819893 | S38: =($G38)/(($K38/60)*AF$3*(1/24)) -> 0.60723435 | T38: =(G38)*24/(K38/60)/15000 -> 0.68819893 | V38: =(G38)*24/(K38/60)/17000 -> 0.60723435 | W38: =(653-(M38))/653 -> 0.80091884 | X38: 34mins downtime cleaning the Fobber line; 9mins for stuck crowns. 18mins downtime to do a crimp test; 7mins Labeler downtime to make adjustments to relabel Vitamalt & 5mins for flagging labels. 9mins low CO2 pressure on the Filler; 9mins downtime adjusting a sensor on the EBI; 6mins for low PU; & 5mins downtime repairing a broken chain on the Uncaser.
B60: MTD | D60: =SUM(D4:D58) -> 98735 | E60: =AVERAGE(E4:E58) -> 0.34624369 | F60: =SUM(F4:F58) -> 6748.4732 | G60: =SUM(G4:G58) -> 97998 | H60: =SUM(H4:H58) -> 6689.6954 | I60: =SUM(I4:I58) -> 404.75 | J60: =G60/(K60/60) -> 464.88615 | K60: =SUM(K4:K58) -> 12648 | L60: =AVERAGE(L4:L59) -> 0.77146465 | M60: =SUM(M4:M58) -> 3351 | N60: =[4]Mar!$I$54/K60 -> 0.024984187 | O60: =SUM(O4:O59) -> 0 | P60: =(F60-H60)/F60 -> 0.0087097979 | Q60: =SUM(Q4:Q58) -> 0 | R60: =((R4*($G$4))+(R5*$G$5)+(R6*($G$6+$G$7))+(R8*$G$8)+(R9*($G$9+$G$10))+(R11*$G$11)+(R12*$G$12)+(R13*($G$13+$G$14))+(R15*($G$15+$G$16+$G$17+$G$18))+(R19*$G$19)+(R20*($G$20))+(R21*$G$21)+(R22*($G$22+$G$23+$G$24))+(R25*($G$25+$G$26))+(R27*($G$27+$G$28))+(R29*($G$29+$G$30))+(R31*($G$31+$G$32))+(R33*($G$33))+(R34*($G$34))+(R35*($G$35+$G$36))+(R37*($G$37))+(R38*($G$38)))/($G$60) -> 0.76284675 | S60: =((S4*($G$4))+(S5*$G$5)+(S6*($G$6+$G$7))+(S8*$G$8)+(S9*($G$9+$G$10))+(S11*$G$11)+(S12*$G$12)+(S13*($G$13+$G$14))+(S15*($G$15+$G$16+$G$17+$G$18))+(S19*$G$19)+(S20*($G$20))+(S21*$G$21)+(S22*($G$22+$G$23+$G$24))+(S25*($G$25+$G$26))+(S27*($G$27+$G$28))+(S29*($G$29+$G$30))+(S31*($G$31+$G$32))+(S33*($G$33))+(S34*($G$34))+(S35*($G$35+$G$36))+(S37*($G$37))+(S38*($G$38)))/($G$60) -> 0.67310008 | T60: =(G60)*24/(K60/60)/15000 -> 0.74381784 | U60: =H60*24/(M60/60)/15000 -> 0.1916475 | V60: =(G60)*24/(K60/60)/17000 -> 0.65630986 | W60: =(14930-(M60-849))/14930 -> 0.83241795
B61: TARGETS | J61: 524 | P61: 0.011 | S61: 0.6 | V61: 0.74 | W61: 0.95
C62: Montly Budget | D62: 97890 | E62: March balance | G62: =D62-G60 -> -108 | H62: % Bottled | I62: =G60/D62 -> 1.0011033 | J62: 0
C63: YTD Budget | D63: =February_17!D62+March_17!D62 -> 258420 | E63: YTD Cases | G63: =February_17!G62+March_17!G60 -> 256786 | H63: DAYS LEFT | I63: 0 | K63: 0
C65: Category | D65: Product | E65: Cases | F65: Fill Time | G65: BBT Hls | H65: Bott Hls | I65: Loss | J65: B. Efficiency | P65: YTD Loss (1.1%) | Q65: YTD Efficiency @ 15k | R65: YTD Utilization @ 15k | S65: YTD Utilization @ 17k | T65: YTD Efficiency @ 15,000 | V65: YTD Efficiency @ 17,000 | Y65: BOTTLE TYPE | Z65: Daily Rejection | AA65: MTD Rejection | AB65: YTD Rejection
C66: 1 | D66: Lagers | E66: =SUM(G8,G9:G10,G11,G12,G13:G14,G15:G16,G21,G27:G28,G29:G30,G31,G34,G35:G36) -> 52118 | F66: =SUM(K8,K9,K11,K12,K13,K15,K21,K27,K29,K31,K34,K35) -> 7418 | G66: =SUM(F8,F9:F10,F11,F12,F13:F14,F15,F21,F27,F29:F30,F31,F34,F35:F36) -> 3543.7 | H66: =SUM(H8,H9:H10,H11,H12,H13:H14,H15,H21,H27,H29:H30,H31,H34,H35:H36) -> 3521.868 | I66: =(G66-H66)/G66 -> 0.0061607924 | J66: =(E66+G17+G18+G32)*24/(F66/60)/17000 -> 0.67384454 | P66: =T80 -> 0.0086237072 | R66: =((January_17!$Q$60*January_17!$G$60)+(February_17!$R$60*February_17!$G$60)+(March_17!$R$60*March_17!$G$60))/($G$63) -> 0.78189292 | S66: =((January_17!$R$60*January_17!G60)+(February_17!$S$60*February_17!$G$60)+(March_17!$S$60*March_17!$G$60))/($G$63) -> 0.69224897 | T66: =T79 -> 0.75817974 | V66: =V79 -> 0.66898212 | Y66: CDC Amber | AA66: =[5]Mar_2017!F85 -> 0.061934646 | AB66: =[5]YearToDate!F5 -> 0.05750807
C67: 2 | D67: Stouts | E67: =SUM(G19,G32:G33,G37) -> 18945 | F67: =SUM(K19,K31:K33,K37) -> 2432 | G67: =SUM(F19,F32:F33,F37) -> 1258 | H67: =SUM(H19,H32:H33,H37) -> 1250.37 | I67: =(G67-H67)/G67 -> 0.0060651828 | J67: =(E67+G31)*24/(F67/60)/17000 -> 0.73765867 | Y67: CDC Flint | AA67: =[5]Mar_2017!F86 -> 0.076859133 | AB67: =[5]YearToDate!F6 -> 0.074495145
C68: 3 | D68: Ale | I68: =(G68-H68)/G68 -> #DIV/0! | Y68: CDC Green | AA68: =[5]Mar_2017!F87 -> 0.053108078 | AB68: =[5]YearToDate!F7 -> 0.052359215
C69: 4 | D69: Malts | E69: =SUM(G5,G20,G38) -> 13218 | F69: =SUM(K5,K20,K38) -> 1732 | G69: =SUM(F5,F20,F38) -> 946.2 | H69: =SUM(H5,H20,H38) -> 939.7644 | I69: =(G69-H69)/G69 -> 0.0068015219 | J69: =(E69)*24/(F69/60)/17000 -> 0.64644478 | Y69: Guinness | AA69: =[5]Mar_2017!F88 -> 0.045690238 | AB69: =[5]YearToDate!F8 -> 0.054903171
C70: 5 | D70: SH/GS/TN | E70: =SUM(G4,G6:G7,G17:G18) -> 8150 | F70: =SUM(K4,K6,K15) -> 1481 | G70: =SUM(F4,F6:F7,F17:F18) -> 548.358 | H70: =SUM(H4,H6:H7,H17:H18) -> 537.9 | I70: =(G70-H70)/G70 -> 0.019071482 | J70: =(E70+G15+G16)*24/(F70/60)/17000 -> 0.64064186 | Y70: Vita Malt | Z70: =[5]Mar_2017!$F$38 -> 0.045308095 | AA70: =[5]Mar_2017!F89 -> 0.089077846 | AB70: =[5]YearToDate!F9 -> 0.076171674
C71: 6 | D71: Juicy Cool | E71: =SUM(G22:G26) -> 5567 | F71: =SUM(K22,K25) -> 981 | G71: =SUM(F22:F26) -> 452.21524 | H71: =SUM(H22:H26) -> 439.793 | I71: =(G71-H71)/G71 -> 0.027469747 | J71: =(E71)*24/(F71/60)/17000 -> 0.48069077 | Y71: Juicy Cool | AA71: =[5]Mar_2017!F90 -> 0.0089788987 | AB71: =[5]YearToDate!F10 -> 0.045790074
D72: Total | E72: =SUM(E66:E71) -> 97998 | F72: =K60 -> 12648 | G72: =SUM(G66:G71) -> 6748.4732 | H72: =SUM(H66:H71) -> 6689.6954 | I72: =((G72)-(H72))/(G72) -> 0.0087097979 | J72: =E72*24/(F72/60)/17000 -> 0.65630986 | Y72: TOTAL | AA72: =[5]Mar_2017!$F$92 -> 0.060213324 | AB72: =[5]YearToDate!$F$12 -> 0.057449686
P79: =SUM(January_17!G60,February_17!G60,March_17!G60) -> 256786 | R79: =SUM(January_17!K60,February_17!K60,March_17!K60) -> 32514 | T79: =(P79)*24/(R79/60)/15000 -> 0.75817974 | V79: =(P79)*24/(R79/60)/17000 -> 0.66898212
P80: =SUM(January_17!F60,February_17!F60,March_17!F60) -> 17600.237 | R80: =SUM(January_17!H60,February_17!H60,March_17!H60) -> 17448.457 | T80: =(P80-R80)/P80 -> 0.0086237072

Sheet April_17
B2: Daily Bottling Hall Summary 2017
B3: Date | C3: Product Bottled | D3: Planned Production Cases | E3: Filler Start Time | F3: BBT Hls | G3: Cases bottled | H3: Bott Hls | I3: No.of Rejects | J3: Cases Per hour (524) | K3: Fill Time Mins | L3: Packer End Time | M3: Down Time Mins | N3: Change Over % (1.1) | O3: Cases on hold | P3: Bottling Loss (1.1%) | Q3: Reworks Cases | R3: GBL Plant Utilization @ 15,000 | S3: GBL Plant Utilization @ 17,000 | T3: Line Rated Efficiency (74%) @15,000 | U3: Line Rated Efficiency (15000 74%) | V3: Line Rated Efficiency (74%) @17,000 | W3: Plant Availability (95%) | X3: Comments | AE3: 15000 | AF3: 17000
B4: 42828 | C4: CARIB (AMBER | D4: 5100 | E4: 0.34930556 | F4: =SUM([3]April_2017!$J8) -> 366.4 | G4: =SUM([3]April_2017!$F8) -> 5379 | H4: =SUM([3]April_2017!$K8) -> 364.514 | I4: =SUM([3]April_2017!$N8) -> 16 | J4: =SUM([3]April_2017!$Q8) -> 514.73684 | K4: =SUM([3]April_2017!$E8) -> 627 | L4: 0.76180556 | M4: =SUM([3]April_2017!$M8) -> 115 | O4: =SUM([3]April_2017!$H8) -> 0 | P4: =SUM([3]April_2017!$P8) -> 0.51473799 | R4: =($G4)/(($K4/60)*AE$3*(1/24)) -> 0.82357895 | S4: =($G4)/(($K4/60)*AF$3*(1/24)) -> 0.72668731 | T4: =(G4)*24/(K4/60)/15000 -> 0.82357895 | U4: =(H4+H7)*24/(M4/60)/15000 -> 0.57570115 | V4: =(G4)*24/(K4/60)/17000 -> 0.72668731 | W4: =(720-(M4))/720 -> 0.84027778 | X4: 33mins late start waiting on product release; 18mins for stuck crowns; 5mins low water pressureon the Fobber; 10mins changing the rails on the line ex. Pasteurizer; 14mins for bottle jammed bottles on line ex. Pasteurizer (bottle block sensor activated); 12mins for adjustments on the Packer; 5mins Labeler downtime for adjustments.
B5: 42829 | C5: TING | D5: 1800 | E5: 0.33888889 | F5: =SUM([3]April_2017!$J9) -> 118.8 | G5: =SUM([3]April_2017!$F9) -> 1778 | H5: =SUM([3]April_2017!$K9) -> 117.348 | I5: =SUM([3]April_2017!$N9) -> 4 | J5: =SUM([3]April_2017!$Q9) -> 481.21212 | K5: =SUM([3]April_2017!$E9) -> 594 | L5: 0.77777778 | M5: =SUM([3]April_2017!$M9) -> 71 | O5: =SUM([3]April_2017!$H9) -> 0 | P5: =SUM([3]April_2017!$P9) -> 1.2222222 | R5: =($G5+$G6)/(($K5/60)*AE$3*(1/24)) -> 0.76993939 | S5: =($G5+$G6)/(($K5/60)*AF$3*(1/24)) -> 0.67935829 | T5: =(G5+G6)*24/(K5/60)/15000 -> 0.76993939 | U5: =(H5+H8)*24/(M5/60)/15000 -> 0.57131736 | V5: =(G5+G6)*24/(K5/60)/17000 -> 0.67935829 | W5: =(699-(M5+M6))/699 -> 0.76537911 | X5: 26mins Labeler adjustments for missing neck labels; 13mins downtime due to the Videojet not printing; 18mins late start awaiting product release; 4mins for stuck crowns
C6: CARIB (AMBER | D6: 3500 | F6: =SUM([3]April_2017!$J10) -> 208.6 | G6: =SUM([3]April_2017!$F10) -> 2986 | H6: =SUM([3]April_2017!$K10) -> 206.576 | I6: =SUM([3]April_2017!$N10) -> 22 | M6: =SUM([3]April_2017!$M10) -> 93 | N6: =[4]Apr!$I$10/K5 -> 0.087542088 | O6: =SUM([3]April_2017!$H10) -> 0 | P6: =SUM([3]April_2017!$P10) -> 0.97027804 | X6: 52mins change-over downtime; 16mins low air pressure on the Filler; 11mins for stuck crowns; & 5mins Packer adjustments.
B7: 42830 | C7: STAG | D7: 4900 | E7: 0.32430556 | F7: =SUM([3]April_2017!$J11) -> 326.3 | G7: =SUM([3]April_2017!$F11) -> 4788 | H7: =SUM([3]April_2017!$K11) -> 325.128 | I7: =SUM([3]April_2017!$N11) -> 45 | J7: =SUM([3]April_2017!$Q11) -> 523.27869 | K7: =SUM([3]April_2017!$E11) -> 549 | L7: 0.73541667 | M7: =SUM([3]April_2017!$M11) -> 95 | P7: =SUM([3]April_2017!$P11) -> 0.35917867 | R7: =($G7)/(($K7/60)*AE$3*(1/24)) -> 0.8372459 | S7: =($G7)/(($K7/60)*AF$3*(1/24)) -> 0.73874638 | T7: =(G7)*24/(K7/60)/15000 -> 0.8372459 | V7: =(G7)*24/(K7/60)/17000 -> 0.73874638 | W7: =(640-(M7))/640 -> 0.8515625 | X7: 23mins low air pressure on the Filler; 10mins low water pressure on the Washer; 10mins Labeler startup adjustments; 14mis for stuck crowns; 6mins cleaning fobber line; & 9mins Packer adjustments
B8: 42831 | C8: VITA MALT | D8: 4000 | E8: 0.32013889 | F8: =SUM([3]April_2017!$J12) -> 307.5 | G8: =SUM([3]April_2017!$F12) -> 4102 | H8: =SUM([3]April_2017!$K12) -> 305.1888 | I8: =SUM([3]April_2017!$N12) -> 33 | J8: =SUM([3]April_2017!$Q12) -> 511.68399 | K8: =SUM([3]April_2017!$E12) -> 481 | L8: 0.68402778 | M8: =SUM([3]April_2017!$M12) -> 89 | O8: 490 | P8: =SUM([3]April_2017!$P12) -> 0.75160976 | R8: =($G8)/(($K8/60)*AE$3*(1/24)) -> 0.81869439 | S8: =($G8)/(($K8/60)*AF$3*(1/24)) -> 0.7223774 | T8: =(G8)*24/(K8/60)/15000 -> 0.81869439 | V8: =(G8)*24/(K8/60)/17000 -> 0.7223774 | W8: =(567-(M8))/567 -> 0.84303351 | X8: 19mins caustic carry over on the Washer; 19 mins packer downtime because the main air valve not fully open; 12mins for stuck crowns; & 6mins caused by jammed bottles on the Filler in-feed worm.
B9: 42832 | C9: STAR MALT | D9: 4200 | E9: 0.33055556 | F9: =SUM([3]April_2017!$J13) -> 165.7 | G9: =SUM([3]April_2017!$F13) -> 2483 | H9: =SUM([3]April_2017!$K13) -> 163.878 | I9: =SUM([3]April_2017!$N13) -> 5 | J9: =SUM([3]April_2017!$Q13) -> 258.64583 | K9: =SUM([3]April_2017!$E13) -> 576 | L9: 0.75416667 | M9: =SUM([3]April_2017!$M13) -> 320 | P9: =SUM([3]April_2017!$P13) -> 1.0995775 | R9: =($G9)/(($K9/60)*AE$3*(1/24)) -> 0.41383333 | S9: =($G9)/(($K9/60)*AF$3*(1/24)) -> 0.36514706 | T9: =(G9)*24/(K9/60)/15000 -> 0.41383333 | V9: =(G9)*24/(K9/60)/17000 -> 0.36514706 | W9: =(678-(M9))/678 -> 0.5280236 | X9: 272mis downtime due to the base function not reseting on the EBI. 14mins Labeler adjustments; 7mins for stuck crowns & 5mins fixing a leak on the Fobber; & 8mins low CO2 on the Filler.
B10: 42835 | C10: STAR MALT | D10: 2000 | E10: 0.39930556 | F10: =SUM([3]April_2017!$J14) -> 136.1 | G10: =SUM([3]April_2017!$F14) -> 2011 | H10: =SUM([3]April_2017!$K14) -> 132.726 | I10: =SUM([3]April_2017!$N14) -> 20.25 | J10: =SUM([3]April_2017!$Q14) -> 426.5392 | K10: =SUM([3]April_2017!$E14) -> 523 | L10: 0.80208333 | M10: =SUM([3]April_2017!$M14) -> 131 | P10: =SUM([3]April_2017!$P14) -> 2.4790595 | R10: =($G10+$G$11)/(($K10/60)*AE$3*(1/24)) -> 0.68246272 | S10: =($G10+$G$11)/(($K10/60)*AF$3*(1/24)) -> 0.60217298 | T10: =($G$10+$G$11)*24/(K10/60)/15000 -> 0.68246272 | V10: =($G$10+$G$11)*24/(K10/60)/17000 -> 0.60217298 | W10: =(785-(M10+M11))/785 -> 0.63949045 | X10: 5mins downtime due to low air Pressure on the Filler. 6mins downtime waiting on crowns; & 3mins for stuck crowns.
C11: CARIB (AMBER | D11: 2200 | F11: =SUM([3]April_2017!$J15) -> 124.9 | G11: =SUM([3]April_2017!$F15) -> 1707 | H11: =SUM([3]April_2017!$K15) -> 122.162 | I11: =SUM([3]April_2017!$N15) -> 25 | M11: =SUM([3]April_2017!$M15) -> 152 | N11: =[4]Apr!$I$15/K10 -> 0.13001912 | P11: =SUM([3]April_2017!$P15) -> 2.1921537 | X11: 73mins downtime due to low air Pressure on the Filler; 68mins change-over downtime; & 23mins for stuck crowns
B12: 42836 | C12: CARIB (FLINT) | D12: 4000 | E12: 0.32986111 | F12: =SUM([3]April_2017!$J16) -> 443.5 | G12: =SUM([3]April_2017!$F16) -> 3407 | H12: =SUM([3]April_2017!$K16) -> 440.088 | I12: =SUM([3]April_2017!$N16) -> 42 | J12: =SUM([3]April_2017!$Q16) -> 463.59212 | K12: =SUM([3]April_2017!$E16) -> 863 | L12: 0.95694444 | M12: =SUM([3]April_2017!$M16) -> 155 | P12: =SUM([3]April_2017!$P16) -> 0.76933484 | R12: =($G12+$G$13)/(($K12/60)*AE$3*(1/24)) -> 0.74174739 | S12: =($G12+$G$13)/(($K12/60)*AF$3*(1/24)) -> 0.65448299 | T12: =(G12+$G$13)*24/(K12/60)/15000 -> 0.74174739 | V12: =(G12+$G$13)*24/(K12/60)/17000 -> 0.65448299 | W12: =(953-(M12))/953 -> 0.83735572 | X12: 25mins Sealer adustments; 17 mins low air pressure on filler; 23mins downtime crown stuck; 12 mins product delay (switching BBT's); 5 mins downtime fault on air dryer; 16mins stoppage to recode Flint bottles; 11 mins videojet making adjustments because it was not printing; 8 mins adjustment to packer.
C13: CARIB (AMBER | D13: 3325 | G13: =SUM([3]April_2017!$F17) -> 3261
B14: 42837 | C14: STAG | D14: 4900 | E14: 0.3625 | F14: =SUM([3]April_2017!$J18) -> 376.5 | G14: =SUM([3]April_2017!$F18) -> 5691 | H14: =SUM([3]April_2017!$K18) -> 375.606 | I14: =SUM([3]April_2017!$N18) -> 29 | J14: =SUM([3]April_2017!$Q18) -> 549.85507 | K14: =SUM([3]April_2017!$E18) -> 621 | L14: 0.82222222 | M14: =SUM([3]April_2017!$M18) -> 114 | P14: =SUM([3]April_2017!$P18) -> 0.2374502 | R14: =($G14)/(($K14/60)*AE$3*(1/24)) -> 0.87976812 | S14: =($G14)/(($K14/60)*AF$3*(1/24)) -> 0.77626598 | T14: =(G14)*24/(K14/60)/15000 -> 0.87976812 | V14: =(G14)*24/(K14/60)/17000 -> 0.77626598 | W14: =(763-(M14))/763 -> 0.85058978 | X14: 23mins downtime due to low air on the filler; 3mins downtime changing center cup on uncaser; 4mins crown stuck on chute; 5 mins downtime fault on air dryer; 4 mins downtime removing bend crowns; 11mins downtime removing bend crowns from crowner bin, adjusting crowns; and downtime due to HPI temperature fault on filler
B15: 42838 | C15: GUINNESS | D15: 4200 | E15: 0.33888889 | F15: =SUM([3]April_2017!$J19) -> 171.6 | G15: =SUM([3]April_2017!$F19) -> 2586 | H15: =SUM([3]April_2017!$K19) -> 170.676 | I15: =SUM([3]April_2017!$N19) -> 17.75 | J15: =SUM([3]April_2017!$Q19) -> 291.65414 | K15: =SUM([3]April_2017!$E19) -> 532 | L15: 0.68541667 | M15: =SUM([3]April_2017!$M19) -> 129 | P15: =SUM([3]April_2017!$P19) -> 0.53846154 | R15: =($G15)/(($K15/60)*AE$3*(1/24)) -> 0.46664662 | S15: =($G15)/(($K15/60)*AF$3*(1/24)) -> 0.41174701 | T15: =(G15)*24/(K15/60)/15000 -> 0.46664662 | V15: =(G15)*24/(K15/60)/17000 -> 0.41174701 | W15: =(561-(M15))/561 -> 0.77005348 | X15: 24mins downtime due to low air pressure on the filler; 14mins low water pressure on washer; 4 mins downtime EBI rection table was filled; 42mins EBI stopped to reset; 10 mins downtime due to a malfunction in the EBI base (EBI not resetting); 4mins air dryer fault on filler; 8mins downtime crown stuck in chute; and 75mins line stop due to the EBI.
B16: 42843 | C16: GUINNESS | E16: 0.34861111 | F16: =SUM([3]April_2017!$J20) -> 92.7 | G16: =SUM([3]April_2017!$F20) -> 1383 | H16: =SUM([3]April_2017!$K20) -> 91.278 | I16: =SUM([3]April_2017!$N20) -> 6.25 | J16: =SUM([3]April_2017!$Q20) -> 396.03928 | K16: =SUM([3]April_2017!$E20) -> 611 | L16: 0.79930556 | M16: =SUM([3]April_2017!$M20) -> 58 | P16: =SUM([3]April_2017!$P20) -> 1.5339806 | R16: =($G16+G17)/(($K16/60)*AE$3*(1/24)) -> 0.63366285 | S16: =($G16+G17)/(($K16/60)*AF$3*(1/24)) -> 0.55911428 | T16: =(G16+G17)*24/(K16/60)/15000 -> 0.63366285 | V16: =(G16+G17)*24/(K16/60)/17000 -> 0.55911428 | W16: =(741-(M16+M17))/741 -> 0.79352227 | X16: 2mins downtime fallen bottle jam on ex-filler line; 15mins downtime EBI rejection table was filled, 2mins pressure on BBT drop (bowl level drrop); 2 mins downtime stop to put CO2
C17: STAG | D17: 4900 | F17: =SUM([3]April_2017!$J21) -> 182.5 | G17: =SUM([3]April_2017!$F21) -> 2650 | H17: =SUM([3]April_2017!$K21) -> 180.6 | I17: =SUM([3]April_2017!$N21) -> 24.5 | M17: =SUM([3]April_2017!$M21) -> 95 | N17: =[4]Apr!$I$20/K16 -> 0.11292962 | P17: =SUM([3]April_2017!$P21) -> 1.0410959 | X17: 7 mins downtime crown stuck on chute and Hopper; 8 mins downtime making adjustments to EBI (foreign object in bottle pass EBI rejection).
B18: 42844 | C18: STAG | D18: 2100 | E18: 0.32430556 | F18: =SUM([3]April_2017!$J22) -> 202.7 | G18: =SUM([3]April_2017!$F22) -> 3039 | H18: =SUM([3]April_2017!$K22) -> 200.574 | I18: =SUM([3]April_2017!$N22) -> 17 | J18: =SUM([3]April_2017!$Q22) -> 307.48735 | K18: =SUM([3]April_2017!$E22) -> 593 | L18: 0.76388889 | M18: =SUM([3]April_2017!$M22) -> 170 | P18: =SUM([3]April_2017!$P22) -> 1.0488407 | R18: =($G18)/(($K18/60)*AE$3*(1/24)) -> 0.49197976 | S18: =($G18)/(($K18/60)*AF$3*(1/24)) -> 0.43409979 | T18: =(G18)*24/(K18/60)/15000 -> 0.49197976 | V18: =(G18)*24/(K18/60)/17000 -> 0.43409979 | W18: =(685-(M18))/685 -> 0.75182482 | X18: 5 mins downtime air dryer fault on filler; 7 mins crown stuck on chute; 3 mins plate in hopper closed in; 25 mins downtime due to EBI unable to reset (EBI froze); 122mins downtime making adjustments to EBI; 3 mins EBI rejection table is filled; 12 mins downtime due to high EBI malfuntion rejection; 17mins supervisor stopped EBI to remove foreign object in bottles; and 3 mins downtime waiting on palletizer
B19: 42845 | C19: STAG | E19: 0.32569444 | F19: =SUM([3]April_2017!$J23) -> 86.6 | G19: =SUM([3]April_2017!$F23) -> 1294 | H19: =SUM([3]April_2017!$K23) -> 85.404 | I19: =SUM([3]April_2017!$N23) -> 15 | J19: =SUM([3]April_2017!$Q23) -> 392.32964 | K19: =SUM([3]April_2017!$E23) -> 631 | L19: 0.78958333 | M19: =SUM([3]April_2017!$M23) -> 67 | P19: =SUM([3]April_2017!$P23) -> 1.3810624 | R19: =($G19+G20)/(($K19/60)*AE$3*(1/24)) -> 0.62772742 | S19: =($G19+G20)/(($K19/60)*AF$3*(1/24)) -> 0.55387713 | T19: =(G19+G20)*24/(K19/60)/15000 -> 0.62772742 | V19: =(G19+G20)*24/(K19/60)/17000 -> 0.55387713 | W19: =(711-(M19+M20))/711 -> 0.86216596 | X19: 22mins downtime low air pressure on filler; 4 mins downtime waiting on CO2 to push up product; 2 mins plate in hopper closed in; 1 min air dryer at fault; 2 mins stuck crowns; and 4 mins downtime Labeller making adjustments.
C20: CARIB (AMBER | D20: 2800 | F20: =SUM([3]April_2017!$J24) -> 216.1 | G20: =SUM([3]April_2017!$F24) -> 2832 | H20: =SUM([3]April_2017!$K24) -> 215.412 | I20: =SUM([3]April_2017!$N24) -> 4 | M20: =SUM([3]April_2017!$M24) -> 31 | N20: =[4]Apr!$I$23/K19 -> 0.033280507 | P20: =SUM([3]April_2017!$P24) -> 0.31837112 | X20: 2 mins downtime plate in hopper closed in; 2 mins downtime stuck crowns; and 4 mins downtime Labeller making adjustments.
B21: 42846 | C21: CARIB (AMBER | D21: 3500 | E21: 0.32361111 | F21: =SUM([3]April_2017!$J25) -> 255 | G21: =SUM([3]April_2017!$F25) -> 3838 | H21: =SUM([3]April_2017!$K25) -> 253.308 | I21: =SUM([3]April_2017!$N25) -> 13.75 | J21: =SUM([3]April_2017!$Q25) -> 423.30882 | K21: =SUM([3]April_2017!$E25) -> 544 | L21: 0.72986111 | M21: =SUM([3]April_2017!$M25) -> 41 | P21: =SUM([3]April_2017!$P25) -> 0.66352941 | R21: =($G21)/(($K21/60)*AE$3*(1/24)) -> 0.67729412 | S21: =($G21)/(($K21/60)*AF$3*(1/24)) -> 0.59761246 | T21: =(G21)*24/(K21/60)/15000 -> 0.67729412 | V21: =(G21)*24/(K21/60)/17000 -> 0.59761246 | W21: =(645-(M21))/645 -> 0.93643411 | X21: 7mins downtime air dryer fault on filler; 3mins downtime due to stuck crown in chute; 7mins downtime trying to reset EBI (unable to reset); 2mins downtime due to a high level of rejection on the EBI table; 11mins downtime making adjustments to EBI; 2mins due to a continuous rejection of neck finish on the EBI;and 6mins downtime due to a drop in the bowl level on the BBT change over.
B22: 42849 | C22: VITA MALT | D22: 4000 | E22: 0.52083333 | F22: =SUM([3]April_2017!$J26) -> 146.2 | G22: =SUM([3]April_2017!$F26) -> 1883 | H22: =SUM([3]April_2017!$K26) -> 140.0952 | I22: =SUM([3]April_2017!$N26) -> 46.75 | J22: =SUM([3]April_2017!$Q26) -> 321.88034 | K22: =SUM([3]April_2017!$E26) -> 351 | L22: 0.79166667 | M22: =SUM([3]April_2017!$M26) -> 368 | P22: =SUM([3]April_2017!$P26) -> 4.1756498 | R22: =($G22)/(($K22/60)*AE$3*(1/24)) -> 0.51500855 | S22: =($G22)/(($K22/60)*AF$3*(1/24)) -> 0.45441931 | T22: =(G22)*24/(K22/60)/15000 -> 0.51500855 | V22: =(G22)*24/(K22/60)/17000 -> 0.45441931 | W22: =(711-(M22))/711 -> 0.48241913 | X22: 48mins downtime making adjustments to the Caustic carryover on washer; 5mins downtime on the EBI due to making adjustments and clearing EBI table (high rejection); 15mins downtime due to bend crowns on hopper;also to drain and empty hopper belt ; 15mins making adjustments to filler; 270mins downtime on filler caused by the refusal of the discharge conveyer on filler to be turned on automatically; and 10mins Caustic carryover waiting on bottles.
B23: 42850 | C23: VITA MALT | E23: 0.33472222 | F23: =SUM([3]April_2017!$J27) -> 160.6 | G23: =SUM([3]April_2017!$F27) -> 2118 | H23: =SUM([3]April_2017!$K27) -> 157.5792 | I23: =SUM([3]April_2017!$N27) -> 8.25 | J23: =SUM([3]April_2017!$Q27) -> 346.51466 | K23: =SUM([3]April_2017!$E27) -> 614 | L23: 0.90347222 | M23: =SUM([3]April_2017!$M27) -> 41 | P23: =SUM([3]April_2017!$P27) -> 1.8809465 | R23: =($G23+G24)/(($K23/60)*AE$3*(1/24)) -> 0.55442345 | S23: =($G23+G24)/(($K23/60)*AF$3*(1/24)) -> 0.48919716 | T23: =(G23+G24)*24/(K23/60)/15000 -> 0.55442345 | V23: =(G23+G24)*24/(K23/60)/17000 -> 0.48919716 | W23: =(878-(M23+M24))/878 -> 0.69703872 | X23: 25 mins downtime due to high EBI rejection, making adjustments to EBI; 3 mins downtime due to stuck crowns in chute an mini hopper; and 1 min air dryer on filler fault
C24: MACKESON | D24: 4200 | F24: =SUM([3]April_2017!$J28) -> 95.5 | G24: =SUM([3]April_2017!$F28) -> 1428 | H24: =SUM([3]April_2017!$K28) -> 94.248 | I24: =SUM([3]April_2017!$N28) -> 22 | M24: =SUM([3]April_2017!$M28) -> 225 | N24: =[4]Apr!$I$27/K23 -> 0.16938111 | P24: =SUM([3]April_2017!$P28) -> 1.3109948 | X24: 14 mins downtime low water pressure on washer; 60mins downtime due to soft box sealer breakdown; and 45mins due to a malfunction on the sealer.
B25: 42851 | C25: MACKESON | E25: 0.33333333 | F25: =SUM([3]April_2017!$J29) -> 192 | G25: =SUM([3]April_2017!$F29) -> 2888 | H25: =SUM([3]April_2017!$K29) -> 190.608 | I25: =SUM([3]April_2017!$N29) -> 29 | J25: =SUM([3]April_2017!$Q29) -> 407.71765 | K25: =SUM([3]April_2017!$E29) -> 425 | L25: 0.69305556 | M25: =SUM([3]April_2017!$M29) -> 100 | P25: =SUM([3]April_2017!$P29) -> 0.725 | R25: =($G25)/(($K25/60)*AE$3*(1/24)) -> 0.65234824 | S25: =($G25)/(($K25/60)*AF$3*(1/24)) -> 0.57560138 | T25: =(G25)*24/(K25/60)/15000 -> 0.65234824 | V25: =(G25)*24/(K25/60)/17000 -> 0.57560138 | W25: =(576-(M25))/576 -> 0.82638889 | X25: 17mins downtime due to low air pressure on the filler ; 4mins Krones tech working on EBI and filler ; 6mins downtime fallen bottle jam infeed worm on filler; 1 min crown self flushing ; 2 mins downtime crown stuck in chute; 14mins downtime making ajustments to Packer; and 4 mins downtime due to a trip off of a empty crate conveyer . 40mins downtime making adjustments to the sealer;
B26: 42852 | C26: GUINNESS | D26: 4900 | E26: 0.32569444 | F26: =SUM([3]April_2017!$J30) -> 324 | G26: =SUM([3]April_2017!$F30) -> 4868 | H26: =SUM([3]April_2017!$K30) -> 321.288 | I26: =SUM([3]April_2017!$N30) -> 36.25 | J26: =SUM([3]April_2017!$Q30) -> 418.45272 | K26: =SUM([3]April_2017!$E30) -> 698 | L26: 0.84166667 | M26: =SUM([3]April_2017!$M30) -> 186 | O26: 134 | P26: =SUM([3]April_2017!$P30) -> 0.83703704 | R26: =($G26)/(($K26/60)*AE$3*(1/24)) -> 0.66952436 | S26: =($G26)/(($K26/60)*AF$3*(1/24)) -> 0.59075678 | T26: =(G26)*24/(K26/60)/15000 -> 0.66952436 | V26: =(G26)*24/(K26/60)/17000 -> 0.59075678 | W26: =(786-(M26))/786 -> 0.76335878 | X26: 12mins low air pressure on filler; 4 mins downtime low CO2 on filler; 4mins downtime crowner self flushing; 7 mins downtime making adjustments to labeller (missing labels);12mins stop to check Videojet (not printing); 15mins downtime making adjustments to ex-filler; 38min downtime due to broken air valve on packer; 71 mins making adjustments to packer; 3 mins downtime accumulation table was filled; 6mins downtime due to making adjustments to valve on soap line; and 2 mins due to slow packing on the palletizer
B27: 42853 | C27: STAG | D27: 4200 | E27: 0.34444444 | F27: =SUM([3]April_2017!$J31) -> 266 | G27: =SUM([3]April_2017!$F31) -> 4010 | H27: =SUM([3]April_2017!$K31) -> 264.66 | I27: =SUM([3]April_2017!$N31) -> 18 | J27: =SUM([3]April_2017!$Q31) -> 572.85714 | K27: =SUM([3]April_2017!$E31) -> 420 | L27: 0.66875 | M27: =SUM([3]April_2017!$M31) -> 59 | P27: =SUM([3]April_2017!$P31) -> 0.5037594 | R27: =($G27)/(($K27/60)*AE$3*(1/24)) -> 0.91657143 | S27: =($G27)/(($K27/60)*AF$3*(1/24)) -> 0.8087395 | T27: =(G27)*24/(K27/60)/15000 -> 0.91657143 | V27: =(G27)*24/(K27/60)/17000 -> 0.8087395 | W27: =(537-(M27))/537 -> 0.89013035 | X27: 26mins downtime replacing an o-ring on the gaf filter for the Filler; 14mins downtime for adjustments on the Packer (slack sensor); 7mins of low air pressure on the Filler; 3mins downtime due to the coder not printing; & 2mins for stuck crowns.
B60: MTD | D60: =SUM(D4:D58) -> 74725 | E60: =AVERAGE(E4:E58) -> 0.34861111 | F60: =SUM(F4:F59) -> 4965.8 | G60: =SUM(G4:G58) -> 72410 | H60: =SUM(H4:H59) -> 4918.9452 | I60: =SUM(I4:I58) -> 499.75 | J60: =G60/(K60/60) -> 423.73939 | K60: =SUM(K4:K58) -> 10253 | L60: =AVERAGE(L4:L59) -> 0.77561728 | M60: =SUM(M4:M58) -> 2905 | N60: =[4]Apr!$I$54/K60 -> 0.030625183 | O60: =SUM(O4:O59) -> 624 | P60: =(F60-H60)/F60 -> 0.0094354988 | Q60: =SUM(Q4:Q58) -> 0 | R60: =((R4*($G$4))+(R5*($G$5+$G$6))+(R7*($G$7))+(R8*($G$8))+(R9*($G$9))+(R10*($G$10+$G$11))+(R12*($G$12+$G$13))+(R14*($G$14))+(R15*($G$15))+(R16*($G$16+$G$17))+(R18*($G$18))+(R19*($G$19+$G$20))+(R21*($G$21))+(R22*($G$22))+(R23*($G$23+$G$24))+(R25*($G$25))+(R26*($G$26))+(R27*($G$27)))/($G$60) -> 0.70686419 | S60: =((S4*($G$4))+(S5*($G$5+$G$6))+(S7*($G$7))+(S8*($G$8))+(S9*($G$9))+(S10*($G$10+$G$11))+(S12*($G$12+$G$13))+(S14*($G$14))+(S15*($G$15))+(S16*($G$16+$G$17))+(S18*(G18))+(S19*($G$19+$G$20))+(S21*($G$21))+(S22*($G$22))+(S23*($G$23+$G$24))+(S25*($G$25))+(S26*($G$26))+(S27*($G$27)))/($G$60) -> 0.6237037 | T60: =(G60)*24/(K60/60)/15000 -> 0.67798303 | U60: =(F60)*24/(J60/60)/17000 -> 0.99266785 | V60: =(G60)*24/(K60/60)/17000 -> 0.59822032 | W60: =(12636-(M60-457))/12636 -> 0.80626781
B61: TARGETS | J61: 524 | P61: 0.011 | S61: 0.6 | V61: 0.74 | W61: 0.95
C62: Montly Budget | D62: 83990 | E62: April balance | G62: =D62-G60 -> 11580 | H62: % Bottled | I62: =G60/D62 -> 0.86212644 | J62: 0
C63: YTD Budget | D63: =March_17!D63+April_17!D62 -> 342410 | E63: YTD Cases | G63: =March_17!G63+April_17!G60 -> 329196 | H63: DAYS LEFT | I63: 0 | K63: 0
C65: Category | D65: Product | E65: Cases | F65: Fill Time | G65: BBT Hls | H65: Bott Hls | I65: Loss | J65: B. Efficiency | P65: YTD Loss (1.1%) | Q65: YTD Efficiency @ 15k | R65: YTD Utilization @ 15k | S65: YTD Utilization @ 17k | T65: YTD Efficiency @ 15,000 | V65: YTD Efficiency @ 17,000 | Y65: BOTTLE TYPE | Z65: Daily Rejection | AA65: MTD Rejection | AB65: YTD Rejection
C66: 1 | D66: Lagers | E66: =SUM(G4,G6,G7,G11,G12,G13,G14,G17,G18,G19:G20,G21,G27) -> 44882 | F66: =SUM(K4,K5,K7,K11,K12,K14,K16,K18,K19,K21,K27) -> 6053 | G66: =SUM(F4,F6,F7,F11,F12,F14,F17,F18,F19:F20,F21,F27) -> 3055.1 | H66: =SUM(H4,H6,H7,H11,H12,H14,H17,H18,H19:H20,H21,H27) -> 3034.032 | I66: =(G66-H66)/G66 -> 0.00689601 | J66: =(E66+G5+G10+G16)*24/(F66/60)/17000 -> 0.70045733 | P66: =T80 -> 0.0088023471 | R66: =((January_17!$Q$60*January_17!$G$60)+(February_17!$R$60*February_17!$G$60)+(March_17!$R$60*March_17!$G$60)+(April_17!$R$60*April_17!$G$60))/($G$63) -> 0.76538959 | S66: =((January_17!$R$60*January_17!G60)+(February_17!$S$60*February_17!$G$60)+(March_17!$S$60*March_17!$G$60)+(April_17!$S$60*April_17!$G$60))/($G$63) -> 0.67717174 | T66: =T79 -> 0.73895331 | V66: =V79 -> 0.65201762 | Y66: CDC Amber | AA66: =[5]Apr_2017!F85 -> 0.049408588 | AB66: =[5]YearToDate!F5 -> 0.05750807
C67: 2 | D67: Stouts | E67: =SUM(G15,G16,G24,G25,G26) -> 13153 | F67: =SUM(K15,K16,K23,K25,K26) -> 2880 | G67: =SUM(F15,F16,F24,F25,F26) -> 875.8 | H67: =SUM(H15,H16,H24,H25,H26) -> 868.098 | I67: =(G67-H67)/G67 -> 0.0087942453 | J67: =(E67+G17+G23)*24/(F67/60)/17000 -> 0.52708824 | Y67: CDC Flint | AA67: =[5]Apr_2017!F86 -> 0.16100065 | AB67: =[5]YearToDate!F6 -> 0.074495145
C68: 3 | D68: Ale | I68: =(G68-H68)/G68 -> #DIV/0! | Y68: CDC Green | Z68: =[5]Apr_2017!$F$27 -> 0.045858914 | AA68: =[5]Apr_2017!F87 -> 0.078058102 | AB68: =[5]YearToDate!F7 -> 0.052359215
C69: 4 | D69: Malts | E69: =SUM(G8,G9,G10,G22,G23) -> 12597 | F69: =SUM(K8,K9,K10,K22,K23) -> 2545 | G69: =SUM(F8,F9,F10,F22,F23) -> 916.1 | H69: =SUM(H8,H9,H10,H22,H23) -> 899.4672 | I69: =(G69-H69)/G69 -> 0.018156096 | J69: =(E69+G10+G11+G24)*24/(F69/60)/17000 -> 0.59054478 | Y69: Guinness | AA69: =[5]Apr_2017!F88 -> 0.076902543 | AB69: =[5]YearToDate!F8 -> 0.054903171
C70: 5 | D70: SH/GS/TN | E70: =SUM(G5) -> 1778 | F70: =SUM(K5) -> 594 | G70: =SUM(F5) -> 118.8 | H70: =SUM(H5) -> 117.348 | I70: =(G70-H70)/G70 -> 0.012222222 | J70: =(E70+G6)*24/(F70/60)/17000 -> 0.67935829 | Y70: Vita Malt | AA70: =[5]Apr_2017!F89 -> 0.06464782 | AB70: =[5]YearToDate!F9 -> 0.076171674
C71: 6 | D71: Juicy Cool | I71: =(G71-H71)/G71 -> #DIV/0! | Y71: Juicy Cool | AA71: =[5]Apr_2017!F90 -> #DIV/0! | AB71: =[5]YearToDate!F10 -> 0.045790074
D72: Total | E72: =SUM(E66:E71) -> 72410 | F72: =K60 -> 10253 | G72: =SUM(G66:G71) -> 4965.8 | H72: =SUM(H66:H71) -> 4918.9452 | I72: =((G72)-(H72))/(G72) -> 0.0094354988 | J72: =E72*24/(F72/60)/17000 -> 0.59822032 | Y72: TOTAL | AA72: =[5]Apr_2017!$F$92 -> 0.069734567 | AB72: =[5]YearToDate!$F$12 -> 0.057449686
P79: =G63 -> 329196 | R79: =SUM(January_17!K60,February_17!K60,March_17!K60:K60,April_17!K60) -> 42767 | T79: =(P79)*24/(R79/60)/15000 -> 0.73895331 | V79: =(P79)*24/(R79/60)/17000 -> 0.65201762
P80: =SUM(January_17!F60,February_17!F60,March_17!F60,April_17!F60) -> 22566.037 | R80: =SUM(January_17!H60,February_17!H60,March_17!H60,April_17!H60) -> 22367.403 | T80: =(P80-R80)/P80 -> 0.0088023471
L65464: 4

Sheet May_17
B2: Daily Bottling Hall Summary 2017
B3: Date | C3: Product Bottled | D3: Planned Production Cases | E3: Filler Start Time | F3: BBT Hls | G3: Cases bottled | H3: Bott Hls | I3: No.of Rejects | J3: Cases Per hour (524) | K3: Fill Time Mins | L3: Fill Time for Utilization | M3: Packer End Time | N3: Down Time Mins | O3: Change Over % (1.1) | P3: Cases on hold | Q3: Bottling Loss (1.1%) | R3: Reworks Cases | S3: GBL Plant Utilization @ 15,000 | T3: GBL Plant Utilization @ 17,000 | U3: Line Rated Efficiency (74%) @15,000 | V3: Line Rated Efficiency (15000 74%) | W3: Line Rated Efficiency (74%) @17,000 | X3: Plant Availability (95%) | Y3: Comments | AF3: 15000 | AG3: 17000
B4: =[3]May_2017!$B8 -> 42857 | C4: =[3]May_2017!$D8 -> CARIB (AMBER) | D4: 3500 | E4: 0.46875 | F4: =SUM([3]May_2017!$J8) -> 258.2 | G4: =SUM([3]May_2017!$F8) -> 3727 | H4: =SUM([3]May_2017!$K8) -> 256.242 | I4: =SUM([3]May_2017!$N8) -> 16.2 | J4: =SUM([3]May_2017!$Q8) -> 362.43112 | K4: =SUM([3]May_2017!$E8) -> 617 | L4: 412 | M4: 0.78472222 | N4: =SUM([3]May_2017!$M8) -> 253 | Q4: =SUM([3]May_2017!$P8) -> 0.75832688 | S4: =($G4)/(($K4/60)*AF$3*(1/24)) -> 0.57988979 | T4: =($G4)/(($K4/60)*AG$3*(1/24)) -> 0.51166746 | U4: =(G4)*24/(K4/60)/15000 -> 0.57988979 | V4: =(H4+H7)*24/(N4/60)/15000 -> 0.18453628 | W4: =(G4)*24/(K4/60)/17000 -> 0.51166746 | X4: =(704-(N4))/704 -> 0.640625 | Y4: 205 mins late start due to discharge conveyer on filler being unable to start;14 mins packer stopped to tighten fingers; 7 mins downtime low level in filling bowl; 2 mins crown stuck in chute; 2 mins labeller making adjustments; 5 mins packer making adjustments, 3 mins accumulation table in front packer filled; and 3 mins downtime switching pallet packer.
B5: =[3]May_2017!$B9 -> 42858 | C5: =[3]May_2017!$D9 -> CARIB (AMBER) | D5: 4400 | E5: 0.32430556 | F5: =SUM([3]May_2017!$J9) -> 305.6 | G5: =SUM([3]May_2017!$F9) -> 4486 | H5: =SUM([3]May_2017!$K9) -> 304.816 | I5: =SUM([3]May_2017!$N9) -> 16 | J5: =SUM([3]May_2017!$Q9) -> 505.152 | K5: =SUM([3]May_2017!$E9) -> 625 | M5: 0.78958333 | N5: =SUM([3]May_2017!$M9) -> 49 | Q5: =SUM([3]May_2017!$P9) -> 0.2565445 | S5: =($G5+G6)/(($K5/60)*AF$3*(1/24)) -> 0.8082432 | T5: =($G5+G6)/(($K5/60)*AG$3*(1/24)) -> 0.71315576 | U5: =(G5+G6)*24/(K5/60)/15000 -> 0.8082432 | W5: =(G5+G6)*24/(K5/60)/17000 -> 0.71315576 | X5: =(719-(N5+N6))/719 -> 0.91098748 | Y5: 8 mins downtime due to bad product change over (bowl level drop); 3 mins downtime making adjustments to uncaser; 3 mins downtime bottle jam EBI infeedline;6 mins downtime crowner self flushing; 3 mins crown stuck in chute; 2 mins downtime bottle jam ex-pasteurizer line; 2 mins downtime due to packer operater waiting on crates from conveyer; 2 mins downtime changing pallet packer
C6: =[3]May_2017!$D10 -> STAG | F6: =SUM([3]May_2017!$J10) -> 51.4 | G6: =SUM([3]May_2017!$F10) -> 776 | H6: =SUM([3]May_2017!$K10) -> 51.216 | I6: =SUM([3]May_2017!$N10) -> 4 | N6: =SUM([3]May_2017!$M10) -> 15 | O6: =[4]May!$I$10/K5 -> 0.024 | Q6: =SUM([3]May_2017!$P10) -> 0.35797665
B7: =[3]May_2017!$B11 -> 42859 | C7: =[3]May_2017!$D11 -> STAG | D7: 3500 | E7: 0.35138889 | F7: =SUM([3]May_2017!$J11) -> 231.8 | G7: =SUM([3]May_2017!$F11) -> 3443 | H7: =SUM([3]May_2017!$K11) -> 230.088 | I7: =SUM([3]May_2017!$N11) -> 14 | J7: =SUM([3]May_2017!$Q11) -> 493.95122 | K7: =SUM([3]May_2017!$E11) -> 615 | M7: 0.78194444 | N7: =SUM([3]May_2017!$M11) -> 71 | Q7: =SUM([3]May_2017!$P11) -> 0.73856773 | S7: =($G7+G8)/(($K7/60)*AF$3*(1/24)) -> 0.79032195 | T7: =($G7+G8)/(($K7/60)*AG$3*(1/24)) -> 0.6973429 | U7: =(G7+G8)*24/(K7/60)/15000 -> 0.79032195 | W7: =(G7+G8)*24/(K7/60)/17000 -> 0.6973429 | X7: =(706-(N7+N8))/706 -> 0.82577904 | Y7: 36 mins downtime due to replacing packing on pump four on washer; 2 mins crown stuck in chute; 2 mins crowner self flushing; 2 mins bottle jam pasteurizer infeedline; 3 mins downtime bottle jam ex-pasteurizer; 4 mins making adjustments to packer; 5 mins downtime stop to replace finger on packer;and 3 mins downtime switching pallet packer
C8: =[3]May_2017!$D12 -> GINSENG | D8: 1500 | F8: =SUM([3]May_2017!$J12) -> 108 | G8: =SUM([3]May_2017!$F12) -> 1620 | H8: =SUM([3]May_2017!$K12) -> 106.92 | I8: =SUM([3]May_2017!$N12) -> 7 | N8: =SUM([3]May_2017!$M12) -> 52 | O8: =[4]May!$I$12/K7 -> 0.07804878 | Q8: =SUM([3]May_2017!$P12) -> 1 | Y8: 3 mins downtime due to insufficient crown in hopper
B9: 42860 | C9: =[3]May_2017!$D13 -> MAXIMALT | D9: 4200 | E9: 0.32430556 | F9: =SUM([3]May_2017!$J13) -> 301.3 | G9: =SUM([3]May_2017!$F13) -> 4510 | H9: =SUM([3]May_2017!$K13) -> 297.66 | I9: =SUM([3]May_2017!$N13) -> 39 | J9: =SUM([3]May_2017!$Q13) -> 504.85075 | K9: =SUM([3]May_2017!$E13) -> 536 | M9: 0.72777778 | N9: =SUM([3]May_2017!$M13) -> 60 | Q9: =SUM([3]May_2017!$P13) -> 1.2080982 | S9: =($G9)/(($K9/60)*AF$3*(1/24)) -> 0.80776119 | T9: =($G9)/(($K9/60)*AG$3*(1/24)) -> 0.71273047 | U9: =(G9)*24/(K9/60)/15000 -> 0.80776119 | W9: =(G9)*24/(K9/60)/17000 -> 0.71273047 | X9: =(623-(N9))/623 -> 0.90369181 | Y9: 38 mins downtime due to low air pressure on filler; 4 mins downtime making adjustments to Labeller; 3 mins making adjustments to EBI ; 3 mins bottle jam ex- pasteurizer line; 2 mins downtime due to fallen bottles that jam ex- filler line; 2 mins downtime due to bad product change over (bowl level drop); 2 mins downtime crowner self flushing; and 2mins air dryer fault on filler
B10: 42863 | C10: =[3]May_2017!$D14 -> J Cool (SODA WATER) | D10: 300 | E10: 0.35763889 | F10: =SUM([3]May_2017!$J14) -> 23.779 | G10: =SUM([3]May_2017!$F14) -> 301 | H10: =SUM([3]May_2017!$K14) -> 23.779 | I10: =SUM([3]May_2017!$N14) -> 3.3 | J10: =SUM([3]May_2017!$Q14) -> 331.35135 | K10: =SUM([3]May_2017!$E14) -> 666 | M10: 0.81805556 | N10: =SUM([3]May_2017!$M14) -> 62 | Q10: =SUM([3]May_2017!$P14) -> 0 | S10: =($G10+G11+G12+G13)/(($K10/60)*AF$3*(1/24)) -> 0.53016216 | T10: =($G10+G11+G12+G13)/(($K10/60)*AG$3*(1/24)) -> 0.46779014 | U10: =(G10+G11+G12+G13)*24/(K10/60)/15000 -> 0.53016216 | W10: =(G10+G11+G12+G13)*24/(K10/60)/17000 -> 0.46779014 | X10: =(751-(N10+N11+N12+N13))/751 -> 0.6804261 | Y10: 45 mins late start due to EBI and filler discharge line chip ( filler got white screen between Kola champagne to cream soda); 9 mins low level in carbo cooler; and 8 mins downtime stop making adjustments to labeller
C11: =[3]May_2017!$D15 -> J Cool (KOLA) | D11: 1200 | F11: =SUM([3]May_2017!$J15) -> 94.92 | G11: =SUM([3]May_2017!$F15) -> 1148 | H11: =SUM([3]May_2017!$K15) -> 90.692 | I11: =SUM([3]May_2017!$N15) -> 3.6333333 | N11: =SUM([3]May_2017!$M15) -> 49 | O11: =[4]May!$I$15/K10 -> 0.036036036 | Q11: =SUM([3]May_2017!$P15) -> 4.4542773 | Y11: 14 mins low water pressure on line in the soft drink plant; and 9 mins downtime low Co2 in soft drink plant
C12: =[3]May_2017!$D16 -> J Cool (Cream) | D12: 1200 | F12: =SUM([3]May_2017!$J16) -> 90.4 | G12: =SUM([3]May_2017!$F16) -> 1130 | H12: =SUM([3]May_2017!$K16) -> 89.27 | I12: =SUM([3]May_2017!$N16) -> 2.8 | N12: =SUM([3]May_2017!$M16) -> 67 | O12: =[4]May!$I$16/K10 -> 0.097597598 | Q12: =SUM([3]May_2017!$P16) -> 1.25 | Y12: 2 mins downtime making adjustments to packer
C13: =[3]May_2017!$D17 -> J Cool (GRAPE) | D13: 1200 | F13: =SUM([3]May_2017!$J17) -> 90.4 | G13: =SUM([3]May_2017!$F17) -> 1099 | H13: =SUM([3]May_2017!$K17) -> 86.821 | I13: =SUM([3]May_2017!$N17) -> 20.3 | N13: =SUM([3]May_2017!$M17) -> 62 | O13: =[4]May!$I$17/K10 -> 0.052552553 | Q13: =SUM([3]May_2017!$P17) -> 3.9590708 | Y13: 11 mins downtime making adjustments to videojet; 7 mins downtime low air pressure on filler; 3 mins low water pressure on line;3 mins downtime labeller addressing missing labels; and 2 downtime crowner self flushing
B14: 42864 | C14: =[3]May_2017!$D18 -> STAG | D14: 4900 | E14: 0.33263889 | F14: =SUM([3]May_2017!$J18) -> 321.9 | G14: =SUM([3]May_2017!$F18) -> 4799 | H14: =SUM([3]May_2017!$K18) -> 320.534 | I14: =SUM([3]May_2017!$N18) -> 30 | J14: =SUM([3]May_2017!$Q18) -> 457.77424 | K14: =SUM([3]May_2017!$E18) -> 629 | M14: 0.79166667 | N14: =SUM([3]May_2017!$M18) -> 125 | Q14: =SUM([3]May_2017!$P18) -> 0.42435539 | S14: =($G14)/(($K14/60)*AF$3*(1/24)) -> 0.73243879 | T14: =($G14)/(($K14/60)*AG$3*(1/24)) -> 0.64626952 | U14: =(G14)*24/(K14/60)/15000 -> 0.73243879 | W14: =(G14)*24/(K14/60)/17000 -> 0.64626952 | X14: =(716-(N14))/716 -> 0.82541899 | Y14: 99 mins downtime due to low air pressure on filler(air dryer issue); 6 mins downtime replacing suction cup stem on packer; 5 mins downtime replacing finger on packer; 4 mins downtime low air pressure on uncaser; 3 mins labeller stop to replace sponge on griper; 2 mins replacing centering cup on packer; 2 mins downtime due to bowl level in filling bowl went low while switching BBTs; and 2 mins downtime crowner self flushing
B15: 42865 | C15: =[3]May_2017!$D19 -> STAG | D15: 4900 | E15: 0.37430556 | F15: =SUM([3]May_2017!$J19) -> 330.5 | G15: =SUM([3]May_2017!$F19) -> 5000 | H15: =SUM([3]May_2017!$K19) -> 330 | I15: =SUM([3]May_2017!$N19) -> 24.75 | J15: =SUM([3]May_2017!$Q19) -> 491.80328 | K15: =SUM([3]May_2017!$E19) -> 610 | M15: 0.78472222 | N15: =SUM([3]May_2017!$M19) -> 74 | P15: 17 | Q15: =SUM([3]May_2017!$P19) -> 0.15128593 | S15: =($G15)/(($K15/60)*AF$3*(1/24)) -> 0.78688525 | T15: =($G15)/(($K15/60)*AG$3*(1/24)) -> 0.69431051 | U15: =(G15)*24/(K15/60)/15000 -> 0.78688525 | W15: =(G15)*24/(K15/60)/17000 -> 0.69431051 | X15: =(705-(N15))/705 -> 0.89503546 | Y15: 25 mins downtime change over changing over from Export stag to local;19 mins downtime due to a breakdown on the sealer; 11 mins downtime due to glue pump cut off (labeller);10 mins downtime due to missing back labels; 4 mins downtime adjusting EBI sensor; and 2 mins labeller stopped due to label issues
B16: 42866 | C16: =[3]May_2017!$D20 -> CARIB (AMBER) | D16: 5325 | E16: 0.38194444 | F16: =SUM([3]May_2017!$J20) -> 342.4 | G16: =SUM([3]May_2017!$F20) -> 5049 | H16: =SUM([3]May_2017!$K20) -> 340.834 | I16: =SUM([3]May_2017!$N20) -> 11.75 | J16: =SUM([3]May_2017!$Q20) -> 493.38762 | K16: =SUM([3]May_2017!$E20) -> 614 | M16: 0.78819444 | N16: =SUM([3]May_2017!$M20) -> 128 | Q16: =SUM([3]May_2017!$P20) -> 0.45735981 | S16: =($G16)/(($K16/60)*AF$3*(1/24)) -> 0.7894202 | T16: =($G16)/(($K16/60)*AG$3*(1/24)) -> 0.69654723 | U16: =(G16)*24/(K16/60)/15000 -> 0.7894202 | W16: =(G16)*24/(K16/60)/17000 -> 0.69654723 | X16: =(915-(N16))/915 -> 0.86010929 | Y16: 80 mins downtime due to leak on the air dryer; 22 mins downtime EBI freeze up therefore the EBI was rebooted;10 mins downtime low air pressure on filler; 6 mins EBI Short bottle kicker unable to function; 4 mins downtime bottle jam ex- pasteurizer line; and 2 mins downtime crowns stuck in hopper
B17: 42867 | C17: =[3]May_2017!$D21 -> CARIB (AMBER) | D17: 4200 | E17: 0.325 | F17: =SUM([3]May_2017!$J21) -> 289.8 | G17: =SUM([3]May_2017!$F21) -> 4372 | H17: =SUM([3]May_2017!$K21) -> 288.552 | I17: =SUM([3]May_2017!$N21) -> 9.75 | J17: =SUM([3]May_2017!$Q21) -> 589.48315 | K17: =SUM([3]May_2017!$E21) -> 445 | M17: 0.66666667 | N17: =SUM([3]May_2017!$M21) -> 14 | Q17: =SUM([3]May_2017!$P21) -> 0.43064182 | S17: =($G17)/(($K17/60)*AF$3*(1/24)) -> 0.94317303 | T17: =($G17)/(($K17/60)*AG$3*(1/24)) -> 0.8322115 | U17: =(G17)*24/(K17/60)/15000 -> 0.94317303 | W17: =(G17)*24/(K17/60)/17000 -> 0.8322115 | X17: =(538-(N17))/538 -> 0.9739777 | Y17: 5 mins downtime due to faults on packer sensor; 2 mins downtime making adjustments to packer 2 mins downtime stop to put CO2 on line; and 2 mins downtime crowner self flushing
B18: 42870 | C18: =[3]May_2017!$D22 -> VITA MALT | D18: 3400 | E18: 0.34166667 | F18: =SUM([3]May_2017!$J22) -> 255.4 | G18: =SUM([3]May_2017!$F22) -> 3410 | H18: =SUM([3]May_2017!$K22) -> 253.704 | I18: =SUM([3]May_2017!$N22) -> 5.5 | J18: =SUM([3]May_2017!$Q22) -> 401.17647 | K18: =SUM([3]May_2017!$E22) -> 510 | M18: 0.70972222 | N18: =SUM([3]May_2017!$M22) -> 128 | Q18: =SUM([3]May_2017!$P22) -> 0.66405638 | S18: =($G18)/(($K18/60)*AF$3*(1/24)) -> 0.64188235 | T18: =($G18)/(($K18/60)*AG$3*(1/24)) -> 0.56636678 | U18: =(G18)*24/(K18/60)/15000 -> 0.64188235 | W18: =(G18)*24/(K18/60)/17000 -> 0.56636678 | X18: =(604-(N18))/604 -> 0.78807947 | Y18: 44 mins downtime EBI unable to reset and filler bottle stop not responding due to a disconnected line on the filler.; 22 mins late start due to white screen on filler and caustic carryover on washer; 17 mins downtime caustic carry over on washer;12mins downtime to check crowner on filler;8 mins downtime glue pump on labeller cut off; 4 mins changing from promo to regular crowns; 3 mins downtime making adjustments to uncaser; 2 mins bottle jam ex-pasteurizer line;2 mins downtime labeller switching from promo to regular crowns; 2 mins downtime making adjustments to videojet; 2 mins air dryer fault on filler; and 2 mins crowner self flushing
B19: 42871 | C19: =[3]May_2017!$D23 -> STAG | D19: 5530 | E19: 0.32777778 | F19: =SUM([3]May_2017!$J23) -> 388.6 | G19: =SUM([3]May_2017!$F23) -> 5800 | H19: =SUM([3]May_2017!$K23) -> 388.5 | I19: =SUM([3]May_2017!$N23) -> 17 | J19: =SUM([3]May_2017!$Q23) -> 568.62745 | K19: =SUM([3]May_2017!$E23) -> 612 | M19: 0.78125 | N19: =SUM([3]May_2017!$M23) -> 39 | Q19: =SUM([3]May_2017!$P23) -> 0.025733402 | S19: =($G19)/(($K19/60)*AF$3*(1/24)) -> 0.90980392 | T19: =($G19)/(($K19/60)*AG$3*(1/24)) -> 0.80276817 | U19: =(G19)*24/(K19/60)/15000 -> 0.90980392 | W19: =(G19)*24/(K19/60)/17000 -> 0.80276817 | X19: =(703-(N19))/703 -> 0.94452347 | Y19: 12 mins downtime cleaning fobber; 5 mins downtime crown stuck in chute;4 mins bottle jam ex-pasteurizer line; 3 mins downtime labeller changing from export to local;3 mins downtime making adjustments to packer; 3 mins changing pallet packer; 2 mins packer stopped; 2 mins making ajustments to Labeller; and 2 mins crowner self flushing
B20: 42872 | C20: =[3]May_2017!$D24 -> CARIB (FLINT) | D20: 3200 | E20: 0.32361111 | F20: =SUM([3]May_2017!$J24) -> 351.2 | G20: =SUM([3]May_2017!$F24) -> 2583 | H20: =SUM([3]May_2017!$K24) -> 349 | I20: =SUM([3]May_2017!$N24) -> 15.16 | J20: =SUM([3]May_2017!$Q24) -> 487.80488 | K20: =SUM([3]May_2017!$E24) -> 615 | M20: 0.78680556 | N20: =SUM([3]May_2017!$M24) -> 104 | Q20: =SUM([3]May_2017!$P24) -> 0.62642369 | S20: =($G20+G21)/(($K20/60)*AF$3*(1/24)) -> 0.7804878 | T20: =($G20+G21)/(($K20/60)*AG$3*(1/24)) -> 0.68866571 | U20: =(G20+G21)*24/(K20/60)/15000 -> 0.7804878 | W20: =(G20+G21)*24/(K20/60)/17000 -> 0.68866571 | X20: =(708-(N20))/708 -> 0.85310734 | Y20: 13 mins adjusting gripper cylinder on labeller; 11 mins making adjustments to the sealer ;10 mins downtime making adjustments to packer;12 mins changing soft box to crates; 9 mins downtime uncaser malfuntioning; 6 mins downtime due to low pressure on fobber line; 6 mins low water pressure on washer; 5 mins stop to straighten fingers; 5 mins downtime making adjustments to the uncaser; 5 mins downtime due to isuues on the sealer; 4 mins downtime making adjustments to the labeller; 3 mins downtime changing from flint to amber; 2 mins crown stuck in hopper; 2 mins downtime packer accumulation table filled; 2 mins bottle jam pasteurizer; 2 mins bottle jam ex- labeller; and 2 mins bottle jame ex- pasteurizer
C21: =[3]May_2017!$D25 -> CARIB (AMBER) | D21: 1425 | G21: =SUM([3]May_2017!$F25) -> 2417
B22: 42873 | C22: =[3]May_2017!$D26 -> CARIB (FLINT) | D22: =D20-G20 -> 617 | E22: 0.32986111 | F22: =SUM([3]May_2017!$J26) -> 143.6 | G22: =SUM([3]May_2017!$F26) -> 451 | H22: =SUM([3]May_2017!$K26) -> 143.22 | I22: =SUM([3]May_2017!$N26) -> 22 | J22: =SUM([3]May_2017!$Q26) -> 484.51718 | K22: =SUM([3]May_2017!$E26) -> 611 | M22: 0.77777778 | N22: =SUM([3]May_2017!$M26) -> 40 | Q22: =SUM([3]May_2017!$P26) -> 0.26462396 | S22: =($G22+G23+G24)/(($K22/60)*AF$3*(1/24)) -> 0.7752275 | T22: =($G22+G23+G24)/(($K22/60)*AG$3*(1/24)) -> 0.68402426 | U22: =(G22+G23+G24)*24/(K22/60)/15000 -> 0.7752275 | W22: =(G22+G23+G24)*24/(K22/60)/17000 -> 0.68402426 | X22: =(694-(N22+N24))/694 -> 0.83717579 | Y22: 14 mins downtime due to low CO2 on filler ; 6 mins switching from flint to amber; 5 mins downtime due to low fobber pressure;5 mins downtime setting up videojet;3 mins downtime packer stopped to adjust fingers; 2 mins downtime pasteurizer backup fallen bottles jam sensor; and 2 mins downtime labeller seperating flint from amber
C23: =[3]May_2017!$D27 -> CARIB (AMBER) | D23: 2000 | G23: =SUM([3]May_2017!$F27) -> 1719 | O23: =[4]May!$I$25/K22 -> 0.0098199673
C24: =[3]May_2017!$D28 -> GUINNESS | D24: 4200 | F24: =SUM([3]May_2017!$J28) -> 183.3 | G24: =SUM([3]May_2017!$F28) -> 2764 | H24: =SUM([3]May_2017!$K28) -> 182.424 | I24: =SUM([3]May_2017!$N28) -> 7 | N24: =SUM([3]May_2017!$M28) -> 73 | O24: =[4]May!$I$26/K22 -> 0.039279869 | Q24: =SUM([3]May_2017!$P28) -> 0.47790507 | Y24: 21 mins downtime making adjustments to the Labeller; 8 mins downtime due to a malfunction of the Hydrualics on the pasteurizer; 5 mins downtime labeller changing over and preparing to label; 4 mins packer stop inorder to change centering cup; 2 mins downtime pasteurizer infeed line backing up; 2 mins downtime bottle jam behind ex-pasteurizer; 2 mins making adjustments to the packer; and 2 mins downtime accumulation table infront packer full
B25: 42874 | C25: =[3]May_2017!$D29 -> GUINNESS | E25: 0.32291667 | F25: =SUM([3]May_2017!$J29) -> 91.2 | G25: =SUM([3]May_2017!$F29) -> 1369 | H25: =SUM([3]May_2017!$K29) -> 90.354 | I25: =SUM([3]May_2017!$N29) -> 6 | J25: =SUM([3]May_2017!$Q29) -> 510.18634 | K25: =SUM([3]May_2017!$E29) -> 161 | M25: 0.46875 | N25: =SUM([3]May_2017!$M29) -> 25 | Q25: =SUM([3]May_2017!$P29) -> 0.92763158 | S25: =($G25)/(($K25/60)*AF$3*(1/24)) -> 0.81629814 | T25: =($G25)/(($K25/60)*AG$3*(1/24)) -> 0.72026306 | U25: =(G25)*24/(K25/60)/15000 -> 0.81629814 | W25: =(G25)*24/(K25/60)/17000 -> 0.72026306 | X25: =(261-(N25))/261 -> 0.90421456 | Y25: 9 mins downtime because of a low PU; 5 mins downtime due to low pressure on fobber line; 2 mins downtime preparing to label after low PU; 2 mins stop to tighten bolts on starwheel; 2 mins stop to put CO2 on line; and 2 mins downtime accumulation table infront packer full
B26: 42881 | C26: =[3]May_2017!$D30 -> STAG | D26: 4200 | E26: 0.33333333 | F26: =SUM([3]May_2017!$J30) -> 207.7 | G26: =SUM([3]May_2017!$F30) -> 3055 | H26: =SUM([3]May_2017!$K30) -> 205.43 | I26: =SUM([3]May_2017!$N30) -> 18.25 | J26: =SUM([3]May_2017!$Q30) -> 319.33798 | K26: =SUM([3]May_2017!$E30) -> 574 | M26: 0.76180556 | N26: =SUM([3]May_2017!$M30) -> 217 | Q26: =SUM([3]May_2017!$P30) -> 1.0929225 | S26: =($G26)/(($K26/60)*AF$3*(1/24)) -> 0.51094077 | T26: =($G26)/(($K26/60)*AG$3*(1/24)) -> 0.45083009 | U26: =(G26)*24/(K26/60)/15000 -> 0.51094077 | W26: =(G26)*24/(K26/60)/17000 -> 0.45083009 | X26: =(743-(N26))/743 -> 0.70794078 | Y26: 196 mins downtime due to a malfunction on the hydrualic and pasteurizer; 5 mins downtime due to a stop to do crimp test; 4 mins downtime due to air dryer fault on filler; 3 mins stuck crown in chute; 3 mins downtime due to making adjustments to the labeller; 2 mins crown stuck in hopper; and 2 minsdowntime due to stuck crown in bin ontop crowner
B27: 42884 | C27: =[3]May_2017!$D31 -> STAG | D27: 4900 | E27: 0.38402778 | F27: =SUM([3]May_2017!$J31) -> 135.1 | G27: =SUM([3]May_2017!$F31) -> 2021 | H27: =SUM([3]May_2017!$K31) -> 133.386 | I27: =SUM([3]May_2017!$N31) -> 25 | J27: =SUM([3]May_2017!$Q31) -> 194.016 | K27: =SUM([3]May_2017!$E31) -> 625 | M27: 0.78819444 | N27: =SUM([3]May_2017!$M31) -> 393 | Q27: =SUM([3]May_2017!$P31) -> 1.2686899 | S27: =($G27)/(($K27/60)*AF$3*(1/24)) -> 0.3104256 | T27: =($G27)/(($K27/60)*AG$3*(1/24)) -> 0.27390494 | U27: =(G27)*24/(K27/60)/15000 -> 0.3104256 | W27: =(G27)*24/(K27/60)/17000 -> 0.27390494 | X27: =(678-(N27))/678 -> 0.42035398 | Y27: 319 mins downtime due to a malfuntioning on the EBI; 57 mins issue on washer load table; 10 mins due to space in washer, waiting on bottles; and 5 mins downtime due to a stop to adjust vibrator in bin on crowner
B28: 42885 | C28: =[3]May_2017!$D32 -> STAG | D28: 5600 | E28: 0.32013889 | F28: =SUM([3]May_2017!$J32) -> 418.2 | G28: =SUM([3]May_2017!$F32) -> 6181 | H28: =SUM([3]May_2017!$K32) -> 417.446 | I28: =SUM([3]May_2017!$N32) -> 24 | J28: =SUM([3]May_2017!$Q32) -> 488.6166 | K28: =SUM([3]May_2017!$E32) -> 759 | M28: 0.875 | N28: =SUM([3]May_2017!$M32) -> 41 | P28: =[3]May_2017!$H$32 -> 420 | Q28: =SUM([3]May_2017!$P32) -> 0.18029651 | S28: =($G28)/(($K28/60)*AF$3*(1/24)) -> 0.78178656 | T28: =($G28)/(($K28/60)*AG$3*(1/24)) -> 0.68981167 | U28: =(G28)*24/(K28/60)/15000 -> 0.78178656 | W28: =(G28)*24/(K28/60)/17000 -> 0.68981167 | X28: =(842-(N28))/842 -> 0.95130641 | Y28: 10 mins downtime making adjustments to Videojet ; 9 mins downtime due to air dryer fault on filler; 8 mins downtime due to stuck crowns in chute; 6 mins downtime due to jam bottles on filler infeed worm; 3 mins making adjustments to the EBI; 2 mins downtime hopper plate closed in; and 2 mins downtime stop to put Co2 on line
B29: 42886 | C29: =[3]May_2017!$D33 -> CARIB | D29: 2800 | E29: 0.33680556 | F29: =SUM([3]May_2017!$J33) -> 190.8 | G29: =SUM([3]May_2017!$F33) -> 2591 | H29: =SUM([3]May_2017!$K33) -> 190.006 | I29: =SUM([3]May_2017!$N33) -> 9.73 | J29: =SUM([3]May_2017!$Q33) -> 478.95238 | K29: =SUM([3]May_2017!$E33) -> 630 | M29: 0.60069444 | N29: =SUM([3]May_2017!$M33) -> 21 | Q29: =SUM([3]May_2017!$P33) -> 0.41614256 | S29: =($G29+G30)/(($K29/60)*AF$3*(1/24)) -> 0.76632381 | T29: =($G29+G30)/(($K29/60)*AG$3*(1/24)) -> 0.67616807 | U29: =(G29+G30)*24/(K29/60)/15000 -> 0.76632381 | W29: =(G29+G30)*24/(K29/60)/17000 -> 0.67616807 | X29: =(731-(N29+N30))/731 -> 0.94664843 | Y29: 12 mins downtime to adjust video jet; 3 mins downtime due to air dryer fault on filler;and 2 mins downtime EBI rejection table filled
C30: =[3]May_2017!$D34 -> STAG | D30: 2743 | E30: 0.57569444 | F30: =SUM([3]May_2017!$J34) -> 161.9 | G30: =SUM([3]May_2017!$F34) -> 2438 | H30: =SUM([3]May_2017!$K34) -> 160.908 | I30: =SUM([3]May_2017!$N34) -> 11 | M30: 0.79236111 | N30: =SUM([3]May_2017!$M34) -> 18 | O30: =[4]May!$I$32/K29 -> 0.015873016 | Q30: =SUM([3]May_2017!$P34) -> 0.6127239 | Y30: 3 mins downtime due to air dryer fault on filler; and 2 mins downtime due to stuck crowns in chute
B60: MTD | D60: =SUM(D4:D58) -> 80940 | E60: =AVERAGE(E4:E58) -> 0.35979532 | F60: =SUM(F4:F59) -> 5367.399 | G60: =SUM(G4:G58) -> 78259 | H60: =SUM(H4:H59) -> 5331.802 | I60: =SUM(I4:I58) -> 363.12333 | J60: =G60/(K60/60) -> 449.16204 | K60: =SUM(K4:K58) -> 10454 | L60: =SUM(L4:L58) -> 412 | M60: =AVERAGE(M4:M59) -> 0.75135234 | N60: =SUM(N4:N58) -> 2180 | O60: =[4]May!$I$54/K60 -> 0.024775206 | P60: =SUM(P4:P59) -> 437 | Q60: =(F60-H60)/F60 -> 0.0066320764 | R60: =SUM(R4:R58) -> 0 | S60: =((S4*($G$4))+(S5*($G$5+$G$6))+(S7*($G$7+$G$8))+(S9*($G$9))+(S10*($G$10+$G$11+$G$12+$G$13))+(S14*($G$14))+(S15*($G$15))+(S16*($G$16))+(S17*($G$17))+(S18*($G$18))+(S19*($G$19))+(S20*($G$20+$G$21))+(S22*($G$22+$G$23+$G$24))+(S25*($G$25))+(S26*($G$26))+(S27*($G$27))+(S28*($G$28))+(S29*(G29+G30)))/($G$60) -> 0.75074131 | T60: =((T4*($G$4))+(T5*($G$5+$G$6))+(T7*($G$7+$G$8))+(T9*($G$9))+(T10*($G$10+$G$11+$G$12+$G$13))+(T14*($G$14))+(T15*($G$15))+(T16*($G$16))+(T17*($G$17))+(T18*($G$18))+(T19*($G$19))+(T20*($G$20+$G$21))+(T22*($G$22+$G$23+$G$24))+(T25*($G$25))+(T26*($G$26))+(T27*($G$27))+(T28*($G$28))+(T29*(G29+G30)))/($G$60) -> 0.6624188 | U60: =(G60)*24/(K60/60)/15000 -> 0.71865927 | V60: =(F60)*24/(J60/60)/17000 -> 1.0122188 | W60: =(G60)*24/(K60/60)/17000 -> 0.63411112 | X60: =(12141-(N60-313))/12141 -> 0.84622354
B61: TARGETS | J61: 524 | Q61: 0.011 | T61: 0.6 | W61: 0.74 | X61: 0.95
C62: Montly Budget | D62: 69300 | E62: May balance | G62: =D62-G60 -> -8959 | H62: % Bottled | I62: =G60/D62 -> 1.1292785 | J62: 0
C63: YTD Budget | D63: =April_17!D63+May_17!D62 -> 411710 | E63: YTD Cases | G63: =April_17!G63+May_17!G60 -> 407455 | H63: DAYS LEFT | I63: 0 | K63: 0
C65: Category | D65: Product | E65: Cases | F65: Fill Time | G65: BBT Hls | H65: Bott Hls | I65: Loss | J65: B. Efficiency | Q65: YTD Loss (1.1%) | R65: YTD Efficiency @ 15k | S65: YTD Utilization @ 15k | T65: YTD Utilization @ 17k | U65: YTD Efficiency @ 15,000 | W65: YTD Efficiency @ 17,000 | Z65: BOTTLE TYPE | AA65: Daily Rejection | AB65: MTD Rejection | AC65: YTD Rejection
C66: 1 | D66: Lagers | E66: =SUM(G4,G5,G6,G7,G14,G15,G16,G17,G19,G20,G21,G22,G23,G26,G27,G28,G29:G30) -> 60908 | F66: =SUM(K4,K5,K7,K14,K15,K16,K17,K19,K20,K22,K26,K27,K28,K29:K30) -> 8581 | G66: =SUM(F4,F5,F6,F7,F14,F15,F16,F17,F19,F20,F22,F26,F27,F28,F29:F30) -> 4128.7 | H66: =SUM(H4,H5,H6,H7,H14,H15,H16,H17,H19,H20,H22,H26,H27,H28,H29:H30) -> 4110.178 | I66: =(G66-H66)/G66 -> 0.0044861579 | J66: =(E66+G8+G24)*24/(F66/60)/17000 -> 0.64451888 | Q66: =U80 -> 0.0083853304 | S66: =((January_17!$Q$60*January_17!$G$60)+(February_17!$R$60*February_17!$G$60)+(March_17!$R$60*March_17!$G$60)+(April_17!$R$60*April_17!$G$60)+(May_17!$S$60*May_17!$G$60))/($G$63) -> 0.76257613 | T66: =((January_17!$R$60*January_17!G60)+(February_17!$S$60*February_17!$G$60)+(March_17!$S$60*March_17!$G$60)+(April_17!$S$60*April_17!$G$60)+(May_17!T60*May_17!$G$60))/($G$63) -> 0.67433818 | U66: =U79 -> 0.73496702 | W66: =W79 -> 0.64850032 | Z66: CDC Amber | AA66: =[5]May_2017!$F$29 -> 0.051478409 | AB66: =[5]May_2017!F85 -> 0.043371614 | AC66: =[5]YearToDate!F5 -> 0.05750807
C67: 2 | D67: Stouts | E67: =SUM(G24,G25) -> 4133 | F67: =SUM(K22,K25) -> 772 | G67: =SUM(F24,F25) -> 274.5 | H67: =SUM(H24,H25) -> 272.778 | I67: =(G67-H67)/G67 -> 0.006273224 | J67: =(E67+G22+G23)*24/(F67/60)/17000 -> 0.69158183 | Z67: CDC Flint | AB67: =[5]May_2017!F86 -> 0.036376372 | AC67: =[5]YearToDate!F6 -> 0.074495145
C68: 3 | D68: Ale | I68: =(G68-H68)/G68 -> #DIV/0! | Z68: CDC Green | AA68: =[5]May_2017!$F$30 -> 0.054076929 | AB68: =[5]May_2017!F87 -> 0.054994873 | AC68: =[5]YearToDate!F7 -> 0.052359215
C69: 4 | D69: Malts | E69: =SUM(G9,G18) -> 7920 | F69: =SUM(K9,K18) -> 1046 | G69: =SUM(F9,F18) -> 556.7 | H69: =SUM(H9,H18) -> 551.364 | I69: =(G69-H69)/G69 -> 0.0095850548 | J69: =(E69)*24/(F69/60)/17000 -> 0.64136768 | Z69: Guinness | AB69: =[5]May_2017!F88 -> 0.023803757 | AC69: =[5]YearToDate!F8 -> 0.054903171
C70: 5 | D70: SH/GS/TN | E70: =SUM(G8) -> 1620 | F70: =SUM(K7) -> 615 | G70: =SUM(F8) -> 108 | H70: =SUM(H8) -> 106.92 | I70: =(G70-H70)/G70 -> 0.01 | J70: =(E70+G7)*24/(F70/60)/17000 -> 0.6973429 | Z70: Vita Malt | AB70: =[5]May_2017!F89 -> 0.045620816 | AC70: =[5]YearToDate!F9 -> 0.076171674
C71: 6 | D71: Juicy Cool | E71: =SUM(G10:G13) -> 3678 | F71: =SUM(K10) -> 666 | G71: =SUM(F10:F13) -> 299.499 | H71: =SUM(H10:H13) -> 290.562 | I71: =(G71-H71)/G71 -> 0.029839833 | J71: =(E71)*24/(F71/60)/17000 -> 0.46779014 | Z71: Juicy Cool | AB71: =[5]May_2017!F90 -> 0.012005611 | AC71: =[5]YearToDate!F10 -> 0.045790074
D72: Total | E72: =SUM(E66:E71) -> 78259 | F72: =K60 -> 10454 | G72: =SUM(G66:G71) -> 5367.399 | H72: =SUM(H66:H71) -> 5331.802 | I72: =((G72)-(H72))/(G72) -> 0.0066320764 | J72: =E72*24/(F72/60)/17000 -> 0.63411112 | Z72: TOTAL | AB72: =[5]May_2017!$F$92 -> 0.045821621 | AC72: =[5]YearToDate!$F$12 -> 0.057449686
Q79: =G63 -> 407455 | S79: =SUM(January_17!K60,February_17!K60,March_17!K60:K60,April_17!K60,May_17!K60) -> 53221 | U79: =(Q79)*24/(S79/60)/15000 -> 0.73496702 | W79: =(Q79)*24/(S79/60)/17000 -> 0.64850032
Q80: =SUM(January_17!F60,February_17!F60,March_17!F60,April_17!F60,May_17!F60) -> 27933.436 | S80: =SUM(January_17!H60,February_17!H60,March_17!H60,April_17!H60,May_17!H60) -> 27699.205 | U80: =(Q80-S80)/Q80 -> 0.0083853304
M65464: 4

Sheet June_17 
B2: Daily Bottling Hall Summary 2017
B3: Date | C3: Product Bottled | D3: Planned Production Cases | E3: Filler Start Time | F3: BBT Hls | G3: Cases bottled | H3: Bott Hls | I3: No.of Rejects | J3: Cases Per hour (524) | K3: Fill Time Mins | L3: Fill Time for Utilization | M3: Packer End Time | N3: Down Time Mins | O3: Change Over % (1.1) | P3: Cases on hold | Q3: Bottling Loss (1.1%) | R3: Reworks Cases | S3: GBL Plant Utilization @ 15,000 | T3: GBL Plant Utilization @ 17,000 | U3: Line Rated Efficiency (74%) @15,000 | V3: Line Rated Efficiency (15000 74%) | W3: Line Rated Efficiency (74%) @17,000 | X3: Plant Availability (95%) | Y3: Comments | AF3: 15000 | AG3: 17000
B4: =[3]June_2017!$B8 -> 42887 | C4: =[3]June_2017!$D8 -> CARIB (AMBER) | D4: 4625 | E4: 0.32916667 | F4: =[3]June_2017!$J8 -> 345.7 | G4: =[3]June_2017!$F8 -> 5198 | H4: =[3]June_2017!$K8 -> 343.068 | I4: =[3]June_2017!$N8 -> 28.75 | J4: =[3]June_2017!$Q8 -> 494.26307 | K4: =[3]June_2017!$E8 -> 631 | L4: 412 | M4: 0.79375 | N4: =[3]June_2017!$M8 -> 46 | Q4: =[3]June_2017!$P8 -> 0.76135377 | S4: =($G4)/(($K4/60)*AF$3*(1/24)) -> 0.79082092 | T4: =($G4)/(($K4/60)*AG$3*(1/24)) -> 0.69778316 | U4: =(G4)*24/(K4/60)/15000 -> 0.79082092 | V4: =(H4+H7)*24/(N4/60)/15000 -> 0.91527652 | W4: =(G4)*24/(K4/60)/17000 -> 0.69778316 | X4: =(724-(N4))/724 -> 0.93646409 | Y4: 38 mins downtime making adjustments to the videojet; 4 mins downtime due to low air pressure on the filler; and 3 mins downtime due to stuck crowns in chute
B5: =[3]June_2017!$B9 -> 42888 | C5: =[3]June_2017!$D9 -> CARIB (AMBER) | D5: =2800/2 -> 1400 | E5: 0.32361111 | F5: =[3]June_2017!$J9 -> 59 | G5: =[3]June_2017!$F9 -> 871 | H5: =[3]June_2017!$K9 -> 57.486 | I5: =[3]June_2017!$N9 -> 8 | J5: =[3]June_2017!$Q9 -> 106.65306 | K5: =[3]June_2017!$E9 -> 490 | L5: 413 | M5: 0.43194444 | N5: =[3]June_2017!$M9 -> 388 | Q5: =[3]June_2017!$P9 -> 2.5661017 | S5: =($G5)/(($K5/60)*AF$3*(1/24)) -> 0.1706449 | T5: =($G5)/(($K5/60)*AG$3*(1/24)) -> 0.15056903 | U5: =(G5)*24/(K5/60)/15000 -> 0.1706449 | V5: =(H5+H8)*24/(N5/60)/15000 -> 0.072439423 | W5: =(G5)*24/(K5/60)/17000 -> 0.15056903 | X5: =(666-(N5))/666 -> 0.41741742 | Y5: 383 mins downtime due to malfunctioning of the side wall 2 on the EBI; 2 mins downtime due to low Co2; and 2 mins downtime due to stuck crowns in chute
B6: 42892 | C6: =[3]June_2017!$D10 -> SHANDY LIME | D6: 1800 | E6: 0.59722222 | F6: =[3]June_2017!$J10 -> 48 | G6: =[3]June_2017!$F10 -> 701 | H6: =[3]June_2017!$K10 -> 46.266 | I6: =[3]June_2017!$N10 -> 9.42 | J6: =[3]June_2017!$Q10 -> 76.472727 | K6: =[3]June_2017!$E10 -> 550 | L6: 414 | M6: 0.69791667 | N6: =[3]June_2017!$M10 -> 400 | Q6: =[3]June_2017!$P10 -> 3.6125 | S6: =($G6)/(($K6/60)*AF$3*(1/24)) -> 0.12235636 | T6: =($G6)/(($K6/60)*AG$3*(1/24)) -> 0.1079615 | U6: =(G6)*24/(K6/60)/15000 -> 0.12235636 | V6: =(H6+H9)*24/(N6/60)/15000 -> 0.032868 | W6: =(G6)*24/(K6/60)/17000 -> 0.1079615 | X6: =(720-(N6))/720 -> 0.44444444 | Y6: 390 mins downtime due to issues on the EBI during start up; and 8 mins downtime due to frequent malfunction on the converter sorter crowner
B7: 42893 | C7: =[3]June_2017!$D11 -> CARIB (AMBER) | D7: 1400 | E7: 0.36111111 | F7: =[3]June_2017!$J11 -> 96.8 | G7: =[3]June_2017!$F11 -> 1447 | H7: =[3]June_2017!$K11 -> 95.502 | I7: =[3]June_2017!$N11 -> 16.25 | J7: =[3]June_2017!$Q11 -> 481.152 | K7: =[3]June_2017!$E11 -> 625 | L7: 415 | M7: 0.84027778 | N7: =[3]June_2017!$M11 -> 65 | Q7: =[3]June_2017!$P11 -> 1.3409091 | S7: =($G7+G8)/(($K7/60)*AF$3*(1/24)) -> 0.7698432 | T7: =($G7+G8)/(($K7/60)*AG$3*(1/24)) -> 0.67927341 | U7: =(G7+G8)*24/(K7/60)/15000 -> 0.7698432 | V7: =(H7+H10)*24/(N7/60)/15000 -> 0.38220702 | W7: =(G7+G8)*24/(K7/60)/17000 -> 0.67927341 | X7: =(778-(N7+N8))/778 -> 0.7377892 | Y7: 50 mins late start due to issues on th EBI; 47 mins downtime due to the unavailability of the PLC communication on the EBI; 8 mins downtime BBT bowl level went low; 4 mins downtime due to frequent malfunction of the converter sorter crowner; 2 mins air dryer fault on filler; and 2 mins low CO2 on the filler
C8: =[3]June_2017!$D12 -> GUINNESS | D8: 4900 | F8: =[3]June_2017!$J12 -> 237.1 | G8: =[3]June_2017!$F12 -> 3565 | H8: =[3]June_2017!$K12 -> 235.29 | I8: =[3]June_2017!$N12 -> 25.75 | L8: 416 | N8: =[3]June_2017!$M12 -> 139 | O8: =SUM([4]Jun!$I$12)/K7 -> 0.0368 | Q8: =[3]June_2017!$P12 -> 0.76339097 | V8: =(H8+H11)*24/(N8/60)/15000 -> 0.29350722 | Y8: 25 mins downtime making adjustments to the packer; 12 mins downtime due to caustic carryover on washer; 11 mins downtime due to a drop in the pressure on the BBT; 9 mins downtime making adjustments to the labeller; 4 mins downtime due to jam bottles on the ex- filler line and ex- pasterizer line; 3 mins downtime due to stuck crowns in chute;and 2 mins air dryer fault on filler
B9: 42894 | C9: =[3]June_2017!$D13 -> GUINNESS | E9: 0.32986111 | F9: =[3]June_2017!$J13 -> 91.3 | G9: =[3]June_2017!$F13 -> 1374 | H9: =[3]June_2017!$K13 -> 90.684 | I9: =[3]June_2017!$N13 -> 7.75 | J9: =[3]June_2017!$Q13 -> 338.53372 | K9: =[3]June_2017!$E13 -> 682 | M9: 0.83333333 | N9: =[3]June_2017!$M13 -> 19 | Q9: =[3]June_2017!$P13 -> 0.6746988 | S9: =($G9+G10)/(($K9/60)*AF$3*(1/24)) -> 0.54165396 | T9: =($G9+G10)/(($K9/60)*AG$3*(1/24)) -> 0.47792996 | U9: =(G9+G10)*24/(K9/60)/15000 -> 0.54165396 | V9: =(H9+H12)*24/(N9/60)/15000 -> 0.80532884 | W9: =(G9+G10)*24/(K9/60)/17000 -> 0.47792996 | X9: =(770-(N9+N10))/770 -> 0.75324675 | Y9: 13 mins downtime making adjustments to the packer; 4 mins downtime air dryer fault on filler;and 2 mins due to stuck crowns on filler
C10: =[3]June_2017!$D14 -> MACKESON | D10: 2800 | F10: =[3]June_2017!$J14 -> 165 | G10: =[3]June_2017!$F14 -> 2474 | H10: =[3]June_2017!$K14 -> 163.284 | I10: =[3]June_2017!$N14 -> 12 | N10: =[3]June_2017!$M14 -> 171 | O10: =SUM([4]Jun!$I$14)/K9 -> 0.18475073 | Q10: =[3]June_2017!$P14 -> 1.04 | V10: =(H10+H13)*24/(N10/60)/15000 -> 0.26655663 | Y10: 11 mins downtime due to low CO2 on the filler ; 10 mins downtime due to low air pressure on filler ; 9 mins downtime due to a cut off on the Videojet ; 8 mins downtime addressing missing back labels; 3 mins downtime due to stuck crowns in chute; 2 mins downtime due to crowner self flushing; and 2 mins making adjusments to the sealer
B11: 42895 | C11: =[3]June_2017!$D15 -> CARIB (AMBER) | D11: 2800 | E11: 0.33333333 | F11: =[3]June_2017!$J15 -> 192 | G11: =[3]June_2017!$F15 -> 2874 | H11: =[3]June_2017!$K15 -> 189.684 | I11: =[3]June_2017!$N15 -> 10.25 | J11: =[3]June_2017!$Q15 -> 427.79221 | K11: =[3]June_2017!$E15 -> 539 | M11: 0.73611111 | N11: =[3]June_2017!$M15 -> 21 | Q11: =[3]June_2017!$P15 -> 1.20625 | S11: =($G11+G12)/(($K11/60)*AF$3*(1/24)) -> 0.68446753 | T11: =($G11+G12)/(($K11/60)*AG$3*(1/24)) -> 0.60394194 | U11: =(G11+G12)*24/(K11/60)/15000 -> 0.68446753 | V11: =(H11+H14)*24/(N11/60)/15000 -> 2.1204206 | W11: =(G11+G12)*24/(K11/60)/17000 -> 0.60394194 | X11: =(638-(N11+N12))/638 -> 0.9184953 | Y11: 14 mins downtime making adjustments to the packer; and 5 mins downtime due to air dryer fault on filler
C12: =[3]June_2017!$D16 -> STAG | D12: 1400 | F12: =[3]June_2017!$J16 -> 69.4 | G12: =[3]June_2017!$F16 -> 969 | H12: =[3]June_2017!$K16 -> 68.704 | I12: =[3]June_2017!$N16 -> 2 | N12: =[3]June_2017!$M16 -> 31 | O12: =SUM([4]Jun!$I$16)/K11 -> 0.044526902 | Q12: =[3]June_2017!$P16 -> 1.0028818 | V12: =(H12+H15)*24/(N12/60)/15000 -> 0.33518865 | Y12: 4 mins downtime due to making adjustments to the labeller at start up
B13: 42898 | C13: =[3]June_2017!$D17 -> STAG | D13: 3500 | E13: 0.33333333 | F13: =[3]June_2017!$J17 -> 312.6 | G13: =[3]June_2017!$F17 -> 4720 | H13: =[3]June_2017!$K17 -> 311.52 | I13: =[3]June_2017!$N17 -> 18.75 | J13: =[3]June_2017!$Q17 -> 418.93491 | K13: =[3]June_2017!$E17 -> 676 | M13: 0.82083333 | N13: =[3]June_2017!$M17 -> 35 | Q13: =[3]June_2017!$P17 -> 0.34548944 | S13: =($G13)/(($K13/60)*AF$3*(1/24)) -> 0.67029586 | T13: =($G13)/(($K13/60)*AG$3*(1/24)) -> 0.59143752 | U13: =(G13)*24/(K13/60)/15000 -> 0.67029586 | V13: =(H13+H16)*24/(N13/60)/15000 -> 1.4797221 | W13: =(G13)*24/(K13/60)/17000 -> 0.59143752 | X13: =(753-(N13))/753 -> 0.95351926 | Y13: 10 mins late start due to the crate washer not powering up and the pallet jack could not be found; 6 mins downtime due to air dryer fault on the filler;5 mins downtime due to stuck crowns in chute; 3 mins bottle jam infeed worm on the filler;3 mins stop due to low PU; 2 mins downtime crowner self flushing; 2 mins removing bend crowns from crowner bin; and 2 mins low pressure on fobber
B14: 42899 | C14: =[3]June_2017!$D18 -> CARIB (AMBER) | D14: 4200 | E14: 0.32986111 | F14: =[3]June_2017!$J18 -> 275.6 | G14: =[3]June_2017!$F18 -> 3938 | H14: =[3]June_2017!$K18 -> 274.158 | I14: =[3]June_2017!$N18 -> 13.25 | J14: =[3]June_2017!$Q18 -> 452.94509 | K14: =[3]June_2017!$E18 -> 601 | M14: 0.77222222 | N14: =[3]June_2017!$M18 -> 29 | Q14: =[3]June_2017!$P18 -> 0.52322206 | S14: =($G14+G15)/(($K14/60)*AF$3*(1/24)) -> 0.72471215 | T14: =($G14+G15)/(($K14/60)*AG$3*(1/24)) -> 0.63945189 | U14: =(G14+G15)*24/(K14/60)/15000 -> 0.72471215 | V14: =(H14+H17)*24/(N14/60)/15000 -> 1.3224563 | W14: =(G14+G15)*24/(K14/60)/17000 -> 0.63945189 | X14: =(691-(N14+N15))/691 -> 0.92908828 | Y14: 15 mins downtime making adjustments to the packer; 5 mins bad product change over; and 5 mins downtime due to stuck crowns in chute
C15: =[3]June_2017!$D19 -> STAG | F15: =[3]June_2017!$J19 -> 40.2 | G15: =[3]June_2017!$F19 -> 599 | H15: =[3]June_2017!$K19 -> 39.534 | I15: =[3]June_2017!$N19 -> 2.75 | N15: =[3]June_2017!$M19 -> 20 | O15: =SUM([4]Jun!$I19)/K14 -> 0.023294509 | Q15: =[3]June_2017!$P19 -> 1.6567164 | Y15: 5 mins downtime making adjustments to the packer
B16: 42900 | C16: =[3]June_2017!$D20 -> STAG | D16: 4200 | E16: 0.32986111 | F16: =[3]June_2017!$J20 -> 229.8 | G16: =[3]June_2017!$F20 -> 3382 | H16: =[3]June_2017!$K20 -> 227.962 | I16: =[3]June_2017!$N20 -> 25 | J16: =[3]June_2017!$Q20 -> 327.29032 | K16: =[3]June_2017!$E20 -> 620 | M16: 0.7875 | N16: =[3]June_2017!$M20 -> 213 | Q16: =[3]June_2017!$P20 -> 0.79982594 | S16: =($G16)/(($K16/60)*AF$3*(1/24)) -> 0.52366452 | T16: =($G16)/(($K16/60)*AG$3*(1/24)) -> 0.46205693 | U16: =(G16)*24/(K16/60)/15000 -> 0.52366452 | V16: =(H16+H19)*24/(N16/60)/15000 -> 0.10708642 | W16: =(G16)*24/(K16/60)/17000 -> 0.46205693 | X16: =(753-(N16))/753 -> 0.71713147 | Y16: 141mins downtime on the EBI for reprogramming of the CDC Green bottle parameters and trigger. 23mins downtime due to a fault on the Filler crown stopper. 30mins Labeler downtime for adjustments to the magazine due to missing neck labels. 6mins for stuck crowns & 3mins air dryer fault.
B17: 42902 | C17: =[3]June_2017!$D21 -> STAG | D17: 1400 | E17: 0.32430556 | F17: =[3]June_2017!$J21 -> 126 | G17: =[3]June_2017!$F21 -> 1899 | H17: =[3]June_2017!$K21 -> 125.334 | I17: =[3]June_2017!$N21 -> 18.75 | J17: =[3]June_2017!$Q21 -> 450.61017 | K17: =[3]June_2017!$E21 -> 590 | M17: 0.77361111 | N17: =[3]June_2017!$M21 -> 23 | Q17: =[3]June_2017!$P21 -> 0.52857143 | S17: =($G17+G18)/(($K17/60)*AF$3*(1/24)) -> 0.72097627 | T17: =($G17+G18)/(($K17/60)*AG$3*(1/24)) -> 0.63615553 | U17: =(G17+G18)*24/(K17/60)/15000 -> 0.72097627 | V17: =(H17+H20)*24/(N17/60)/15000 -> 1.8082393 | W17: =(G17+G18)*24/(K17/60)/17000 -> 0.63615553 | X17: =(683-(N17+N18))/683 -> 0.8579795 | Y17: 8 mins making adjustments to the EBI; 5 mins bad product change over; ; 4 mins downtime crown stuck in chute; 2 mins low pressure on fobber line;and 2 mins adjusting centering cup on packer
C18: =[3]June_2017!$D22 -> MACKESON | D18: 2800 | F18: =[3]June_2017!$J22 -> 167.7 | G18: =[3]June_2017!$F22 -> 2532 | H18: =[3]June_2017!$K22 -> 167.112 | I18: =[3]June_2017!$N22 -> 8.25 | N18: =[3]June_2017!$M22 -> 74 | O18: =SUM([4]Jun!$I22)/K17 -> 0.038983051 | Q18: =[3]June_2017!$P22 -> 0.35062612 | Y18: 14 mins dowtime to adjust test bottles for EBI; 10 mins downtime making adjustments to the sealer; 8 mins downtime inorder to clean the roller on the sealer; 5 mins waiting on someone to close carton; 5 mins waiting on carton; 4 mins due to stuck crowns in chute; 2 mins air dryer fault on filler; and 2 mins crowner self flushing
B19: 42905 | C19: =[3]June_2017!$D23 -> CARIB (FLINT) | E19: 0.43472222 | F19: =[3]June_2017!$J23 -> 10.6 | G19: =[3]June_2017!$F23 -> 146 | H19: =[3]June_2017!$K23 -> 9.636 | I19: =[3]June_2017!$N23 -> 2 | J19: =[3]June_2017!$Q23 -> 37.276596 | K19: =[3]June_2017!$E23 -> 235 | M19: 0.48958333 | N19: =[3]June_2017!$M23 -> 471 | Q19: =[3]June_2017!$P23 -> 9.0943396 | S19: =($G19)/(($K19/60)*AF$3*(1/24)) -> 0.059642553 | T19: =($G19)/(($K19/60)*AG$3*(1/24)) -> 0.052625782 | U19: =(G19)*24/(K19/60)/15000 -> 0.059642553 | V19: =(H19+H22)*24/(N19/60)/15000 -> 0.052006318 | W19: =(G19)*24/(K19/60)/17000 -> 0.052625782 | X19: =(600-(N19))/600 -> 0.215 | Y19: 315mins downtime due to a Software malfunction on the EBI whereby parameter, settings & communication was not responding. 156mins Planned downtime due to General Staff meeting.
B20: 42906 | C20: =[3]June_2017!$D24 -> CARIB (AMBER) | D20: 4200 | E20: 0.57291667 | F20: =[3]June_2017!$J24 -> 308.9 | G20: =[3]June_2017!$F24 -> 4665 | H20: =[3]June_2017!$K24 -> 307.89 | I20: =[3]June_2017!$N24 -> 15.75 | J20: =[3]June_2017!$Q24 -> 307.92079 | K20: =[3]June_2017!$E24 -> 909 | M20: 0.99375 | N20: =[3]June_2017!$M24 -> 483 | Q20: =[3]June_2017!$P24 -> 0.32696666 | S20: =($G20)/(($K20/60)*AF$3*(1/24)) -> 0.49267327 | T20: =($G20)/(($K20/60)*AG$3*(1/24)) -> 0.43471171 | U20: =(G20)*24/(K20/60)/15000 -> 0.49267327 | V20: =(H20+H23)*24/(N20/60)/15000 -> 0.16089719 | W20: =(G20)*24/(K20/60)/17000 -> 0.43471171 | X20: =(621-(N20))/621 -> 0.22222222 | Y20: 355mins late start due to reprogramming of the EBI communication & parameters; 30 mins downtime due to electrical fault; 10 mis downtime changing labels; 9 mins downtime replacing damage finger on packer; 7 mins replacing finger on packer; 6 mins due to crowner self flushing; 5 mins backing up sensor fault; 4 mins due to stuck crowns on filler; 4 mins downtime fallen bottles block ex- pasteurizer line; 4 mins downtime bottle jam pasterizer line; 3 mins air dryer fault on filler; 3 mins changing packer centering cup; 2 mins making adjustments to packer; 2 mins due to a leakage on the packer centering cup; and 2 mins due to malfuntioning on the packer head sensor
B21: 42907 | C21: =[3]June_2017!$D25 -> CARIB (AMBER) | D21: 3500 | E21: 0.32291667 | F21: =[3]June_2017!$J25 -> 204.8 | G21: =[3]June_2017!$F25 -> 3102 | H21: =[3]June_2017!$K25 -> 204.732 | I21: =[3]June_2017!$N25 -> 14.25 | J21: =[3]June_2017!$Q25 -> 499.78022 | K21: =[3]June_2017!$E25 -> 819 | M21: 0.92986111 | N21: =[3]June_2017!$M25 -> 59 | Q21: =[3]June_2017!$P25 -> 0.033203125 | S21: =($G21+G22)/(($K21/60)*AF$3*(1/24)) -> 0.79964835 | T21: =($G21+G22)/(($K21/60)*AG$3*(1/24)) -> 0.70557207 | U21: =(G21+G22)*24/(K21/60)/15000 -> 0.79964835 | V21: =(H21+H24)*24/(N21/60)/15000 -> 0.94986305 | W21: =(G21+G22)*24/(K21/60)/17000 -> 0.70557207 | X21: =(912-(N21+N22))/912 -> 0.84868421 | Y21: 12 mins accumulation table was filled; 17 mins downtime due to PLC communication fault on packer ; 12 mins downtime waiting on maintainance technicians; 7 mins adjusting the packer; 4 mins waiting on pallet packer; 3 mins air dryer fault on filler; 2 mins crown stuck in chute; 2 mins bottle jam in infeed on filler
C22: =[3]June_2017!$D26 -> STARMALT | D22: 3500 | F22: =[3]June_2017!$J26 -> 248.9 | G22: =[3]June_2017!$F26 -> 3720 | H22: =[3]June_2017!$K26 -> 245.52 | I22: =[3]June_2017!$N26 -> 21.75 | N22: =[3]June_2017!$M26 -> 79 | O22: =SUM([4]Jun!$I26)/K21 -> 0.051282051 | Q22: =[3]June_2017!$P26 -> 1.3579751 | Y22: 6 mins making adjustments to the packer; 5 mins downtime due to crate washer infeed conveyer trip off ; 4 mins waiting on botles from the washer ;3 mins making adjustments to the videojet; 3 mins switching BBT; 3 mins accumulation table infront packer is filled; 2 mins hydraulics on pasteurizer malfunctioned; 2 mins low co2; 2 mins bottle jam ex- pasteurizer line; and 2 mins downtime to change centering cup stem
B23: 42908 | C23: =[3]June_2017!$D27 -> STAG | D23: 7800 | E23: 0.32638889 | F23: =[3]June_2017!$J27 -> 503.7 | G23: =[3]June_2017!$F27 -> 7514 | H23: =[3]June_2017!$K27 -> 501.624 | I23: =[3]June_2017!$N27 -> 57 | J23: =[3]June_2017!$Q27 -> 482.18182 | K23: =[3]June_2017!$E27 -> 935 | M23: 1.0104167 | N23: =[3]June_2017!$M27 -> 171 | Q23: =[3]June_2017!$P27 -> 0.41215009 | S23: =($G23)/(($K23/60)*AF$3*(1/24)) -> 0.77149091 | T23: =($G23)/(($K23/60)*AG$3*(1/24)) -> 0.68072727 | U23: =(G23)*24/(K23/60)/15000 -> 0.77149091 | V23: =(H23+H26)*24/(N23/60)/15000 -> 0.34760421 | W23: =(G23)*24/(K23/60)/17000 -> 0.68072727 | X23: =(1030-(N23))/1030 -> 0.83398058 | Y23: 34mins Packer downtime to adjust & change centering cups; 9mins addressing the issue of labels blocking a sensor on the Packer; & 6mins adjusting the shuffler assembly on the Packer. 21mins downtime for adjustments on the Labeler back station. 19mins downtime switching Packer from catons to crates. 15mins downtime due to the Videojet not printing. 10mins for stuck crowns; 8mins Filler Air dryer fault; 6mins low air on the Filler. 8mins low air pressure (entire plant)
B24: 42909 | C24: =[3]June_2017!$D28 -> GUINNESS | D24: 5600 | E24: 0.33263889 | F24: =[3]June_2017!$J28 -> 381.1 | G24: =[3]June_2017!$F28 -> 5743 | H24: =[3]June_2017!$K28 -> 379.038 | I24: =[3]June_2017!$N28 -> 21 | J24: =[3]June_2017!$Q28 -> 526.88073 | K24: =[3]June_2017!$E28 -> 654 | M24: 0.81597222 | N24: =[3]June_2017!$M28 -> 56 | Q24: =[3]June_2017!$P28 -> 0.54106534 | S24: =($G24)/(($K24/60)*AF$3*(1/24)) -> 0.84300917 | T24: =($G24)/(($K24/60)*AG$3*(1/24)) -> 0.74383162 | U24: =(G24)*24/(K24/60)/15000 -> 0.84300917 | V24: =(H24+H27)*24/(N24/60)/15000 -> 1.020888 | W24: =(G24)*24/(K24/60)/17000 -> 0.74383162 | X24: =(748-(N24))/748 -> 0.92513369 | Y24: 10mins caustic carry-over on the Washer. 14mins downtime for stuck crowns; 7mins for air dryer fault. 8mins adjusting the Videojet coder; & 5mins downtime for missing bottle labels.
B25: 42912 | C25: =[3]June_2017!$D29 -> CARIB (AMBER) | D25: 5525 | E25: 0.33333333 | F25: =[3]June_2017!$J29 -> 406.6 | G25: =[3]June_2017!$F29 -> 6131 | H25: =[3]June_2017!$K29 -> 404.646 | I25: =[3]June_2017!$N29 -> 17 | J25: =[3]June_2017!$Q29 -> 559.15194 | K25: =[3]June_2017!$E29 -> 849 | M25: 0.79305556 | N25: =[3]June_2017!$M29 -> 40 | Q25: =[3]June_2017!$P29 -> 0.48057059 | S25: =($G25+G26)/(($K25/60)*AF$3*(1/24)) -> 0.89464311 | T25: =($G25+G26)/(($K25/60)*AG$3*(1/24)) -> 0.78939098 | U25: =(G25+G26)*24/(K25/60)/15000 -> 0.89464311 | V25: =(H25+H28)*24/(N25/60)/15000 -> 1.463616 | W25: =(G25+G26)*24/(K25/60)/17000 -> 0.78939098 | X25: =(942-(N25+N26))/942 -> 0.88747346 | Y25: 5mins adjustment Filler infeed worm for jammed bottles; 4mins for stuck crowns;& 3mins Filler air dryer fault. 10mins downtime for Packer head adjustments; 10mins delay in product release; 4mins for falling/jammed bottles on conveyor line ex. Pasteurizer.
C26: =[3]June_2017!$D30 -> TING | D26: 1800 | F26: =[3]June_2017!$J30 -> 118.8 | G26: =[3]June_2017!$F30 -> 1781 | H26: =[3]June_2017!$K30 -> 117.546 | I26: =[3]June_2017!$N30 -> 13 | N26: =[3]June_2017!$M30 -> 66 | O26: =[4]Jun!$I30/K25 -> 0.06360424 | Q26: =[3]June_2017!$P30 -> 1.0555556 | Y26: 54mins Change-over downtime from Carib to Ting; 3mins for stuck crowns; 2mins adjusting the bottle-stop; 3mins for jammed bottles in the worm; & 1mins flushing the crowner.
B27: 42913 | C27: =[3]June_2017!$D31 -> CARIB (FLINT) | D27: 3300 | E27: 0.32638889 | F27: =[3]June_2017!$J31 -> 217.6 | G27: =[3]June_2017!$F31 -> 3280 | H27: =[3]June_2017!$K31 -> 216.48 | I27: =[3]June_2017!$N31 -> 21 | J27: =[3]June_2017!$Q31 -> 413.0819 | K27: =[3]June_2017!$E31 -> 928 | M27: 1.0597222 | N27: =[3]June_2017!$M31 -> 112 | Q27: =[3]June_2017!$P31 -> 0.51470588 | S27: =($G27+G28)/(($K27/60)*AF$3*(1/24)) -> 0.66093103 | T27: =($G27+G28)/(($K27/60)*AG$3*(1/24)) -> 0.58317444 | U27: =(G27+G28)*24/(K27/60)/15000 -> 0.66093103 | V27: =(H27+H30)*24/(N27/60)/15000 -> 0.26503714 | W27: =(G27+G28)*24/(K27/60)/17000 -> 0.58317444 | X27: =(1114-(N27+N28))/1114 -> 0.78096948 | Y27: 31mins making adjustments on the Sealer (tape adjustments, tape gum removal). 15min downtime to remove broken bottles from the Packer Shuffler; 22mins making adjustments to the Packer head; & 9mins changing the centering cups. 23mins Labeler downtime for missing labels caused by a missing spring on the gripper cylinder.
C28: =[3]June_2017!$D32 -> STAG | D28: 3500 | F28: =[3]June_2017!$J32 -> 206.9 | G28: =[3]June_2017!$F32 -> 3109 | H28: =[3]June_2017!$K32 -> 205.194 | I28: =[3]June_2017!$N32 -> 22 | N28: =[3]June_2017!$M32 -> 132 | O28: =[4]Jun!$I32/K27 -> 0.021551724 | Q28: =[3]June_2017!$P32 -> 0.82455292 | Y28: 63mins repairing the crown turner on the Filler; 5mins for stuck crowns. 26mins downtime changing the Packer head from cartons to crates. 20mins change-over downtime.
B29: 42914 | C29: =[3]June_2017!$D33 -> STAG | D29: 1400 | E29: 0.33055556 | F29: =[3]June_2017!$J33 -> 101.5 | G29: =[3]June_2017!$F33 -> 1512 | H29: =[3]June_2017!$K33 -> 99.792 | I29: =[3]June_2017!$N33 -> 8.5 | J29: =[3]June_2017!$Q33 -> 390.88636 | K29: =[3]June_2017!$E33 -> 880 | M29: 0.96388889 | N29: =[3]June_2017!$M33 -> 32 | Q29: =[3]June_2017!$P33 -> 1.6827586 | S29: =($G29+G30+G31+G32)/(($K29/60)*AF$3*(1/24)) -> 0.62541818 | T29: =($G29+G30+G31+G32)/(($K29/60)*AG$3*(1/24)) -> 0.55183957 | U29: =(G29+G30+G31+G32)*24/(K29/60)/15000 -> 0.62541818 | V29: =(H29+H32)*24/(N29/60)/15000 -> 0.605484 | W29: =(G29+G30+G31+G32)*24/(K29/60)/17000 -> 0.55183957 | X29: =(958-(N29+N30+N31+N32))/958 -> 0.71816284 | Y29: 10 mins downtime making adjustments to the packer; 8 mins downtime adjusting suction cup stem; 4 mins downtime due to jam bottles on the ex- pasteurizer line ; 2 mins adjusting packer infeed conveyer; 2 mins accumulation on packer table;
C30: =[3]June_2017!$D34 -> SHANDY GINGER | D30: 1400 | F30: =[3]June_2017!$J34 -> 95.4 | G30: =[3]June_2017!$F34 -> 1405 | H30: =[3]June_2017!$K34 -> 92.73 | I30: =[3]June_2017!$N34 -> 7 | N30: =[3]June_2017!$M34 -> 42 | O30: =[4]Jun!$I34/K29 -> 0.030681818 | Q30: =[3]June_2017!$P34 -> 2.7987421 | Y30: 3 mins downtime due to stuck crowns in chute; 3 mins downtime due to low CO2 on line; 3 mins making adjustments to the packer
C31: =[3]June_2017!$D35 -> SHANDY SORREL | D31: 1400 | F31: =[3]June_2017!$J35 -> 85.6 | G31: =[3]June_2017!$F35 -> 1270 | H31: =[3]June_2017!$K35 -> 83.82 | I31: =[3]June_2017!$N35 -> 18.75 | N31: =[3]June_2017!$M35 -> 101 | O31: =[4]Jun!$I$35/K29 -> 0.046590909 | Q31: =[3]June_2017!$P35 -> 2.0794393 | Y31: 34 mins downtime due to continuous base rejection on the EBI; 7 mins no pressure on BBT; 6 mins downtime due to a drop in temperature on the pasteurizer; 5 mins downtime air lock in beer line; 3 mins low CO2; 3 mins downtime due air dryer fault on filler; and 3 mins making adjustments to the packer (bottles broken inside units)
C32: =[3]June_2017!$D36 -> GINSENG | D32: 1400 | F32: =[3]June_2017!$J36 -> 104.6 | G32: =[3]June_2017!$F36 -> 1546 | H32: =[3]June_2017!$K36 -> 102.036 | I32: =[3]June_2017!$N36 -> 23 | N32: =[3]June_2017!$M36 -> 95 | O32: =[4]Jun!$I36/K29 -> 0.10795455 | Q32: =[3]June_2017!$P36 -> 2.4512428
B33: 42915 | C33: =[3]June_2017!$D37 -> CARIB | D33: 3500 | E33: 0.32916667 | F33: =[3]June_2017!$J37 -> 284.4 | G33: =[3]June_2017!$F37 -> 4079 | H33: =[3]June_2017!$K37 -> 282.704 | I33: =[3]June_2017!$N37 -> 9 | J33: =[3]June_2017!$Q37 -> 412.2488 | K33: =[3]June_2017!$E37 -> 836 | M33: 0.93611111 | N33: =[3]June_2017!$M37 -> 65 | Q33: =[3]June_2017!$P37 -> 0.59634318 | S33: =($G33+G34)/(($K33/60)*AF$3*(1/24)) -> 0.65959809 | T33: =($G33+G34)/(($K33/60)*AG$3*(1/24)) -> 0.58199831 | U33: =(G33+G34)*24/(K33/60)/15000 -> 0.65959809 | V33: =(H33+H36)*24/(N33/60)/15000 -> 0.41753206 | W33: =(G33+G34)*24/(K33/60)/17000 -> 0.58199831 | X33: =(911-(N33+N34))/911 -> 0.71130626 | Y33: 23 mins downtime due to a broken screw on crown transfer chute; 12 mins downtime replacing centering cup on packer; 7 mins downtime making adjustments to the packer; 4 mins making adjustments to the EBI; 4 mins downtime air dryer fault on filler; 3 mins downtime crown stuck in chute; 2 mins removing bend crowns from crowner bin
C34: =[3]June_2017!$D38 -> GINSENG APPLE | D34: 1400 | F34: =[3]June_2017!$J38 -> 110.7 | G34: =[3]June_2017!$F38 -> 1665 | H34: =[3]June_2017!$K38 -> 109.89 | I34: =[3]June_2017!$N38 -> 13 | N34: =[3]June_2017!$M38 -> 198 | O34: =[4]Jun!$I$38/K33 -> 0.059808612 | Q34: =[3]June_2017!$P38 -> 0.73170732 | Y34: 140 mins downtime making adjustment to the Ginseng apple; 5 mins low air pressure on the filler; and 2 mins crown stuck in hopper
B35: 42916 | C35: =[3]June_2017!$D39 -> MACKESON | D35: 5600 | E35: 0.32986111 | F35: =[3]June_2017!$J39 -> 388.2 | G35: =[3]June_2017!$F39 -> 5864 | H35: =[3]June_2017!$K39 -> 387.024 | I35: =[3]June_2017!$N39 -> 17 | J35: =[3]June_2017!$Q39 -> 406.28176 | K35: =[3]June_2017!$E39 -> 866 | M35: 0.96388889 | N35: =[3]June_2017!$M39 -> 241 | Q35: =[3]June_2017!$P39 -> 0.30293663 | S35: =($G35)/(($K35/60)*AF$3*(1/24)) -> 0.65005081 | T35: =($G35)/(($K35/60)*AG$3*(1/24)) -> 0.57357424 | U35: =(G35)*24/(K35/60)/15000 -> 0.65005081 | V35: =(H35+H38)*24/(N35/60)/15000 -> 0.15416724 | W35: =(G35)*24/(K35/60)/17000 -> 0.57357424 | X35: =(958-(N35))/958 -> 0.74843424 | Y35: 167 mins downtime due to a broken shaft for encoder under the filler; 17 mins making adjustments to the sealer; 15 mins downtime waiting on cartons while conveyor line to the Packer was being repaired; 10 mins addressing flagging label; 7 mins downtime due to back up of side wall 2; 6 mins backing up the sealer; 5 mins switching pallet packers; 5 mins downtime addressing missing neck labels and labels on sensor; 4 mins downtime crowner self flushing; 3 mins stop to adjust labeller worm; 2 mins air dryer fault on filler; and 2 mins due to jam broken bottles on ex-pasturizer
B60: MTD | D60: =SUM(D4:D58) -> 92050 | E60: =AVERAGE(E4:E58) -> 0.36152778 | F60: =SUM(F4:F59) -> 6234.5 | G60: =SUM(G4:G58) -> 93075 | H60: =SUM(H4:H59) -> 6185.89 | I60: =SUM(I4:I58) -> 507.92 | J60: =G60/(K60/60) -> 401.3295 | K60: =SUM(K4:K58) -> 13915 | L60: =SUM(L4:L58) -> 2070 | M60: =AVERAGE(M4:M59) -> 0.8221875 | N60: =SUM(N4:N58) -> 4117 | O60: =[4]Jun!$I$54/K60 -> 0.040100611 | P60: =SUM(P4:P59) -> 0 | Q60: =(F60-H60)/F60 -> 0.0077969364 | R60: =SUM(R4:R58) -> 0 | S60: =((S4*($G$4))+(S5*($G$5))+(S6*($G$6))+(S7*($G$7+$G$8))+(S9*($G$9+$G$10))+(S11*($G$11+$G$12))+(S13*($G$13))+(S14*($G$14+$G$15))+(S16*($G$16))+(S17*($G$17+$G$18))+(S19*($G$19))+(S20*($G$20))+(S21*($G$21+$G$22)+(S23*($G$23))+(S24*($G$24))+(S25*($G$25+$G$26))+(S27*($G$27+$G$28))+(S29*($G$29+$G$30+$G$31+$G$32))+(S33*($G$33+$G$34))+(S35*($G$35))))/($G$60) -> 0.70076393 | T60: =((T4*($G$4))+(T5*($G$5))+(T6*($G$6))+(T7*($G$7+$G$8))+(T9*($G$9+$G$10))+(T11*($G$11+$G$12))+(T13*($G$13))+(T14*($G$14+$G$15))+(T16*($G$16))+(T17*($G$17+$G$18))+(T19*($G$19))+(T20*($G$20))+(T21*($G$21+$G$22)+(T23*($G$23))+(T24*($G$24))+(T25*($G$25+$G$26))+(T27*($G$27+$G$28))+(T29*($G$29+$G$30+$G$31+$G$32))+(T33*($G$33+$G$34))+(T35*($G$35))))/($G$60) -> 0.61832112 | U60: =(G60)*24/(K60/60)/AF3 -> 0.6421272 | V60: =(F60)*24/(J60/60)/17000 -> 1.3158734 | W60: =(G60)*24/(K60/60)/AG3 -> 0.56658282 | X60: =(15929-(N60-962))/15929 -> 0.80193358
B61: TARGETS | J61: 524 | Q61: 0.011 | T61: 0.6 | W61: 0.74 | X61: 0.95
C62: Montly Budget | D62: 88110 | E62: June balance | G62: =D62-G60 -> -4965 | H62: % Bottled | I62: =G60/D62 -> 1.05635 | J62: 0
C63: YTD Budget | D63: =May_17!D63+'June_17 '!D62 -> 499820 | E63: YTD Cases | G63: =May_17!G63+'June_17 '!G60 -> 500530 | H63: DAYS LEFT | I63: 0 | K63: 0
C65: Category | D65: Product | E65: Cases | F65: Fill Time | G65: BBT Hls | H65: Bott Hls | I65: Loss | J65: B. Efficiency | Q65: YTD Loss (1.1%) | R65: YTD Efficiency @ 15k | S65: YTD Utilization @ 15k | T65: YTD Utilization @ 17k | U65: YTD Efficiency @ 15,000 | W65: YTD Efficiency @ 17,000 | X65: YTD Plant Availability@ 95% | Z65: BOTTLE TYPE | AA65: Daily Rejection | AB65: MTD Rejection | AC65: YTD Rejection
C66: 1 | D66: Lagers | E66: =SUM(G4,G5,G7,G11,G12,G13,G14,G15,G16,G17,G19,G20,G21,G23,G25,G27:G28,G29,G33) -> 59435 | F66: =SUM(K4,K5,K7,K11,K13,K14,K16,K17,K19,K20,K21,K23,K25,K27,K29,K33) -> 11163 | G66: =SUM(F4,F5,F7,F11,F12,F13,F14,F15,F16,F17,F19,F20,F21,F23,F25,F27:F28,F29,F33) -> 3992.1 | H66: =SUM(H4,H5,H7,H11,H12,H13,H14,H15,H16,H17,H19,H20,H21,H23,H25,H27:H28,H29,H33) -> 3965.65 | I66: =(G66-H66)/G66 -> 0.0066255855 | J66: =(E66+G8+G18+G22+G26+G30+G31+G32+G33)*24/(F66/60)/17000 -> 0.60198618 | Q66: =U80 -> 0.0082779683 | S66: =((January_17!$Q$60*January_17!$G$60)+(February_17!$R$60*February_17!$G$60)+(March_17!$R$60*March_17!$G$60)+(April_17!$R$60*April_17!$G$60)+(May_17!$S$60*May_17!$G$60)+('June_17 '!$S$60*'June_17 '!G$60))/($G$63) -> 0.75108197 | T66: =((January_17!$R$60*January_17!$G$60)+(February_17!$S$60*February_17!$G$60)+(March_17!$S$60*March_17!$G$60)+(April_17!$S$60*April_17!$G$60)+(May_17!T60*May_17!$G$60)+($T$60*$G$60))/($G$63) -> 0.66392164 | U66: =U79 -> 0.7157245 | W66: =W79 -> 0.63152162 | X66: =AVERAGE(January_17!U60,February_17!W60,March_17!W60,April_17!W60,May_17!X60,'June_17 '!X60) -> 0.84012178 | Z66: CDC Amber | AA66: =[5]June_2017!$F$33 -> 0.033528837 | AB66: =[5]June_2017!$F$85 -> 0.032218678 | AC66: =[5]YearToDate!F5 -> 0.05750807
C67: 2 | D67: Stouts | E67: =SUM(G8,G9,G10,G18,G24,G35) -> 21552 | F67: =SUM(K7,K9,K17,K24,K35) -> 3417 | G67: =SUM(F8,F9,F10,F18,F24,F35) -> 1430.4 | H67: =SUM(H8,H9,H10,H18,H24,H35) -> 1422.432 | I67: =(G67-H67)/G67 -> 0.0055704698 | J67: =(E67+G7+G17)*24/(F67/60)/17000 -> 0.61721014 | Z67: CDC Flint | AA67: =[5]June_2017!$F$34 -> 0.023138227 | AB67: =[5]June_2017!$F$86 -> 0.030485075 | AC67: =[5]YearToDate!F6 -> 0.074495145
C68: 3 | D68: Ale | I68: =(G68-H68)/G68 -> #DIV/0! | Z68: CDC Green | AB68: =[5]June_2017!$F$87 -> 0.022263703 | AC68: =[5]YearToDate!F7 -> 0.052359215
C69: 4 | D69: Malts | E69: =SUM(G22) -> 3720 | F69: =SUM(K21) -> 819 | G69: =SUM(F22) -> 248.9 | H69: =SUM(H22) -> 245.52 | I69: =(G69-H69)/G69 -> 0.013579751 | J69: =(E69+G21)*24/(F69/60)/17000 -> 0.70557207 | Z69: Guinness | AB69: =[5]June_2017!$F$88 -> 0.02414551 | AC69: =[5]YearToDate!F8 -> 0.054903171
C70: 5 | D70: SH/GS/TN | E70: =SUM(G6,G26,G30,G31,G32,G34) -> 8368 | F70: =SUM(K6,K25,K29,K33) -> 3115 | G70: =SUM(F6,F26,F30,F31,F32,F34) -> 563.1 | H70: =SUM(H6,H26,H30,H31,H32,H34) -> 552.288 | I70: =(G70-H70)/G70 -> 0.019200852 | J70: =(E70+G25+G29+G33)*24/(F70/60)/17000 -> 0.54630535 | Z70: Vita Malt | AB70: =[5]June_2017!$F$89 -> #DIV/0! | AC70: =[5]YearToDate!F9 -> 0.076171674
C71: 6 | D71: Juicy Cool | I71: =(G71-H71)/G71 -> #DIV/0! | Z71: Juicy Cool | AB71: =[5]June_2017!$F$90 -> #DIV/0! | AC71: =[5]YearToDate!F10 -> 0.045790074
D72: Total | E72: =SUM(E66:E71) -> 93075 | F72: =K60 -> 13915 | G72: =SUM(G66:G71) -> 6234.5 | H72: =SUM(H66:H71) -> 6185.89 | I72: =((G72)-(H72))/(G72) -> 0.0077969364 | J72: =E72*24/(F72/60)/17000 -> 0.56658282 | Z72: TOTAL | AB72: =[5]June_2017!$F$92 -> 0.028510747 | AC72: =[5]YearToDate!$F$12 -> 0.057449686
Q79: =G63 -> 500530 | S79: =SUM(January_17!K60,February_17!K60,March_17!K60:K60,April_17!K60,May_17!K60,'June_17 '!K60) -> 67136 | U79: =(Q79)*24/(S79/60)/15000 -> 0.7157245 | W79: =(Q79)*24/(S79/60)/17000 -> 0.63152162
Q80: =SUM(January_17!F60,February_17!F60,March_17!F60,April_17!F60,May_17!F60,'June_17 '!F60) -> 34167.936 | S80: =SUM(January_17!H60,February_17!H60,March_17!H60,April_17!H60,May_17!H60,'June_17 '!H60) -> 33885.095 | U80: =(Q80-S80)/Q80 -> 0.0082779683
M65464: 4

Sheet July_17
B2: Daily Bottling Hall Summary 2017
B3: Date | C3: Product Bottled | D3: Planned Production Cases | E3: Filler Start Time | F3: BBT Hls | G3: Cases bottled | H3: Bott Hls | I3: No.of Rejects | J3: Cases Per hour (524) | K3: Fill Time Mins | L3: Fill Time for Utilization | M3: Packer End Time | N3: Down Time Mins | O3: Change Over | P3: Cases on hold | Q3: Bottling Loss (1.1%) | R3: Reworks Cases | S3: GBL Plant Utilization @ 15,000 | T3: GBL Plant Utilization @ 17,000 | U3: Line Rated Efficiency (74%) @15,000 | V3: Line Rated Efficiency (74%) @17,000 | W3: Plant Availability (95%) | X3: Comments | AE3: 15000 | AF3: 17000
B4: =[3]July_2017!$B8 -> 42919 | C4: =[3]July_2017!$D8 -> VITAMALT | D4: 4000 | E4: 0.36111111 | F4: =SUM([3]July_2017!$J8) -> 296.5 | G4: =SUM([3]July_2017!$F8) -> 3949 | H4: =SUM([3]July_2017!$K8) -> 293.8056 | I4: =SUM([3]July_2017!$N8) -> 19 | J4: =SUM([3]July_2017!$Q8) -> 365.64815 | K4: =SUM([3]July_2017!$E8) -> 648 | L4: 412 | M4: 0.80347222 | N4: =SUM([3]July_2017!$M8) -> 166 | Q4: =SUM([3]July_2017!$P8) -> 0.90873524 | S4: =($G4)/(($K4/60)*AE$3*(1/24)) -> 0.58503704 | T4: =($G4)/(($K4/60)*AF$3*(1/24)) -> 0.51620915 | U4: =($G4)*24/($K4/60)/$AE$3 -> 0.58503704 | V4: =($G4)*24/($K4/60)/$AF$3 -> 0.51620915 | W4: =(722-(N4))/722 -> 0.7700831 | X4: 39 mins downtime due to caustic carryover on washer; 25 mins late start due to low caustic strength; 25 mins downtime due broken kidney on washer; 25 mins late start making adjustments to crowner to get the right crimp; 16 mins downtime restarting the filler due to a blank screen; 14 mins downtime due to low water pressure on washer line (empty); 5 mins for stuck crowns; 5 mins downtime PLC communication unavailable on EBI; 4 mins air dryer fault on filler; 3 mins downtime switching BBT's; and 2 mins downtime due to empty crowner bin
B5: =[3]July_2017!$B9 -> 42920 | C5: =[3]July_2017!$D9 -> GUINNESS | D5: 5600 | E5: 0.34027778 | F5: =SUM([3]July_2017!$J9) -> 361.3 | G5: =SUM([3]July_2017!$F9) -> 5451 | H5: =SUM([3]July_2017!$K9) -> 359.766 | I5: =SUM([3]July_2017!$N9) -> 43 | J5: =SUM([3]July_2017!$Q9) -> 529.2233 | K5: =SUM([3]July_2017!$E9) -> 618 | L5: 413 | M5: 0.78958333 | N5: =SUM([3]July_2017!$M9) -> 76 | Q5: =SUM([3]July_2017!$P9) -> 0.42457791 | S5: =($G5)/(($K5/60)*AE$3*(1/24)) -> 0.84675728 | T5: =($G5)/(($K5/60)*AF$3*(1/24)) -> 0.74713878 | U5: =($G5)*24/($K5/60)/$AE$3 -> 0.84675728 | V5: =($G5)*24/($K5/60)/$AF$3 -> 0.74713878 | W5: =(712-(N5))/712 -> 0.89325843 | X5: 20 mins late start waiting on bottles; 13 mins downtime due to low CO2 on the filler; 8 mins downtime due to a loose chain on the conveyer ( chain came of track); 7 mins downtime making adjustments to the labeller; 6 mins air dryer fault on filler; 5 mins downtime due to bad product change over (BBT went low); 4 mins downtime waiting on BBT in filtration to be changed over; 4 mins crowner self flushing;3 mins making adjustments to the packer; and 3 mins downtime due to stuck crowns in chute
B6: =[3]July_2017!$B10 -> 42921 | C6: =[3]July_2017!$D10 -> CARIB (AMBER) | D6: 5600 | E6: 0.36944444 | F6: =SUM([3]July_2017!$J10) -> 375.6 | G6: =SUM([3]July_2017!$F10) -> 5452 | H6: =SUM([3]July_2017!$K10) -> 372.182 | I6: =SUM([3]July_2017!$N10) -> 28 | J6: =SUM([3]July_2017!$Q10) -> 587.28905 | K6: =SUM([3]July_2017!$E10) -> 557 | L6: 414 | M6: 0.78819444 | N6: =SUM([3]July_2017!$M10) -> 111 | P6: =[3]July_2017!$H$10 -> 367 | Q6: =SUM([3]July_2017!$P10) -> 0.91001065 | S6: =($G6)/((($K6+62)/60)*AE$3*(1/24)) -> 0.84554443 | T6: =($G6)/((($K6+62)/60)*AF$3*(1/24)) -> 0.74606861 | U6: =($G6)*24/($K6/60)/$AE$3 -> 0.93966248 | V6: =($G6)*24/($K6/60)/$AF$3 -> 0.82911395 | W6: =(715-(N6))/715 -> 0.84475524 | X6: 62mins downtime to repair a steam leak on a gasket for the Pasteurizer steam line. 17mins downtime for Labeler start-up adjustments (alignment). 10mins downtime due to Filler air dryer fault; 7mins for stuck crowns. 7mins for low PU; & 6mins due to fallen/jammed bottles on conveyor line ex. Pasteurizer.
B7: =[3]July_2017!$B11 -> 42922 | C7: =[3]July_2017!$D11 -> STAG | D7: 5600 | E7: 0.57083333 | F7: =SUM([3]July_2017!$J11) -> 135.3 | G7: =SUM([3]July_2017!$F11) -> 2025 | H7: =SUM([3]July_2017!$K11) -> 133.65 | I7: =SUM([3]July_2017!$N11) -> 11 | J7: =SUM([3]July_2017!$Q11) -> 199.83553 | K7: =SUM([3]July_2017!$E11) -> 608 | L7: 415 | M7: 0.77777778 | N7: =SUM([3]July_2017!$M11) -> 376 | Q7: =SUM([3]July_2017!$P11) -> 1.2195122 | S7: =($G7)/(($K7/60)*AE$3*(1/24)) -> 0.31973684 | T7: =($G7)/(($K7/60)*AF$3*(1/24)) -> 0.28212074 | U7: =($G7)*24/($K7/60)/$AE$3 -> 0.31973684 | V7: =($G7)*24/($K7/60)/$AF$3 -> 0.28212074 | W7: =(696-(N7))/696 -> 0.45977011 | X7: 352 mins late start adjusting and repairing bottling chain on the washer ;7 mins making adjustments to the labeller; 5 mins downtime observing broken bottles infront washer; 4 mins downtime air lock on beer line (bowl level went low);2 mins downtime bottles jam ex-pasteurizer ; and 2 mins downtime due to bend crowns stuck in chute
B8: =[3]July_2017!$B12 -> 42923 | C8: =[3]July_2017!$D12 -> STAG | D8: 4200 | E8: 0.35763889 | F8: =SUM([3]July_2017!$J12) -> 255.8 | G8: =SUM([3]July_2017!$F12) -> 3694 | H8: =SUM([3]July_2017!$K12) -> 251.594 | I8: =SUM([3]July_2017!$N12) -> 45 | J8: =SUM([3]July_2017!$Q12) -> 390.89947 | K8: =SUM([3]July_2017!$E12) -> 567 | L8: 416 | M8: 0.75 | N8: =SUM([3]July_2017!$M12) -> 151 | P8: 2 | Q8: =SUM([3]July_2017!$P12) -> 1.6442533 | S8: =($G8)/(($K8/60)*AE$3*(1/24)) -> 0.62543915 | T8: =($G8)/(($K8/60)*AF$3*(1/24)) -> 0.55185808 | U8: =($G8)*24/($K8/60)/$AE$3 -> 0.62543915 | V8: =($G8)*24/($K8/60)/$AF$3 -> 0.55185808 | W8: =(655-(N8))/655 -> 0.76946565 | X8: 45 mins late start due to PLC communication fault on the EBI (unit had to be restarted); and scuffing and side wall1 was not resetting; 33 mins downtime making adjustments to the Labeller; 43 mins downtime due to broken kidney on the washer; 10 mins downtime due to block of the pocket (line empty); 6 mins due to bad product change over; 5 mins due to stuck crowns in chute; 2 mins downtime plate in hopper closed in; 2 mins air dryer fault on filler; 2 mins crowner self flushing; and 2 mins low CO2 on line
B9: =[3]July_2017!$B13 -> 42926 | C9: =[3]July_2017!$D13 -> STAG | D9: 5600 | E9: 0.34236111 | F9: =SUM([3]July_2017!$J13) -> 310.6 | G9: =SUM([3]July_2017!$F13) -> 4689 | H9: =SUM([3]July_2017!$K13) -> 309.474 | I9: =SUM([3]July_2017!$N13) -> 35.75 | J9: =SUM([3]July_2017!$Q13) -> 443.75394 | K9: =SUM([3]July_2017!$E13) -> 634 | L9: 417 | M9: 0.79236111 | N9: =SUM([3]July_2017!$M13) -> 159 | P9: =[3]July_2017!$H$13 -> 328 | Q9: =SUM([3]July_2017!$P13) -> 0.36252415 | S9: =($G9)/(($K9/60)*AE$3*(1/24)) -> 0.71000631 | T9: =($G9)/(($K9/60)*AF$3*(1/24)) -> 0.62647616 | U9: =($G9)*24/($K9/60)/$AE$3 -> 0.71000631 | V9: =($G9)*24/($K9/60)/$AF$3 -> 0.62647616 | W9: =(700-(N9))/700 -> 0.77285714 | X9: 38 mins making adjustments to the labeller; 16 mins downtime PLC communication on EBI unavailable; 15 mins due to a jam on the crowns conveyer;12 mins downtime due to jam bottles on the ex- pasteurizer line;11 mins downtime due to tripped conveyer at pasteurizer discharge;10 mins stop to put crowns in small bin; 8 mins downtime adressing missing labels; 6 mins downtime preparing labeller afer low PU; 5 mins downtime tightening the bolts on packerhead; 5 mins downtime crowner self flushing; 5 mins downtime crown stuck in crowner bin; 4 mins downtime due to a cutt off on the Videojet; 4 mins due to stuck crowns in chute; 4 mins downtime due to low PU; 4 mins downtime bend crowns stuck in transfer plate; 3 mins air dryer fault on filler; 2 mins due to full accumulation table; and 2 mins downtime due to a broken bolt on packer shuffler
B10: =[3]July_2017!$B14 -> 42927 | C10: =[3]July_2017!$D14 -> JCOOL (ORANGE) | D10: 1150 | E10: 0.35069444 | F10: =SUM([3]July_2017!$J14) -> 90.4 | G10: =SUM([3]July_2017!$F14) -> 1141 | H10: =SUM([3]July_2017!$K14) -> 90.139 | I10: =SUM([3]July_2017!$N14) -> 6.5 | J10: =SUM([3]July_2017!$Q14) -> 403.70149 | K10: =SUM([3]July_2017!$E14) -> 670 | L10: 418 | M10: 0.82222222 | N10: =SUM([3]July_2017!$M14) -> 72 | Q10: =SUM([3]July_2017!$P14) -> 0.28871681 | S10: =($G10+G11+G12+G13)/(($K10/60)*AE$3*(1/24)) -> 0.64592239 | T10: =($G10+G11+G12+G13)/(($K10/60)*AF$3*(1/24)) -> 0.56993152 | U10: =($G10+G11+G12+G13)*24/($K10/60)/$AE$3 -> 0.64592239 | V10: =($G10+G11+G12+G13)*24/($K10/60)/$AF$3 -> 0.56993152 | W10: =(757-(N10+N11+N12+N13))/757 -> 0.75825627 | X10: 20mins late start-up adjusting the height of the EBI;15 mins downtime making height adjustments on the crowner at start up; 12 mins due to low CO2 on the filler; 2 mins downtime due to a malfunction on the hyraulics on pasteurizer; and 2 mins bowl level went low
C11: =[3]July_2017!$D15 -> JCOOL (BANANA) | D11: 1150 | F11: =SUM([3]July_2017!$J15) -> 90.4 | G11: =SUM([3]July_2017!$F15) -> 1094 | H11: =SUM([3]July_2017!$K15) -> 86.426 | I11: =SUM([3]July_2017!$N15) -> 6.25 | L11: 419 | N11: =SUM([3]July_2017!$M15) -> 46 | O11: =[4]Jul!$I15 -> 25 | Q11: =SUM([3]July_2017!$P15) -> 4.3960177 | X11: 25mins change over. 12 mins due to low water pressure in soft drink plant; and 2 mins bowl level went low
C12: =[3]July_2017!$D16 -> JCOOL (GRAPE) | D12: 1150 | F12: =SUM([3]July_2017!$J16) -> 94.92 | G12: =SUM([3]July_2017!$F16) -> 1147 | H12: =SUM([3]July_2017!$K16) -> 90.613 | I12: =SUM([3]July_2017!$N16) -> 8 | L12: 420 | N12: =SUM([3]July_2017!$M16) -> 24 | O12: =[4]Jul!$I16 -> 20 | Q12: =SUM([3]July_2017!$P16) -> 4.5375053 | X12: 20mins change over
C13: =[3]July_2017!$D17 -> GINGER | D13: 1150 | F13: =SUM([3]July_2017!$J17) -> 90.4 | G13: =SUM([3]July_2017!$F17) -> 1126 | H13: =SUM([3]July_2017!$K17) -> 88.954 | I13: =SUM([3]July_2017!$N17) -> 3 | N13: =SUM([3]July_2017!$M17) -> 41 | O13: =[4]Jul!$I17 -> 33 | Q13: =SUM([3]July_2017!$P17) -> 1.5995575 | X13: 33mins changeover. 8 mins downtime low water pressure in carbo cooler
B14: =[3]July_2017!$B18 -> 42928 | C14: =[3]July_2017!$D18 -> STAG | D14: 4900 | E14: 0.33263889 | F14: =SUM([3]July_2017!$J18) -> 318.8 | G14: =SUM([3]July_2017!$F18) -> 4824 | H14: =SUM([3]July_2017!$K18) -> 318.384 | I14: =SUM([3]July_2017!$N18) -> 17 | J14: =SUM([3]July_2017!$Q18) -> 486.45378 | K14: =SUM([3]July_2017!$E18) -> 595 | L14: 417 | M14: 0.76666667 | N14: =SUM([3]July_2017!$M18) -> 106 | Q14: =SUM([3]July_2017!$P18) -> 0.13048934 | S14: =($G14)/(($K14/60)*AE$3*(1/24)) -> 0.77832605 | T14: =($G14)/(($K14/60)*AF$3*(1/24)) -> 0.68675828 | U14: =($G14)*24/($K14/60)/$AE$3 -> 0.77832605 | V14: =($G14)*24/($K14/60)/$AF$3 -> 0.68675828 | W14: =(668-(N14))/668 -> 0.84131737 | X14: 58 mins downtime adjusting uncaser conveyor rail; 9 mins late start changing over the filler( materials for JCool to Stag); 7 mins stop on the packer to change hose fitting 7 mins adjusting uncaser case stop; 5 mis downtime making adjustments to the uncaser; 5 mins downtime crowner self flushing; 3 mins delay on the conveyer (waiting on crates); 2 mins downtime bottle jam ex- pasteurizer line; 2 mins stop on the filler inorder to put spring back in place on the chute; 2 mins downtime crown stuck in chute; 2 mins air dryer fault on filler; and 2 mins downtime changing centering cup stem on the packer
B15: =[3]July_2017!$B19 -> 42929 | C15: =[3]July_2017!$D19 -> CARIB (FLINT) | D15: 3600 | E15: 0.32430556 | F15: =SUM([3]July_2017!$J19) -> 252.5 | G15: =SUM([3]July_2017!$F19) -> 3803 | H15: =SUM([3]July_2017!$K19) -> 250.998 | I15: =SUM([3]July_2017!$N19) -> 14 | J15: =SUM([3]July_2017!$Q19) -> 376.53465 | K15: =SUM([3]July_2017!$E19) -> 606 | L15: 418 | M15: 0.78958333 | N15: =SUM([3]July_2017!$M19) -> 210 | Q15: =SUM([3]July_2017!$P19) -> 0.59485149 | S15: =($G15)/(($K15/60)*AE$3*(1/24)) -> 0.60245545 | T15: =($G15)/(($K15/60)*AF$3*(1/24)) -> 0.53157833 | U15: =($G15)*24/($K15/60)/$AE$3 -> 0.60245545 | V15: =($G15)*24/($K15/60)/$AF$3 -> 0.53157833 | W15: =(712-(N15))/712 -> 0.70505618 | X15: 78 mins downtime due to a slip off of the chain on the washer ( kidney drive came off); 43 mins downtime making adjustments to the timing on the washer; 35 mins issue on the washer that resulted in a frequency of bottles been broken at discharge; 11 mins downtime to make adjustments to the kidney assembly; 10 mins downtime making adjustments to the labeller; 6 mins downtime due to bursted soap line on the washer; 4 mins downtime inorder to clean roller on the sealer; 3 mins making adjustments to cartoon sealer; 3 mins downtime crowner self flushing; 3 mins downtime due to a plate close in on the hopper
B16: =[3]July_2017!$B20 -> 42930 | C16: =[3]July_2017!$D20 -> CARIB( AMBER) | D16: 2000 | E16: 0.33611111 | F16: =SUM([3]July_2017!$J20) -> 115.1 | G16: =SUM([3]July_2017!$F20) -> 1723 | H16: =SUM([3]July_2017!$K20) -> 113.718 | I16: =SUM([3]July_2017!$N20) -> 4 | J16: =SUM([3]July_2017!$Q20) -> 511.55635 | K16: =SUM([3]July_2017!$E20) -> 559 | L16: 419 | M16: 0.74166667 | N16: =SUM([3]July_2017!$M20) -> 20 | Q16: =SUM([3]July_2017!$P20) -> 1.200695 | S16: =($G16+G17)/(($K16/60)*AE$3*(1/24)) -> 0.81849016 | T16: =($G16+G17)/(($K16/60)*AF$3*(1/24)) -> 0.7221972 | U16: =($G16+G17)*24/($K16/60)/$AE$3 -> 0.81849016 | V16: =($G16+G17)*24/($K16/60)/$AF$3 -> 0.7221972 | W16: =(634-(N16+N17))/634 -> 0.88328076 | X16: 12 mins downtime due to low PU; 3 mins downtime addressing flagging labels
C17: =[3]July_2017!$D21 -> STARMALT | D17: 2800 | F17: =SUM([3]July_2017!$J21) -> 201.8 | G17: =SUM([3]July_2017!$F21) -> 3043 | H17: =SUM([3]July_2017!$K21) -> 200.838 | I17: =SUM([3]July_2017!$N21) -> 9 | L17: 420 | N17: =SUM([3]July_2017!$M21) -> 54 | O17: =[4]Jul!$I21 -> 24 | Q17: =SUM([3]July_2017!$P21) -> 0.47670961 | X17: 24 mins product change over; 16 mins late start waiting on a rise of temperature on the pasteurizer; 5 mins downtime making adjustments to the labeller; 4 mins downtime due to a slow down of the hyraulics on the pasteurizer
B18: =[3]July_2017!$B22 -> 42931 | C18: =[3]July_2017!$D22 -> STARMALT | D18: 2800 | E18: 0.35 | F18: =SUM([3]July_2017!$J22) -> 197.9 | G18: =SUM([3]July_2017!$F22) -> 2980 | H18: =SUM([3]July_2017!$K22) -> 196.68 | I18: =SUM([3]July_2017!$N22) -> 14 | J18: =SUM([3]July_2017!$Q22) -> 507.95455 | K18: =SUM([3]July_2017!$E22) -> 352 | L18: 421 | M18: 0.60069444 | N18: =SUM([3]July_2017!$M22) -> 72 | O18: =[4]Jul!$I22 -> #REF! | Q18: =SUM([3]July_2017!$P22) -> 0.61647297 | S18: =($G18)/(($K18/60)*AE$3*(1/24)) -> 0.81272727 | T18: =($G18)/(($K18/60)*AF$3*(1/24)) -> 0.7171123 | U18: =($G18)*24/($K18/60)/$AE$3 -> 0.81272727 | V18: =($G18)*24/($K18/60)/$AF$3 -> 0.7171123 | W18: =(409-(N18))/409 -> 0.82396088 | X18: 34 mins late start up due to low temperature on the washer; 10 mins downtime changing centering cup; 7 mins downtime due to temperature issue on the pasteurizer; 4 mins downtime adjusting pasteurizer infeed guide; and 2 mins downtime to tightening letter arm on filler
B19: =[3]July_2017!$B23 -> 42933 | C19: =[3]July_2017!$D23 -> STAG | D19: 5600 | E19: 0.34027778 | F19: =SUM([3]July_2017!$J23) -> 388.7 | G19: =SUM([3]July_2017!$F23) -> 5831 | H19: =SUM([3]July_2017!$K23) -> 387.696 | I19: =SUM([3]July_2017!$N23) -> 55 | J19: =SUM([3]July_2017!$Q23) -> 495.73449 | K19: =SUM([3]July_2017!$E23) -> 919 | M19: 1.0069444 | N19: =SUM([3]July_2017!$M23) -> 122 | O19: =[4]Jul!$I23 -> #REF! | Q19: =SUM([3]July_2017!$P23) -> 0.25829689 | S19: =($G19+G20)/(($K19/60)*AE$3*(1/24)) -> 0.79317519 | T19: =($G19+G20)/(($K19/60)*AF$3*(1/24)) -> 0.69986046 | U19: =($G19+G20)*24/($K19/60)/$AE$3 -> 0.79317519 | V19: =($G19+G20)*24/($K19/60)/$AF$3 -> 0.69986046 | W19: =(1028-(N19+N20))/1028 -> 0.83657588 | X19: 24 mins downtime due to a drop in the product bowl level (low pressure); 20 mins late start due to no air on the filler and crowner; 18 mins downtime addressing missing back labels; 13 mins downtime due to empty crate washer; 10 mins dowtime on the washer to removing short bottles from line; 7 mins downtime due to changing damaged air hose connector on the uncaser; 7 mins downtime due to air dryer fault on filler; 6 mins downtime due to broken rod in crown hopper; 4 mins due to empty hopper; 3 mins downtime due to switching pallet packer; and 3 mins downtime crowner self flushing
C20: =[3]July_2017!$D24 -> CARIB (AMBER) | D20: 1400 | F20: =SUM([3]July_2017!$J24) -> 117 | G20: =SUM([3]July_2017!$F24) -> 1762 | H20: =SUM([3]July_2017!$K24) -> 116.292 | I20: =SUM([3]July_2017!$N24) -> 10 | N20: =SUM([3]July_2017!$M24) -> 46 | O20: =[4]Jul!$I24 -> 9 | Q20: =SUM([3]July_2017!$P24) -> 0.60512821 | X20: 14 mins late start waiting on stag bottles to be cleared on the line; 9 mins product change over; 7 mins downtime crate washer conveyer came off rail; and 5 mins downtime to check leaking centering cup on filler
B21: =[3]July_2017!$B25 -> 42934 | C21: =[3]July_2017!$D25 -> CARIB (FLINT) | D21: 630 | E21: 0.32986111 | F21: =SUM([3]July_2017!$J25) -> 152.7 | G21: =SUM([3]July_2017!$F25) -> 649 | H21: =SUM([3]July_2017!$K25) -> 150.876 | I21: =SUM([3]July_2017!$N25) -> 11 | J21: =SUM([3]July_2017!$Q25) -> 409.43284 | K21: =SUM([3]July_2017!$E25) -> 335 | M21: 0.58819444 | N21: =SUM([3]July_2017!$M25) -> 111 | Q21: =SUM([3]July_2017!$P25) -> 1.194499 | S21: =($G21+G22)/(($K21/60)*AE$3*(1/24)) -> 0.65509254 | T21: =($G21+G22)/(($K21/60)*AF$3*(1/24)) -> 0.57802283 | U21: =($G21+G22)*24/($K21/60)/$AE$3 -> 0.65509254 | V21: =($G21+G22)*24/($K21/60)/$AF$3 -> 0.57802283 | W21: =(847-(N21))/847 -> 0.86894923 | X21: 91 mins downtime due to a broken drive chain on the washer load table; 7 mins downtime due to low air pressure (entire wall); 5 mins downtime due to no air on the filler and also low water pressure on the washer; 4 mins downtime switching bottle type; and 4 mins downtime due to air dryer fault on filler
C22: =[3]July_2017!$D26 -> CARIB (AMBER) | D22: 6370 | G22: =SUM([3]July_2017!$F26) -> 1637 | O22: 4
B23: =[3]July_2017!$B27 -> 42935 | C23: =[3]July_2017!$D27 -> CARIB (AMBER) | E23: 0.41319444 | F23: =SUM([3]July_2017!$J27) -> 252.9 | G23: =SUM([3]July_2017!$F27) -> 3715 | H23: =SUM([3]July_2017!$K27) -> 248.99 | I23: =SUM([3]July_2017!$N27) -> 14 | J23: =SUM([3]July_2017!$Q27) -> 258.58469 | K23: =SUM([3]July_2017!$E27) -> 862 | M23: 0.96180556 | N23: =SUM([3]July_2017!$M27) -> 507 | P23: =[3]July_2017!$H27 -> 0 | Q23: =SUM([3]July_2017!$P27) -> 1.5460656 | S23: =($G23)/(($K23/60)*AE$3*(1/24)) -> 0.4137355 | T23: =($G23)/(($K23/60)*AF$3*(1/24)) -> 0.36506073 | U23: =($G23)*24/($K23/60)/$AE$3 -> 0.4137355 | V23: =($G23)*24/($K23/60)/$AF$3 -> 0.36506073 | W23: =(960-(N23))/960 -> 0.471875 | X23: 100mins PLC communication fault on the Filler; 177mins downtime due to no communication with sidewall 2 & base CPU card. (Swapped back panel for sidewall 2/Base frame grapper & inner-sidewall frame grabber); 192 mins downtime due to burn main drive motor on the washer; 25 mins downtime due to a fault on the PLC communication on the EBI; and 3 mins downtime due to a drop in the bowl level
B24: =[3]July_2017!$B28 -> 42936 | C24: =[3]July_2017!$D28 -> CARIB (AMBER) | D24: 7000 | E24: 0.32291667 | F24: =SUM([3]July_2017!$J28) -> 413.9 | G24: =SUM([3]July_2017!$F28) -> 6192 | H24: =SUM([3]July_2017!$K28) -> 412.472 | I24: =SUM([3]July_2017!$N28) -> 19 | J24: =SUM([3]July_2017!$Q28) -> 465.56391 | K24: =SUM([3]July_2017!$E28) -> 798 | M24: 0.91666667 | N24: =SUM([3]July_2017!$M28) -> 183 | P24: =[3]July_2017!$H28 -> 311 | Q24: =SUM([3]July_2017!$P28) -> 0.34501087 | S24: =($G24)/(($K24/60)*AE$3*(1/24)) -> 0.74490226 | T24: =($G24)/(($K24/60)*AF$3*(1/24)) -> 0.6572667 | U24: =($G24)*24/($K24/60)/$AE$3 -> 0.74490226 | V24: =($G24)*24/($K24/60)/$AF$3 -> 0.6572667 | W24: =(925-(N24))/925 -> 0.80216216 | X24: 142mins downtime due to malfunction on conveyor in-feed to the Labeler. Another 16mins downtime after ex. Pasteurizer line had cut off; 6mins downtime due to low PU. 4mins downtime after tank 4 on the Pasteurizer cut off. 3mins downtime for Labeler start-up adjustments & 4mins adjustments for missing labels. 4mins product delay (empty BBT). 3mins for falling bottles on ex. Labeler line; 2mins for bottle jams on line ex. Pasteurizer.
B25: =[3]July_2017!$B29 -> 42937 | C25: =[3]July_2017!$D29 -> VITAMALT | D25: 6700 | E25: 0.34027778 | F25: =SUM([3]July_2017!$J29) -> 506 | G25: =SUM([3]July_2017!$F29) -> 6740 | H25: =SUM([3]July_2017!$K29) -> 501.456 | I25: =SUM([3]July_2017!$N29) -> 45 | J25: =SUM([3]July_2017!$Q29) -> 451.84358 | K25: =SUM([3]July_2017!$E29) -> 895 | M25: 0.98055556 | N25: =SUM([3]July_2017!$M29) -> 154 | P25: =[3]July_2017!$H29 -> 228 | Q25: =SUM([3]July_2017!$P29) -> 0.89802372 | S25: =($G25)/(($K25/60)*AE$3*(1/24)) -> 0.72294972 | T25: =($G25)/(($K25/60)*AF$3*(1/24)) -> 0.63789681 | U25: =($G25)*24/($K25/60)/$AE$3 -> 0.72294972 | V25: =($G25)*24/($K25/60)/$AF$3 -> 0.63789681 | W25: =(982-(N25))/982 -> 0.84317719 | X25: 65 mins downtime Caustic carry over;15 mins downtime inorder to change date code on the videojet; 10 mins downtime due to low air pressure;10 mins high rejection on the EBI at start up; 7 mins downtime pasteurizer stop to change wire on pump #4; 6 mins downtime lab tech stop labeller for glue usage test; 5 mins downtime EBI side wall back up activated by fallen bottles; 5 mins stop adjusting the PLC sensor on the EBI;5 mins waiting on product; 4 mins air dryer fault on filler; 4 mins for bottle jam on pasteurizer infeed
B26: =[3]July_2017!$B30 -> 42940 | C26: =[3]July_2017!$D30 -> GUINNESS | D26: 7000 | E26: 0.53819444 | F26: =SUM([3]July_2017!$J30) -> 228.2 | G26: =SUM([3]July_2017!$F30) -> 3456 | H26: =SUM([3]July_2017!$K30) -> 228.096 | I26: =SUM([3]July_2017!$N30) -> 29 | J26: =SUM([3]July_2017!$Q30) -> 225.3913 | K26: =SUM([3]July_2017!$E30) -> 920 | M26: 0.99375 | N26: =SUM([3]July_2017!$M30) -> 468 | P26: =[3]July_2017!$H30 -> 16 | Q26: =SUM([3]July_2017!$P30) -> 0.045574058 | S26: =($G26)/(($K26/60)*AE$3*(1/24)) -> 0.36062609 | T26: =($G26)/(($K26/60)*AF$3*(1/24)) -> 0.31819949 | U26: =($G26)*24/($K26/60)/$AE$3 -> 0.36062609 | V26: =($G26)*24/($K26/60)/$AF$3 -> 0.31819949 | W26: =(958-(N26))/958 -> 0.51148225 | X26: 275mins EBI downtime due to a system lag & CPU card non-communication (inspections not working). 43mins downtime repairing the in-feed worm on the Filler. 30mins low steam on the Washer at start-up. 24mins installing new rods in the crown bin. Videojet coder was not printing for 52mins. 15mins downtime on the Pasteurizer caused by sticking hydraulics.
B27: =[3]July_2017!$B31 -> 42941 | C27: =[3]July_2017!$D31 -> GUINNESS | D27: 4200 | E27: 0.57986111 | F27: =SUM([3]July_2017!$J31) -> 357.2 | G27: =SUM([3]July_2017!$F31) -> 5399 | H27: =SUM([3]July_2017!$K31) -> 356.334 | I27: =SUM([3]July_2017!$N31) -> 24 | J27: =SUM([3]July_2017!$Q31) -> 372.34483 | K27: =SUM([3]July_2017!$E31) -> 870 | M27: 1.0354167 | N27: =SUM([3]July_2017!$M31) -> 323 | P27: =[3]July_2017!$H31 -> 190 | Q27: =SUM([3]July_2017!$P31) -> 0.24244121 | S27: =($G27)/(($K27/60)*AE$3*(1/24)) -> 0.59575172 | T27: =($G27)/(($K27/60)*AF$3*(1/24)) -> 0.52566329 | U27: =($G27)*24/($K27/60)/$AE$3 -> 0.59575172 | V27: =($G27)*24/($K27/60)/$AF$3 -> 0.52566329 | W27: =(956-(N27))/956 -> 0.66213389 | X27: 210mins EBI downtime due to CPU card malfunctioning & disabling parameters. 25mins Packer adjustments to fingers & cups. 23mins downtime for jammed bottles on in-feed line to the Pasteurizer. 13mins Labeler adjustments for missing neck back & body labels. 13mins draining water from the filling bowl. Videojet coder wasn't printing for 8mins. 7mins low air pressure on the Filler; 5mins for stuck crowns; 6mins flushing the crowner; 5mins air dryer fault.
B28: =[3]July_2017!$B32 -> 42942 | C28: =[3]July_2017!$D32 -> GUINNESS | D28: 2345 | E28: 0.375 | F28: =SUM([3]July_2017!$J32) -> 143.8 | G28: =SUM([3]July_2017!$F32) -> 2163 | H28: =SUM([3]July_2017!$K32) -> 142.758 | I28: =SUM([3]July_2017!$N32) -> 6.5 | J28: =SUM([3]July_2017!$Q32) -> 482.47826 | K28: =SUM([3]July_2017!$E32) -> 920 | M28: 0.99375 | N28: =SUM([3]July_2017!$M32) -> 83 | P28: =[3]July_2017!$H32 -> 0 | Q28: =SUM([3]July_2017!$P32) -> 0.72461752 | S28: =($G28+G29)/(($K28/60)*AE$3*(1/24)) -> 0.77196522 | T28: =($G28+G29)/(($K28/60)*AF$3*(1/24)) -> 0.68114578 | U28: =($G28+G29)*24/($K28/60)/$AE$3 -> 0.77196522 | V28: =($G28+G29)*24/($K28/60)/$AF$3 -> 0.68114578 | W28: =(1005-(N28+N29))/1005 -> 0.7840796 | X28: 50mins adjustments on the Washer's label extractor; 20mins for EBI PLC communication error. 4mins Labeler adjustments for missing neck labels.
C29: =[3]July_2017!$D33 -> CARIB | D29: 5250 | F29: =SUM([3]July_2017!$J33) -> 371.5 | G29: =SUM([3]July_2017!$F33) -> 5235 | H29: =SUM([3]July_2017!$K33) -> 367.74 | I29: =SUM([3]July_2017!$N33) -> 22 | N29: =SUM([3]July_2017!$M33) -> 134 | O29: =[4]Jul!$I32 -> 62 | P29: =[3]July_2017!$H33 -> 0 | Q29: =SUM([3]July_2017!$P33) -> 1.0121131 | X29: 62mins change-over downtime. 18mins downtime for bottle jams on Pasteurizer in-feed line. 13mins low CO2 on the Filler; 9mins air dryer fault; 6mins for stuck crowns & 6mins flushing the crowner.
